2026-05-25 09:13:11 | INFO | Config path: configs/pretrain/atas_imagenet.yaml
2026-05-25 09:13:11 | INFO | Using device: cuda:0
2026-05-25 09:13:11 | INFO | distributed=True, rank=0, world_size=4
2026-05-25 09:13:14 | INFO | Dataset size: 1281167
2026-05-25 09:13:23 | INFO | epoch=1 step=20/8897 global_step=20 loss=2.585355 gld=2.517022 lld=0.017721 ggd=0.068156 lr=1.000000e-05
2026-05-25 09:13:27 | INFO | epoch=1 step=40/8897 global_step=40 loss=2.000853 gld=1.932739 lld=0.018221 ggd=0.067931 lr=1.000000e-05
2026-05-25 09:13:31 | INFO | epoch=1 step=60/8897 global_step=60 loss=1.358534 gld=1.299127 lld=0.020686 ggd=0.059201 lr=1.000000e-05
2026-05-25 09:13:35 | INFO | epoch=1 step=80/8897 global_step=80 loss=0.967799 gld=0.920105 lld=0.029408 ggd=0.047400 lr=1.000000e-05
2026-05-25 09:13:40 | INFO | epoch=1 step=100/8897 global_step=100 loss=0.739785 gld=0.695884 lld=0.024720 ggd=0.043654 lr=1.000000e-05
2026-05-25 09:13:44 | INFO | epoch=1 step=120/8897 global_step=120 loss=0.715536 gld=0.661879 lld=0.026968 ggd=0.053387 lr=1.000000e-05
2026-05-25 09:13:49 | INFO | epoch=1 step=140/8897 global_step=140 loss=0.568106 gld=0.516876 lld=0.032389 ggd=0.050906 lr=1.000000e-05
2026-05-25 09:13:53 | INFO | epoch=1 step=160/8897 global_step=160 loss=0.440013 gld=0.406035 lld=0.028300 ggd=0.033695 lr=1.000000e-05
2026-05-25 09:13:58 | INFO | epoch=1 step=180/8897 global_step=180 loss=0.472655 gld=0.440757 lld=0.027428 ggd=0.031623 lr=1.000000e-05
2026-05-25 09:14:02 | INFO | epoch=1 step=200/8897 global_step=200 loss=0.434604 gld=0.388219 lld=0.031302 ggd=0.046072 lr=1.000000e-05
2026-05-25 09:14:07 | INFO | epoch=1 step=220/8897 global_step=220 loss=0.397201 gld=0.357768 lld=0.029169 ggd=0.039142 lr=1.000000e-05
2026-05-25 09:14:11 | INFO | epoch=1 step=240/8897 global_step=240 loss=0.321973 gld=0.289771 lld=0.031557 ggd=0.031886 lr=1.000000e-05
2026-05-25 09:14:16 | INFO | epoch=1 step=260/8897 global_step=260 loss=0.323381 gld=0.278190 lld=0.029617 ggd=0.044895 lr=1.000000e-05
2026-05-25 09:14:20 | INFO | epoch=1 step=280/8897 global_step=280 loss=0.319872 gld=0.282750 lld=0.030986 ggd=0.036813 lr=1.000000e-05
2026-05-25 09:14:25 | INFO | epoch=1 step=300/8897 global_step=300 loss=0.337840 gld=0.294856 lld=0.029568 ggd=0.042689 lr=1.000000e-05
2026-05-25 09:14:29 | INFO | epoch=1 step=320/8897 global_step=320 loss=0.328081 gld=0.291829 lld=0.030019 ggd=0.035952 lr=1.000000e-05
2026-05-25 09:14:34 | INFO | epoch=1 step=340/8897 global_step=340 loss=0.310844 gld=0.281462 lld=0.029014 ggd=0.029092 lr=1.000000e-05
2026-05-25 09:14:38 | INFO | epoch=1 step=360/8897 global_step=360 loss=0.302003 gld=0.265533 lld=0.030216 ggd=0.036167 lr=1.000000e-05
2026-05-25 09:14:42 | INFO | epoch=1 step=380/8897 global_step=380 loss=0.297016 gld=0.261402 lld=0.027790 ggd=0.035336 lr=1.000000e-05
2026-05-25 09:14:46 | INFO | epoch=1 step=400/8897 global_step=400 loss=0.271369 gld=0.234016 lld=0.032050 ggd=0.037033 lr=1.000000e-05
2026-05-25 09:14:51 | INFO | epoch=1 step=420/8897 global_step=420 loss=0.325989 gld=0.283288 lld=0.027605 ggd=0.042425 lr=1.000000e-05
2026-05-25 09:14:55 | INFO | epoch=1 step=440/8897 global_step=440 loss=0.215553 gld=0.186302 lld=0.028194 ggd=0.028968 lr=1.000000e-05
2026-05-25 09:15:00 | INFO | epoch=1 step=460/8897 global_step=460 loss=0.246487 gld=0.217390 lld=0.027009 ggd=0.028827 lr=1.000000e-05
2026-05-25 09:15:04 | INFO | epoch=1 step=480/8897 global_step=480 loss=0.246069 gld=0.209612 lld=0.028092 ggd=0.036176 lr=1.000000e-05
2026-05-25 09:15:09 | INFO | epoch=1 step=500/8897 global_step=500 loss=0.263486 gld=0.228255 lld=0.030480 ggd=0.034927 lr=1.000000e-05
2026-05-25 09:15:13 | INFO | epoch=1 step=520/8897 global_step=520 loss=0.252985 gld=0.222358 lld=0.031640 ggd=0.030311 lr=1.000000e-05
2026-05-25 09:15:17 | INFO | epoch=1 step=540/8897 global_step=540 loss=0.234250 gld=0.202179 lld=0.030682 ggd=0.031764 lr=1.000000e-05
2026-05-25 09:15:22 | INFO | epoch=1 step=560/8897 global_step=560 loss=0.266751 gld=0.231682 lld=0.029485 ggd=0.034774 lr=1.000000e-05
2026-05-25 09:15:26 | INFO | epoch=1 step=580/8897 global_step=580 loss=0.262830 gld=0.218867 lld=0.030458 ggd=0.043659 lr=1.000000e-05
2026-05-25 09:15:30 | INFO | epoch=1 step=600/8897 global_step=600 loss=0.218444 gld=0.188420 lld=0.028035 ggd=0.029744 lr=1.000000e-05
2026-05-25 09:15:35 | INFO | epoch=1 step=620/8897 global_step=620 loss=0.257865 gld=0.220992 lld=0.028760 ggd=0.036585 lr=1.000000e-05
2026-05-25 09:15:39 | INFO | epoch=1 step=640/8897 global_step=640 loss=0.198918 gld=0.169487 lld=0.028445 ggd=0.029147 lr=1.000000e-05
2026-05-25 09:15:44 | INFO | epoch=1 step=660/8897 global_step=660 loss=0.243437 gld=0.205490 lld=0.029624 ggd=0.037650 lr=1.000000e-05
2026-05-25 09:15:48 | INFO | epoch=1 step=680/8897 global_step=680 loss=0.225435 gld=0.193992 lld=0.029165 ggd=0.031152 lr=1.000000e-05
2026-05-25 09:15:52 | INFO | epoch=1 step=700/8897 global_step=700 loss=0.198290 gld=0.170286 lld=0.031672 ggd=0.027687 lr=1.000000e-05
2026-05-25 09:15:57 | INFO | epoch=1 step=720/8897 global_step=720 loss=0.218530 gld=0.185184 lld=0.029175 ggd=0.033055 lr=1.000000e-05
2026-05-25 09:16:01 | INFO | epoch=1 step=740/8897 global_step=740 loss=0.174429 gld=0.149334 lld=0.030459 ggd=0.024790 lr=1.000000e-05
2026-05-25 09:16:06 | INFO | epoch=1 step=760/8897 global_step=760 loss=0.241935 gld=0.209548 lld=0.031255 ggd=0.032074 lr=1.000000e-05
2026-05-25 09:16:10 | INFO | epoch=1 step=780/8897 global_step=780 loss=0.207547 gld=0.178046 lld=0.029528 ggd=0.029205 lr=1.000000e-05
2026-05-25 09:16:15 | INFO | epoch=1 step=800/8897 global_step=800 loss=0.178396 gld=0.155945 lld=0.030818 ggd=0.022143 lr=1.000000e-05
2026-05-25 09:16:19 | INFO | epoch=1 step=820/8897 global_step=820 loss=0.207607 gld=0.180768 lld=0.026934 ggd=0.026569 lr=1.000000e-05
2026-05-25 09:16:24 | INFO | epoch=1 step=840/8897 global_step=840 loss=0.228841 gld=0.193620 lld=0.030601 ggd=0.034914 lr=1.000000e-05
2026-05-25 09:16:28 | INFO | epoch=1 step=860/8897 global_step=860 loss=0.238995 gld=0.200970 lld=0.028568 ggd=0.037740 lr=1.000000e-05
2026-05-25 09:16:33 | INFO | epoch=1 step=880/8897 global_step=880 loss=0.254579 gld=0.212919 lld=0.028162 ggd=0.041379 lr=1.000000e-05
2026-05-25 09:16:37 | INFO | epoch=1 step=900/8897 global_step=900 loss=0.171388 gld=0.145824 lld=0.031744 ggd=0.025246 lr=1.000000e-05
2026-05-25 09:16:42 | INFO | epoch=1 step=920/8897 global_step=920 loss=0.165265 gld=0.133855 lld=0.027646 ggd=0.031133 lr=1.000000e-05
2026-05-25 09:16:46 | INFO | epoch=1 step=940/8897 global_step=940 loss=0.182746 gld=0.154371 lld=0.028987 ggd=0.028085 lr=1.000000e-05
2026-05-25 09:16:51 | INFO | epoch=1 step=960/8897 global_step=960 loss=0.196747 gld=0.164315 lld=0.026560 ggd=0.032167 lr=1.000000e-05
2026-05-25 09:16:55 | INFO | epoch=1 step=980/8897 global_step=980 loss=0.189801 gld=0.157270 lld=0.029340 ggd=0.032238 lr=1.000000e-05
2026-05-25 09:17:00 | INFO | epoch=1 step=1000/8897 global_step=1000 loss=0.168569 gld=0.138022 lld=0.025964 ggd=0.030287 lr=1.000000e-05
2026-05-25 09:17:04 | INFO | epoch=1 step=1020/8897 global_step=1020 loss=0.191975 gld=0.165866 lld=0.027803 ggd=0.025832 lr=1.000000e-05
2026-05-25 09:17:08 | INFO | epoch=1 step=1040/8897 global_step=1040 loss=0.180563 gld=0.153400 lld=0.028793 ggd=0.026875 lr=1.000000e-05
2026-05-25 09:17:13 | INFO | epoch=1 step=1060/8897 global_step=1060 loss=0.160136 gld=0.138363 lld=0.028359 ggd=0.021489 lr=1.000000e-05
2026-05-25 09:17:17 | INFO | epoch=1 step=1080/8897 global_step=1080 loss=0.164806 gld=0.141205 lld=0.026993 ggd=0.023331 lr=1.000000e-05
2026-05-25 09:17:22 | INFO | epoch=1 step=1100/8897 global_step=1100 loss=0.221997 gld=0.188354 lld=0.029276 ggd=0.033350 lr=1.000000e-05
2026-05-25 09:17:26 | INFO | epoch=1 step=1120/8897 global_step=1120 loss=0.136318 gld=0.111672 lld=0.030284 ggd=0.024343 lr=1.000000e-05
2026-05-25 09:17:30 | INFO | epoch=1 step=1140/8897 global_step=1140 loss=0.171072 gld=0.142286 lld=0.028190 ggd=0.028505 lr=1.000000e-05
2026-05-25 09:17:35 | INFO | epoch=1 step=1160/8897 global_step=1160 loss=0.166124 gld=0.135383 lld=0.029894 ggd=0.030442 lr=1.000000e-05
2026-05-25 09:17:39 | INFO | epoch=1 step=1180/8897 global_step=1180 loss=0.151997 gld=0.124855 lld=0.027543 ggd=0.026866 lr=1.000000e-05
2026-05-25 09:17:44 | INFO | epoch=1 step=1200/8897 global_step=1200 loss=0.187031 gld=0.158932 lld=0.029786 ggd=0.027801 lr=1.000000e-05
2026-05-25 09:17:48 | INFO | epoch=1 step=1220/8897 global_step=1220 loss=0.208254 gld=0.168591 lld=0.028484 ggd=0.039378 lr=1.000000e-05
2026-05-25 09:17:53 | INFO | epoch=1 step=1240/8897 global_step=1240 loss=0.162233 gld=0.135877 lld=0.027207 ggd=0.026084 lr=1.000000e-05
2026-05-25 09:17:57 | INFO | epoch=1 step=1260/8897 global_step=1260 loss=0.204130 gld=0.171617 lld=0.027234 ggd=0.032241 lr=1.000000e-05
2026-05-25 09:18:02 | INFO | epoch=1 step=1280/8897 global_step=1280 loss=0.142506 gld=0.117761 lld=0.030053 ggd=0.024445 lr=1.000000e-05
2026-05-25 09:18:06 | INFO | epoch=1 step=1300/8897 global_step=1300 loss=0.184848 gld=0.143072 lld=0.029689 ggd=0.041479 lr=1.000000e-05
2026-05-25 09:18:11 | INFO | epoch=1 step=1320/8897 global_step=1320 loss=0.155903 gld=0.129043 lld=0.028496 ggd=0.026575 lr=1.000000e-05
2026-05-25 09:18:15 | INFO | epoch=1 step=1340/8897 global_step=1340 loss=0.178960 gld=0.152547 lld=0.027949 ggd=0.026134 lr=1.000000e-05
2026-05-25 09:18:19 | INFO | epoch=1 step=1360/8897 global_step=1360 loss=0.176394 gld=0.145500 lld=0.029409 ggd=0.030600 lr=1.000000e-05
2026-05-25 09:18:23 | INFO | epoch=1 step=1380/8897 global_step=1380 loss=0.145748 gld=0.121869 lld=0.025918 ggd=0.023620 lr=1.000000e-05
2026-05-25 09:18:28 | INFO | epoch=1 step=1400/8897 global_step=1400 loss=0.164800 gld=0.133597 lld=0.026658 ggd=0.030937 lr=1.000000e-05
2026-05-25 09:18:32 | INFO | epoch=1 step=1420/8897 global_step=1420 loss=0.177128 gld=0.147717 lld=0.023901 ggd=0.029171 lr=1.000000e-05
2026-05-25 09:18:36 | INFO | epoch=1 step=1440/8897 global_step=1440 loss=0.156484 gld=0.128151 lld=0.027240 ggd=0.028060 lr=1.000000e-05
2026-05-25 09:18:41 | INFO | epoch=1 step=1460/8897 global_step=1460 loss=0.187926 gld=0.160269 lld=0.031551 ggd=0.027341 lr=1.000000e-05
2026-05-25 09:18:45 | INFO | epoch=1 step=1480/8897 global_step=1480 loss=0.158153 gld=0.127579 lld=0.028156 ggd=0.030293 lr=1.000000e-05
2026-05-25 09:18:50 | INFO | epoch=1 step=1500/8897 global_step=1500 loss=0.174819 gld=0.143240 lld=0.031039 ggd=0.031269 lr=1.000000e-05
2026-05-25 09:18:54 | INFO | epoch=1 step=1520/8897 global_step=1520 loss=0.198022 gld=0.162097 lld=0.027009 ggd=0.035656 lr=1.000000e-05
2026-05-25 09:18:59 | INFO | epoch=1 step=1540/8897 global_step=1540 loss=0.180433 gld=0.148705 lld=0.028265 ggd=0.031446 lr=1.000000e-05
2026-05-25 09:19:03 | INFO | epoch=1 step=1560/8897 global_step=1560 loss=0.173373 gld=0.139586 lld=0.029006 ggd=0.033496 lr=1.000000e-05
2026-05-25 09:19:08 | INFO | epoch=1 step=1580/8897 global_step=1580 loss=0.164582 gld=0.141609 lld=0.025284 ggd=0.022720 lr=1.000000e-05
2026-05-25 09:19:12 | INFO | epoch=1 step=1600/8897 global_step=1600 loss=0.140557 gld=0.114997 lld=0.028133 ggd=0.025279 lr=1.000000e-05
2026-05-25 09:19:17 | INFO | epoch=1 step=1620/8897 global_step=1620 loss=0.252602 gld=0.202450 lld=0.028906 ggd=0.049863 lr=1.000000e-05
2026-05-25 09:19:21 | INFO | epoch=1 step=1640/8897 global_step=1640 loss=0.157403 gld=0.131147 lld=0.030407 ggd=0.025952 lr=1.000000e-05
2026-05-25 09:19:26 | INFO | epoch=1 step=1660/8897 global_step=1660 loss=0.182837 gld=0.146295 lld=0.031221 ggd=0.036230 lr=1.000000e-05
2026-05-25 09:19:30 | INFO | epoch=1 step=1680/8897 global_step=1680 loss=0.185323 gld=0.157680 lld=0.027942 ggd=0.027363 lr=1.000000e-05
2026-05-25 09:19:35 | INFO | epoch=1 step=1700/8897 global_step=1700 loss=0.154964 gld=0.125085 lld=0.027941 ggd=0.029599 lr=1.000000e-05
2026-05-25 09:19:39 | INFO | epoch=1 step=1720/8897 global_step=1720 loss=0.161860 gld=0.132736 lld=0.029298 ggd=0.028831 lr=1.000000e-05
2026-05-25 09:19:44 | INFO | epoch=1 step=1740/8897 global_step=1740 loss=0.121562 gld=0.094985 lld=0.027329 ggd=0.026304 lr=1.000000e-05
2026-05-25 09:19:48 | INFO | epoch=1 step=1760/8897 global_step=1760 loss=0.181349 gld=0.150835 lld=0.029399 ggd=0.030220 lr=1.000000e-05
2026-05-25 09:19:52 | INFO | epoch=1 step=1780/8897 global_step=1780 loss=0.157588 gld=0.122580 lld=0.028272 ggd=0.034725 lr=1.000000e-05
2026-05-25 09:19:57 | INFO | epoch=1 step=1800/8897 global_step=1800 loss=0.171008 gld=0.140548 lld=0.028824 ggd=0.030172 lr=1.000000e-05
2026-05-25 09:20:01 | INFO | epoch=1 step=1820/8897 global_step=1820 loss=0.180732 gld=0.150555 lld=0.029986 ggd=0.029877 lr=1.000000e-05
2026-05-25 09:20:06 | INFO | epoch=1 step=1840/8897 global_step=1840 loss=0.127551 gld=0.100559 lld=0.026686 ggd=0.026724 lr=1.000000e-05
2026-05-25 09:20:10 | INFO | epoch=1 step=1860/8897 global_step=1860 loss=0.149329 gld=0.117160 lld=0.027607 ggd=0.031893 lr=1.000000e-05
2026-05-25 09:20:15 | INFO | epoch=1 step=1880/8897 global_step=1880 loss=0.173285 gld=0.143472 lld=0.028755 ggd=0.029526 lr=1.000000e-05
2026-05-25 09:20:19 | INFO | epoch=1 step=1900/8897 global_step=1900 loss=0.139946 gld=0.111678 lld=0.027445 ggd=0.027994 lr=1.000000e-05
2026-05-25 09:20:24 | INFO | epoch=1 step=1920/8897 global_step=1920 loss=0.158542 gld=0.130903 lld=0.028683 ggd=0.027352 lr=1.000000e-05
2026-05-25 09:20:28 | INFO | epoch=1 step=1940/8897 global_step=1940 loss=0.163017 gld=0.128885 lld=0.026578 ggd=0.033866 lr=1.000000e-05
2026-05-25 09:20:32 | INFO | epoch=1 step=1960/8897 global_step=1960 loss=0.188973 gld=0.162089 lld=0.028412 ggd=0.026600 lr=1.000000e-05
2026-05-25 09:20:37 | INFO | epoch=1 step=1980/8897 global_step=1980 loss=0.141800 gld=0.113391 lld=0.028977 ggd=0.028119 lr=1.000000e-05
2026-05-25 09:20:41 | INFO | epoch=1 step=2000/8897 global_step=2000 loss=0.154913 gld=0.127045 lld=0.027952 ggd=0.027588 lr=1.000000e-05
2026-05-25 09:20:46 | INFO | epoch=1 step=2020/8897 global_step=2020 loss=0.128484 gld=0.103599 lld=0.025334 ggd=0.024632 lr=1.000000e-05
2026-05-25 09:20:50 | INFO | epoch=1 step=2040/8897 global_step=2040 loss=0.125720 gld=0.102489 lld=0.026915 ggd=0.022961 lr=1.000000e-05
2026-05-25 09:20:55 | INFO | epoch=1 step=2060/8897 global_step=2060 loss=0.122984 gld=0.098857 lld=0.023315 ggd=0.023895 lr=1.000000e-05
2026-05-25 09:20:59 | INFO | epoch=1 step=2080/8897 global_step=2080 loss=0.182981 gld=0.153278 lld=0.028185 ggd=0.029422 lr=1.000000e-05
2026-05-25 09:21:04 | INFO | epoch=1 step=2100/8897 global_step=2100 loss=0.132006 gld=0.107702 lld=0.026758 ggd=0.024036 lr=1.000000e-05
2026-05-25 09:21:08 | INFO | epoch=1 step=2120/8897 global_step=2120 loss=0.128538 gld=0.100560 lld=0.027963 ggd=0.027699 lr=1.000000e-05
2026-05-25 09:21:13 | INFO | epoch=1 step=2140/8897 global_step=2140 loss=0.114131 gld=0.090358 lld=0.029475 ggd=0.023478 lr=1.000000e-05
2026-05-25 09:21:17 | INFO | epoch=1 step=2160/8897 global_step=2160 loss=0.120822 gld=0.092974 lld=0.025337 ggd=0.027595 lr=1.000000e-05
2026-05-25 09:21:21 | INFO | epoch=1 step=2180/8897 global_step=2180 loss=0.141858 gld=0.116978 lld=0.027849 ggd=0.024602 lr=1.000000e-05
2026-05-25 09:21:26 | INFO | epoch=1 step=2200/8897 global_step=2200 loss=0.147770 gld=0.126178 lld=0.027688 ggd=0.021315 lr=1.000000e-05
2026-05-25 09:21:30 | INFO | epoch=1 step=2220/8897 global_step=2220 loss=0.123157 gld=0.094862 lld=0.025256 ggd=0.028043 lr=1.000000e-05
2026-05-25 09:21:34 | INFO | epoch=1 step=2240/8897 global_step=2240 loss=0.141329 gld=0.112929 lld=0.029463 ggd=0.028105 lr=1.000000e-05
2026-05-25 09:21:39 | INFO | epoch=1 step=2260/8897 global_step=2260 loss=0.147220 gld=0.120646 lld=0.028249 ggd=0.026291 lr=1.000000e-05
2026-05-25 09:21:43 | INFO | epoch=1 step=2280/8897 global_step=2280 loss=0.144398 gld=0.114079 lld=0.029673 ggd=0.030023 lr=1.000000e-05
2026-05-25 09:21:48 | INFO | epoch=1 step=2300/8897 global_step=2300 loss=0.127489 gld=0.103138 lld=0.026282 ggd=0.024088 lr=1.000000e-05
2026-05-25 09:21:52 | INFO | epoch=1 step=2320/8897 global_step=2320 loss=0.118641 gld=0.095191 lld=0.028272 ggd=0.023167 lr=1.000000e-05
2026-05-25 09:21:57 | INFO | epoch=1 step=2340/8897 global_step=2340 loss=0.132591 gld=0.104319 lld=0.026560 ggd=0.028007 lr=1.000000e-05
2026-05-25 09:22:01 | INFO | epoch=1 step=2360/8897 global_step=2360 loss=0.141150 gld=0.116956 lld=0.026344 ggd=0.023931 lr=1.000000e-05
2026-05-25 09:22:06 | INFO | epoch=1 step=2380/8897 global_step=2380 loss=0.142352 gld=0.116590 lld=0.025074 ggd=0.025511 lr=1.000000e-05
2026-05-25 09:22:10 | INFO | epoch=1 step=2400/8897 global_step=2400 loss=0.114036 gld=0.091258 lld=0.024332 ggd=0.022535 lr=1.000000e-05
2026-05-25 09:22:15 | INFO | epoch=1 step=2420/8897 global_step=2420 loss=0.117357 gld=0.094394 lld=0.026988 ggd=0.022693 lr=1.000000e-05
2026-05-25 09:22:19 | INFO | epoch=1 step=2440/8897 global_step=2440 loss=0.145873 gld=0.114918 lld=0.032127 ggd=0.030634 lr=1.000000e-05
2026-05-25 09:22:23 | INFO | epoch=1 step=2460/8897 global_step=2460 loss=0.134245 gld=0.107123 lld=0.027093 ggd=0.026851 lr=1.000000e-05
2026-05-25 09:22:28 | INFO | epoch=1 step=2480/8897 global_step=2480 loss=0.134677 gld=0.109435 lld=0.027360 ggd=0.024968 lr=1.000000e-05
2026-05-25 09:22:32 | INFO | epoch=1 step=2500/8897 global_step=2500 loss=0.134410 gld=0.104819 lld=0.026272 ggd=0.029328 lr=1.000000e-05
2026-05-25 09:22:36 | INFO | epoch=1 step=2520/8897 global_step=2520 loss=0.128341 gld=0.102868 lld=0.028635 ggd=0.025186 lr=1.000000e-05
2026-05-25 09:22:41 | INFO | epoch=1 step=2540/8897 global_step=2540 loss=0.119191 gld=0.094564 lld=0.025395 ggd=0.024373 lr=1.000000e-05
2026-05-25 09:22:45 | INFO | epoch=1 step=2560/8897 global_step=2560 loss=0.167426 gld=0.136177 lld=0.026816 ggd=0.030980 lr=1.000000e-05
2026-05-25 09:22:50 | INFO | epoch=1 step=2580/8897 global_step=2580 loss=0.168112 gld=0.129252 lld=0.026185 ggd=0.038598 lr=1.000000e-05
2026-05-25 09:22:54 | INFO | epoch=1 step=2600/8897 global_step=2600 loss=0.137681 gld=0.108091 lld=0.027228 ggd=0.029318 lr=1.000000e-05
2026-05-25 09:22:59 | INFO | epoch=1 step=2620/8897 global_step=2620 loss=0.143547 gld=0.112870 lld=0.027464 ggd=0.030403 lr=1.000000e-05
2026-05-25 09:23:03 | INFO | epoch=1 step=2640/8897 global_step=2640 loss=0.143733 gld=0.110348 lld=0.026856 ggd=0.033116 lr=1.000000e-05
2026-05-25 09:23:08 | INFO | epoch=1 step=2660/8897 global_step=2660 loss=0.136496 gld=0.108082 lld=0.028125 ggd=0.028133 lr=1.000000e-05
2026-05-25 09:23:12 | INFO | epoch=1 step=2680/8897 global_step=2680 loss=0.128174 gld=0.099212 lld=0.027716 ggd=0.028685 lr=1.000000e-05
2026-05-25 09:23:17 | INFO | epoch=1 step=2700/8897 global_step=2700 loss=0.102753 gld=0.079455 lld=0.028532 ggd=0.023012 lr=1.000000e-05
2026-05-25 09:23:21 | INFO | epoch=1 step=2720/8897 global_step=2720 loss=0.125394 gld=0.101707 lld=0.026836 ggd=0.023419 lr=1.000000e-05
2026-05-25 09:23:26 | INFO | epoch=1 step=2740/8897 global_step=2740 loss=0.163979 gld=0.132433 lld=0.029239 ggd=0.031253 lr=1.000000e-05
2026-05-25 09:23:30 | INFO | epoch=1 step=2760/8897 global_step=2760 loss=0.133407 gld=0.103152 lld=0.027394 ggd=0.029980 lr=1.000000e-05
2026-05-25 09:23:35 | INFO | epoch=1 step=2780/8897 global_step=2780 loss=0.182870 gld=0.142725 lld=0.032636 ggd=0.039819 lr=1.000000e-05
2026-05-25 09:23:39 | INFO | epoch=1 step=2800/8897 global_step=2800 loss=0.147465 gld=0.115203 lld=0.028810 ggd=0.031974 lr=1.000000e-05
2026-05-25 09:23:43 | INFO | epoch=1 step=2820/8897 global_step=2820 loss=0.117221 gld=0.091929 lld=0.028490 ggd=0.025006 lr=1.000000e-05
2026-05-25 09:23:48 | INFO | epoch=1 step=2840/8897 global_step=2840 loss=0.138404 gld=0.106085 lld=0.024656 ggd=0.032073 lr=1.000000e-05
2026-05-25 09:23:53 | INFO | epoch=1 step=2860/8897 global_step=2860 loss=0.141607 gld=0.108075 lld=0.027263 ggd=0.033260 lr=1.000000e-05
2026-05-25 09:23:57 | INFO | epoch=1 step=2880/8897 global_step=2880 loss=0.129915 gld=0.101869 lld=0.026385 ggd=0.027782 lr=1.000000e-05
2026-05-25 09:24:01 | INFO | epoch=1 step=2900/8897 global_step=2900 loss=0.148688 gld=0.118973 lld=0.028071 ggd=0.029434 lr=1.000000e-05
2026-05-25 09:24:06 | INFO | epoch=1 step=2920/8897 global_step=2920 loss=0.146059 gld=0.115388 lld=0.028141 ggd=0.030390 lr=1.000000e-05
2026-05-25 09:24:10 | INFO | epoch=1 step=2940/8897 global_step=2940 loss=0.113882 gld=0.089128 lld=0.026982 ggd=0.024485 lr=1.000000e-05
2026-05-25 09:24:15 | INFO | epoch=1 step=2960/8897 global_step=2960 loss=0.130443 gld=0.103430 lld=0.027910 ggd=0.026733 lr=1.000000e-05
2026-05-25 09:24:19 | INFO | epoch=1 step=2980/8897 global_step=2980 loss=0.121273 gld=0.093235 lld=0.029212 ggd=0.027746 lr=1.000000e-05
2026-05-25 09:24:23 | INFO | epoch=1 step=3000/8897 global_step=3000 loss=0.143625 gld=0.107794 lld=0.026889 ggd=0.035562 lr=1.000000e-05
2026-05-25 09:24:28 | INFO | epoch=1 step=3020/8897 global_step=3020 loss=0.133075 gld=0.101353 lld=0.027616 ggd=0.031446 lr=1.000000e-05
2026-05-25 09:24:32 | INFO | epoch=1 step=3040/8897 global_step=3040 loss=0.127815 gld=0.098670 lld=0.028289 ggd=0.028862 lr=1.000000e-05
2026-05-25 09:24:36 | INFO | epoch=1 step=3060/8897 global_step=3060 loss=0.127845 gld=0.099494 lld=0.026965 ggd=0.028082 lr=1.000000e-05
2026-05-25 09:24:41 | INFO | epoch=1 step=3080/8897 global_step=3080 loss=0.145916 gld=0.118022 lld=0.026437 ggd=0.027630 lr=1.000000e-05
2026-05-25 09:24:45 | INFO | epoch=1 step=3100/8897 global_step=3100 loss=0.133774 gld=0.106400 lld=0.025365 ggd=0.027120 lr=1.000000e-05
2026-05-25 09:24:50 | INFO | epoch=1 step=3120/8897 global_step=3120 loss=0.137815 gld=0.110463 lld=0.026678 ggd=0.027086 lr=1.000000e-05
2026-05-25 09:24:54 | INFO | epoch=1 step=3140/8897 global_step=3140 loss=0.125901 gld=0.101703 lld=0.026758 ggd=0.023930 lr=1.000000e-05
2026-05-25 09:24:59 | INFO | epoch=1 step=3160/8897 global_step=3160 loss=0.110227 gld=0.085236 lld=0.028988 ggd=0.024701 lr=1.000000e-05
2026-05-25 09:25:03 | INFO | epoch=1 step=3180/8897 global_step=3180 loss=0.115115 gld=0.087603 lld=0.026505 ggd=0.027247 lr=1.000000e-05
2026-05-25 09:25:08 | INFO | epoch=1 step=3200/8897 global_step=3200 loss=0.127901 gld=0.095954 lld=0.029489 ggd=0.031652 lr=1.000000e-05
2026-05-25 09:25:12 | INFO | epoch=1 step=3220/8897 global_step=3220 loss=0.121156 gld=0.095220 lld=0.026306 ggd=0.025674 lr=1.000000e-05
2026-05-25 09:25:16 | INFO | epoch=1 step=3240/8897 global_step=3240 loss=0.137101 gld=0.110662 lld=0.027223 ggd=0.026166 lr=1.000000e-05
2026-05-25 09:25:21 | INFO | epoch=1 step=3260/8897 global_step=3260 loss=0.119047 gld=0.091099 lld=0.027590 ggd=0.027672 lr=1.000000e-05
2026-05-25 09:25:25 | INFO | epoch=1 step=3280/8897 global_step=3280 loss=0.131094 gld=0.101772 lld=0.024106 ggd=0.029081 lr=1.000000e-05
2026-05-25 09:25:29 | INFO | epoch=1 step=3300/8897 global_step=3300 loss=0.139396 gld=0.111908 lld=0.028643 ggd=0.027201 lr=1.000000e-05
2026-05-25 09:25:34 | INFO | epoch=1 step=3320/8897 global_step=3320 loss=0.153491 gld=0.119331 lld=0.026484 ggd=0.033895 lr=1.000000e-05
2026-05-25 09:25:38 | INFO | epoch=1 step=3340/8897 global_step=3340 loss=0.107963 gld=0.085402 lld=0.029229 ggd=0.022269 lr=1.000000e-05
2026-05-25 09:25:43 | INFO | epoch=1 step=3360/8897 global_step=3360 loss=0.157832 gld=0.131505 lld=0.026832 ggd=0.026058 lr=1.000000e-05
2026-05-25 09:25:48 | INFO | epoch=1 step=3380/8897 global_step=3380 loss=0.128221 gld=0.103881 lld=0.028061 ggd=0.024059 lr=1.000000e-05
2026-05-25 09:25:52 | INFO | epoch=1 step=3400/8897 global_step=3400 loss=0.156011 gld=0.124480 lld=0.030455 ggd=0.031227 lr=1.000000e-05
2026-05-25 09:25:56 | INFO | epoch=1 step=3420/8897 global_step=3420 loss=0.118656 gld=0.087376 lld=0.029420 ggd=0.030986 lr=1.000000e-05
2026-05-25 09:26:01 | INFO | epoch=1 step=3440/8897 global_step=3440 loss=0.165251 gld=0.133287 lld=0.026787 ggd=0.031696 lr=1.000000e-05
2026-05-25 09:26:05 | INFO | epoch=1 step=3460/8897 global_step=3460 loss=0.125705 gld=0.096100 lld=0.026078 ggd=0.029343 lr=1.000000e-05
2026-05-25 09:26:10 | INFO | epoch=1 step=3480/8897 global_step=3480 loss=0.146752 gld=0.120641 lld=0.025438 ggd=0.025857 lr=1.000000e-05
2026-05-25 09:26:14 | INFO | epoch=1 step=3500/8897 global_step=3500 loss=0.127008 gld=0.104436 lld=0.026609 ggd=0.022305 lr=1.000000e-05
2026-05-25 09:26:19 | INFO | epoch=1 step=3520/8897 global_step=3520 loss=0.154339 gld=0.115744 lld=0.028567 ggd=0.038309 lr=1.000000e-05
2026-05-25 09:26:23 | INFO | epoch=1 step=3540/8897 global_step=3540 loss=0.132715 gld=0.107870 lld=0.029472 ggd=0.024550 lr=1.000000e-05
2026-05-25 09:26:28 | INFO | epoch=1 step=3560/8897 global_step=3560 loss=0.125776 gld=0.094509 lld=0.028950 ggd=0.030977 lr=1.000000e-05
2026-05-25 09:26:32 | INFO | epoch=1 step=3580/8897 global_step=3580 loss=0.122836 gld=0.094143 lld=0.030096 ggd=0.028392 lr=1.000000e-05
2026-05-25 09:26:37 | INFO | epoch=1 step=3600/8897 global_step=3600 loss=0.142376 gld=0.110895 lld=0.029922 ggd=0.031182 lr=1.000000e-05
2026-05-25 09:26:42 | INFO | epoch=1 step=3620/8897 global_step=3620 loss=0.147721 gld=0.114159 lld=0.029182 ggd=0.033270 lr=1.000000e-05
2026-05-25 09:26:46 | INFO | epoch=1 step=3640/8897 global_step=3640 loss=0.145705 gld=0.113786 lld=0.028654 ggd=0.031632 lr=1.000000e-05
2026-05-25 09:26:50 | INFO | epoch=1 step=3660/8897 global_step=3660 loss=0.160865 gld=0.124768 lld=0.030719 ggd=0.035790 lr=1.000000e-05
2026-05-25 09:26:55 | INFO | epoch=1 step=3680/8897 global_step=3680 loss=0.141744 gld=0.112051 lld=0.029417 ggd=0.029399 lr=1.000000e-05
2026-05-25 09:26:59 | INFO | epoch=1 step=3700/8897 global_step=3700 loss=0.111023 gld=0.086600 lld=0.022990 ggd=0.024194 lr=1.000000e-05
2026-05-25 09:27:04 | INFO | epoch=1 step=3720/8897 global_step=3720 loss=0.098262 gld=0.075979 lld=0.025415 ggd=0.022029 lr=1.000000e-05
2026-05-25 09:27:08 | INFO | epoch=1 step=3740/8897 global_step=3740 loss=0.118834 gld=0.091754 lld=0.026892 ggd=0.026811 lr=1.000000e-05
2026-05-25 09:27:12 | INFO | epoch=1 step=3760/8897 global_step=3760 loss=0.171347 gld=0.130800 lld=0.027289 ggd=0.040275 lr=1.000000e-05
2026-05-25 09:27:17 | INFO | epoch=1 step=3780/8897 global_step=3780 loss=0.151876 gld=0.122945 lld=0.027193 ggd=0.028658 lr=1.000000e-05
2026-05-25 09:27:21 | INFO | epoch=1 step=3800/8897 global_step=3800 loss=0.116399 gld=0.092108 lld=0.027586 ggd=0.024015 lr=1.000000e-05
2026-05-25 09:27:26 | INFO | epoch=1 step=3820/8897 global_step=3820 loss=0.153072 gld=0.117982 lld=0.028287 ggd=0.034807 lr=1.000000e-05
2026-05-25 09:27:30 | INFO | epoch=1 step=3840/8897 global_step=3840 loss=0.094892 gld=0.072114 lld=0.027633 ggd=0.022501 lr=1.000000e-05
2026-05-25 09:27:35 | INFO | epoch=1 step=3860/8897 global_step=3860 loss=0.146152 gld=0.118070 lld=0.028414 ggd=0.027798 lr=1.000000e-05
2026-05-25 09:27:39 | INFO | epoch=1 step=3880/8897 global_step=3880 loss=0.129306 gld=0.101408 lld=0.025853 ggd=0.027639 lr=1.000000e-05
2026-05-25 09:27:44 | INFO | epoch=1 step=3900/8897 global_step=3900 loss=0.123926 gld=0.099273 lld=0.025320 ggd=0.024399 lr=1.000000e-05
2026-05-25 09:27:48 | INFO | epoch=1 step=3920/8897 global_step=3920 loss=0.116300 gld=0.091794 lld=0.028167 ggd=0.024224 lr=1.000000e-05
2026-05-25 09:27:52 | INFO | epoch=1 step=3940/8897 global_step=3940 loss=0.133703 gld=0.105146 lld=0.030227 ggd=0.028254 lr=1.000000e-05
2026-05-25 09:27:57 | INFO | epoch=1 step=3960/8897 global_step=3960 loss=0.134394 gld=0.107986 lld=0.028010 ggd=0.026128 lr=1.000000e-05
2026-05-25 09:28:01 | INFO | epoch=1 step=3980/8897 global_step=3980 loss=0.109890 gld=0.087463 lld=0.027053 ggd=0.022157 lr=1.000000e-05
2026-05-25 09:28:05 | INFO | epoch=1 step=4000/8897 global_step=4000 loss=0.145084 gld=0.113664 lld=0.025313 ggd=0.031167 lr=1.000000e-05
2026-05-25 09:28:10 | INFO | epoch=1 step=4020/8897 global_step=4020 loss=0.149737 gld=0.119395 lld=0.028091 ggd=0.030061 lr=1.000000e-05
2026-05-25 09:28:14 | INFO | epoch=1 step=4040/8897 global_step=4040 loss=0.127197 gld=0.095190 lld=0.029188 ggd=0.031716 lr=1.000000e-05
2026-05-25 09:28:18 | INFO | epoch=1 step=4060/8897 global_step=4060 loss=0.145644 gld=0.113494 lld=0.029118 ggd=0.031858 lr=1.000000e-05
2026-05-25 09:28:23 | INFO | epoch=1 step=4080/8897 global_step=4080 loss=0.122156 gld=0.098921 lld=0.026273 ggd=0.022972 lr=1.000000e-05
2026-05-25 09:28:27 | INFO | epoch=1 step=4100/8897 global_step=4100 loss=0.096456 gld=0.072018 lld=0.025882 ggd=0.024179 lr=1.000000e-05
2026-05-25 09:28:32 | INFO | epoch=1 step=4120/8897 global_step=4120 loss=0.128159 gld=0.100626 lld=0.023862 ggd=0.027294 lr=1.000000e-05
2026-05-25 09:28:36 | INFO | epoch=1 step=4140/8897 global_step=4140 loss=0.120310 gld=0.088784 lld=0.024235 ggd=0.031284 lr=1.000000e-05
2026-05-25 09:28:41 | INFO | epoch=1 step=4160/8897 global_step=4160 loss=0.114482 gld=0.083593 lld=0.028502 ggd=0.030603 lr=1.000000e-05
2026-05-25 09:28:45 | INFO | epoch=1 step=4180/8897 global_step=4180 loss=0.123092 gld=0.098245 lld=0.028876 ggd=0.024559 lr=1.000000e-05
2026-05-25 09:28:50 | INFO | epoch=1 step=4200/8897 global_step=4200 loss=0.135508 gld=0.104099 lld=0.027366 ggd=0.031135 lr=1.000000e-05
2026-05-25 09:28:54 | INFO | epoch=1 step=4220/8897 global_step=4220 loss=0.121658 gld=0.092342 lld=0.025438 ggd=0.029062 lr=1.000000e-05
2026-05-25 09:28:58 | INFO | epoch=1 step=4240/8897 global_step=4240 loss=0.159821 gld=0.125083 lld=0.028195 ggd=0.034456 lr=1.000000e-05
2026-05-25 09:29:02 | INFO | epoch=1 step=4260/8897 global_step=4260 loss=0.115923 gld=0.086898 lld=0.028942 ggd=0.028735 lr=1.000000e-05
2026-05-25 09:29:07 | INFO | epoch=1 step=4280/8897 global_step=4280 loss=0.149705 gld=0.119449 lld=0.028139 ggd=0.029975 lr=1.000000e-05
2026-05-25 09:29:11 | INFO | epoch=1 step=4300/8897 global_step=4300 loss=0.097837 gld=0.075610 lld=0.027888 ggd=0.021948 lr=1.000000e-05
2026-05-25 09:29:16 | INFO | epoch=1 step=4320/8897 global_step=4320 loss=0.135913 gld=0.106920 lld=0.026788 ggd=0.028725 lr=1.000000e-05
2026-05-25 09:29:20 | INFO | epoch=1 step=4340/8897 global_step=4340 loss=0.122442 gld=0.097297 lld=0.029440 ggd=0.024851 lr=1.000000e-05
2026-05-25 09:29:25 | INFO | epoch=1 step=4360/8897 global_step=4360 loss=0.128176 gld=0.104308 lld=0.025876 ggd=0.023609 lr=1.000000e-05
2026-05-25 09:29:29 | INFO | epoch=1 step=4380/8897 global_step=4380 loss=0.121565 gld=0.088305 lld=0.027864 ggd=0.032981 lr=1.000000e-05
2026-05-25 09:29:34 | INFO | epoch=1 step=4400/8897 global_step=4400 loss=0.133571 gld=0.105473 lld=0.025223 ggd=0.027847 lr=1.000000e-05
2026-05-25 09:29:38 | INFO | epoch=1 step=4420/8897 global_step=4420 loss=0.147306 gld=0.113351 lld=0.024358 ggd=0.033711 lr=1.000000e-05
2026-05-25 09:29:43 | INFO | epoch=1 step=4440/8897 global_step=4440 loss=0.126798 gld=0.097691 lld=0.028257 ggd=0.028824 lr=1.000000e-05
2026-05-25 09:29:47 | INFO | epoch=1 step=4460/8897 global_step=4460 loss=0.123383 gld=0.095056 lld=0.027784 ggd=0.028049 lr=1.000000e-05
2026-05-25 09:29:52 | INFO | epoch=1 step=4480/8897 global_step=4480 loss=0.128277 gld=0.099100 lld=0.028826 ggd=0.028889 lr=1.000000e-05
2026-05-25 09:29:56 | INFO | epoch=1 step=4500/8897 global_step=4500 loss=0.182106 gld=0.141002 lld=0.028850 ggd=0.040816 lr=1.000000e-05
2026-05-25 09:30:00 | INFO | epoch=1 step=4520/8897 global_step=4520 loss=0.134219 gld=0.101639 lld=0.028219 ggd=0.032298 lr=1.000000e-05
2026-05-25 09:30:04 | INFO | epoch=1 step=4540/8897 global_step=4540 loss=0.128014 gld=0.101579 lld=0.029580 ggd=0.026139 lr=1.000000e-05
2026-05-25 09:30:08 | INFO | epoch=1 step=4560/8897 global_step=4560 loss=0.139961 gld=0.104910 lld=0.027891 ggd=0.034773 lr=1.000000e-05
2026-05-25 09:30:13 | INFO | epoch=1 step=4580/8897 global_step=4580 loss=0.132652 gld=0.100561 lld=0.025588 ggd=0.031835 lr=1.000000e-05
2026-05-25 09:30:17 | INFO | epoch=1 step=4600/8897 global_step=4600 loss=0.112873 gld=0.083268 lld=0.029818 ggd=0.029306 lr=1.000000e-05
2026-05-25 09:30:22 | INFO | epoch=1 step=4620/8897 global_step=4620 loss=0.135758 gld=0.104831 lld=0.029748 ggd=0.030630 lr=1.000000e-05
2026-05-25 09:30:27 | INFO | epoch=1 step=4640/8897 global_step=4640 loss=0.131046 gld=0.097663 lld=0.029255 ggd=0.033091 lr=1.000000e-05
2026-05-25 09:30:31 | INFO | epoch=1 step=4660/8897 global_step=4660 loss=0.119200 gld=0.090933 lld=0.026094 ggd=0.028007 lr=1.000000e-05
2026-05-25 09:30:35 | INFO | epoch=1 step=4680/8897 global_step=4680 loss=0.123789 gld=0.095714 lld=0.028712 ggd=0.027788 lr=1.000000e-05
2026-05-25 09:30:40 | INFO | epoch=1 step=4700/8897 global_step=4700 loss=0.145317 gld=0.117583 lld=0.028383 ggd=0.027449 lr=1.000000e-05
2026-05-25 09:30:44 | INFO | epoch=1 step=4720/8897 global_step=4720 loss=0.117822 gld=0.087187 lld=0.027812 ggd=0.030356 lr=1.000000e-05
2026-05-25 09:30:49 | INFO | epoch=1 step=4740/8897 global_step=4740 loss=0.122977 gld=0.093410 lld=0.028040 ggd=0.029287 lr=1.000000e-05
2026-05-25 09:30:53 | INFO | epoch=1 step=4760/8897 global_step=4760 loss=0.166141 gld=0.133569 lld=0.028284 ggd=0.032289 lr=1.000000e-05
2026-05-25 09:30:58 | INFO | epoch=1 step=4780/8897 global_step=4780 loss=0.124360 gld=0.096089 lld=0.030982 ggd=0.027961 lr=1.000000e-05
2026-05-25 09:31:02 | INFO | epoch=1 step=4800/8897 global_step=4800 loss=0.131113 gld=0.099023 lld=0.028482 ggd=0.031806 lr=1.000000e-05
2026-05-25 09:31:07 | INFO | epoch=1 step=4820/8897 global_step=4820 loss=0.236509 gld=0.206327 lld=0.028994 ggd=0.029893 lr=1.000000e-05
2026-05-25 09:31:11 | INFO | epoch=1 step=4840/8897 global_step=4840 loss=0.163544 gld=0.121497 lld=0.029439 ggd=0.041753 lr=1.000000e-05
2026-05-25 09:31:15 | INFO | epoch=1 step=4860/8897 global_step=4860 loss=0.105550 gld=0.079101 lld=0.029371 ggd=0.026155 lr=1.000000e-05
2026-05-25 09:31:20 | INFO | epoch=1 step=4880/8897 global_step=4880 loss=0.087670 gld=0.066444 lld=0.025895 ggd=0.020967 lr=1.000000e-05
2026-05-25 09:31:24 | INFO | epoch=1 step=4900/8897 global_step=4900 loss=0.107761 gld=0.081341 lld=0.029000 ggd=0.026130 lr=1.000000e-05
2026-05-25 09:31:28 | INFO | epoch=1 step=4920/8897 global_step=4920 loss=0.112110 gld=0.088590 lld=0.029055 ggd=0.023230 lr=1.000000e-05
2026-05-25 09:31:33 | INFO | epoch=1 step=4940/8897 global_step=4940 loss=0.131653 gld=0.099342 lld=0.029427 ggd=0.032017 lr=1.000000e-05
2026-05-25 09:31:37 | INFO | epoch=1 step=4960/8897 global_step=4960 loss=0.127180 gld=0.098398 lld=0.029503 ggd=0.028488 lr=1.000000e-05
2026-05-25 09:31:42 | INFO | epoch=1 step=4980/8897 global_step=4980 loss=0.134470 gld=0.105683 lld=0.032177 ggd=0.028465 lr=1.000000e-05
2026-05-25 09:31:46 | INFO | epoch=1 step=5000/8897 global_step=5000 loss=0.131016 gld=0.098498 lld=0.029933 ggd=0.032218 lr=1.000000e-05
2026-05-25 09:31:51 | INFO | epoch=1 step=5020/8897 global_step=5020 loss=0.152945 gld=0.120830 lld=0.029932 ggd=0.031816 lr=1.000000e-05
2026-05-25 09:31:55 | INFO | epoch=1 step=5040/8897 global_step=5040 loss=0.160098 gld=0.122642 lld=0.033424 ggd=0.037122 lr=1.000000e-05
2026-05-25 09:32:00 | INFO | epoch=1 step=5060/8897 global_step=5060 loss=0.139953 gld=0.105136 lld=0.029665 ggd=0.034520 lr=1.000000e-05
2026-05-25 09:32:04 | INFO | epoch=1 step=5080/8897 global_step=5080 loss=0.132399 gld=0.099626 lld=0.029030 ggd=0.032483 lr=1.000000e-05
2026-05-25 09:32:09 | INFO | epoch=1 step=5100/8897 global_step=5100 loss=0.101269 gld=0.077760 lld=0.028122 ggd=0.023229 lr=1.000000e-05
2026-05-25 09:32:13 | INFO | epoch=1 step=5120/8897 global_step=5120 loss=0.133899 gld=0.098179 lld=0.034110 ggd=0.035379 lr=1.000000e-05
2026-05-25 09:32:17 | INFO | epoch=1 step=5140/8897 global_step=5140 loss=0.130666 gld=0.096897 lld=0.026971 ggd=0.033499 lr=1.000000e-05
2026-05-25 09:32:21 | INFO | epoch=1 step=5160/8897 global_step=5160 loss=0.117681 gld=0.088543 lld=0.028885 ggd=0.028849 lr=1.000000e-05
2026-05-25 09:32:26 | INFO | epoch=1 step=5180/8897 global_step=5180 loss=0.099168 gld=0.075151 lld=0.033876 ggd=0.023679 lr=1.000000e-05
2026-05-25 09:32:31 | INFO | epoch=1 step=5200/8897 global_step=5200 loss=0.113231 gld=0.086907 lld=0.032102 ggd=0.026003 lr=1.000000e-05
2026-05-25 09:32:35 | INFO | epoch=1 step=5220/8897 global_step=5220 loss=0.126950 gld=0.096598 lld=0.031099 ggd=0.030041 lr=1.000000e-05
2026-05-25 09:32:39 | INFO | epoch=1 step=5240/8897 global_step=5240 loss=0.104146 gld=0.078420 lld=0.033416 ggd=0.025392 lr=1.000000e-05
2026-05-25 09:32:44 | INFO | epoch=1 step=5260/8897 global_step=5260 loss=0.114850 gld=0.082083 lld=0.030349 ggd=0.032464 lr=1.000000e-05
2026-05-25 09:32:48 | INFO | epoch=1 step=5280/8897 global_step=5280 loss=0.104431 gld=0.078501 lld=0.031117 ggd=0.025619 lr=1.000000e-05
2026-05-25 09:32:53 | INFO | epoch=1 step=5300/8897 global_step=5300 loss=0.139279 gld=0.109727 lld=0.031043 ggd=0.029242 lr=1.000000e-05
2026-05-25 09:32:57 | INFO | epoch=1 step=5320/8897 global_step=5320 loss=0.130523 gld=0.095640 lld=0.030906 ggd=0.034575 lr=1.000000e-05
2026-05-25 09:33:02 | INFO | epoch=1 step=5340/8897 global_step=5340 loss=0.129722 gld=0.099067 lld=0.030824 ggd=0.030346 lr=1.000000e-05
2026-05-25 09:33:06 | INFO | epoch=1 step=5360/8897 global_step=5360 loss=0.121311 gld=0.090391 lld=0.030077 ggd=0.030619 lr=1.000000e-05
2026-05-25 09:33:11 | INFO | epoch=1 step=5380/8897 global_step=5380 loss=0.114718 gld=0.084471 lld=0.030962 ggd=0.029937 lr=1.000000e-05
2026-05-25 09:33:15 | INFO | epoch=1 step=5400/8897 global_step=5400 loss=0.107205 gld=0.080254 lld=0.029023 ggd=0.026660 lr=1.000000e-05
2026-05-25 09:33:19 | INFO | epoch=1 step=5420/8897 global_step=5420 loss=0.107692 gld=0.076489 lld=0.033479 ggd=0.030868 lr=1.000000e-05
2026-05-25 09:33:24 | INFO | epoch=1 step=5440/8897 global_step=5440 loss=0.128447 gld=0.097891 lld=0.034351 ggd=0.030212 lr=1.000000e-05
2026-05-25 09:33:28 | INFO | epoch=1 step=5460/8897 global_step=5460 loss=0.107966 gld=0.080800 lld=0.029692 ggd=0.026870 lr=1.000000e-05
2026-05-25 09:33:33 | INFO | epoch=1 step=5480/8897 global_step=5480 loss=0.112346 gld=0.083284 lld=0.030629 ggd=0.028756 lr=1.000000e-05
2026-05-25 09:33:37 | INFO | epoch=1 step=5500/8897 global_step=5500 loss=0.093723 gld=0.070379 lld=0.030639 ggd=0.023038 lr=1.000000e-05
2026-05-25 09:33:41 | INFO | epoch=1 step=5520/8897 global_step=5520 loss=0.101933 gld=0.075643 lld=0.028617 ggd=0.026004 lr=1.000000e-05
2026-05-25 09:33:46 | INFO | epoch=1 step=5540/8897 global_step=5540 loss=0.125322 gld=0.094593 lld=0.031137 ggd=0.030417 lr=1.000000e-05
2026-05-25 09:33:51 | INFO | epoch=1 step=5560/8897 global_step=5560 loss=0.109688 gld=0.079149 lld=0.031774 ggd=0.030221 lr=1.000000e-05
2026-05-25 09:33:55 | INFO | epoch=1 step=5580/8897 global_step=5580 loss=0.139499 gld=0.105419 lld=0.028288 ggd=0.033797 lr=1.000000e-05
2026-05-25 09:33:59 | INFO | epoch=1 step=5600/8897 global_step=5600 loss=0.119691 gld=0.092289 lld=0.028631 ggd=0.027116 lr=1.000000e-05
2026-05-25 09:34:04 | INFO | epoch=1 step=5620/8897 global_step=5620 loss=0.104245 gld=0.078381 lld=0.029048 ggd=0.025573 lr=1.000000e-05
2026-05-25 09:34:08 | INFO | epoch=1 step=5640/8897 global_step=5640 loss=0.115396 gld=0.084241 lld=0.029638 ggd=0.030859 lr=1.000000e-05
2026-05-25 09:34:13 | INFO | epoch=1 step=5660/8897 global_step=5660 loss=0.106381 gld=0.080353 lld=0.026946 ggd=0.025758 lr=1.000000e-05
2026-05-25 09:34:17 | INFO | epoch=1 step=5680/8897 global_step=5680 loss=0.126354 gld=0.100698 lld=0.028715 ggd=0.025369 lr=1.000000e-05
2026-05-25 09:34:22 | INFO | epoch=1 step=5700/8897 global_step=5700 loss=0.118502 gld=0.091690 lld=0.026299 ggd=0.026549 lr=1.000000e-05
2026-05-25 09:34:26 | INFO | epoch=1 step=5720/8897 global_step=5720 loss=0.119210 gld=0.089885 lld=0.028346 ggd=0.029041 lr=1.000000e-05
2026-05-25 09:34:31 | INFO | epoch=1 step=5740/8897 global_step=5740 loss=0.124379 gld=0.092571 lld=0.029197 ggd=0.031516 lr=1.000000e-05
2026-05-25 09:34:35 | INFO | epoch=1 step=5760/8897 global_step=5760 loss=0.128389 gld=0.097710 lld=0.028491 ggd=0.030395 lr=1.000000e-05
2026-05-25 09:34:39 | INFO | epoch=1 step=5780/8897 global_step=5780 loss=0.126423 gld=0.095114 lld=0.030214 ggd=0.031007 lr=1.000000e-05
2026-05-25 09:34:43 | INFO | epoch=1 step=5800/8897 global_step=5800 loss=0.090086 gld=0.066541 lld=0.028764 ggd=0.023256 lr=1.000000e-05
2026-05-25 09:34:48 | INFO | epoch=1 step=5820/8897 global_step=5820 loss=0.129159 gld=0.100484 lld=0.025859 ggd=0.028417 lr=1.000000e-05
2026-05-25 09:34:52 | INFO | epoch=1 step=5840/8897 global_step=5840 loss=0.140286 gld=0.112623 lld=0.025490 ggd=0.027409 lr=1.000000e-05
2026-05-25 09:34:57 | INFO | epoch=1 step=5860/8897 global_step=5860 loss=0.137796 gld=0.104762 lld=0.031191 ggd=0.032722 lr=1.000000e-05
2026-05-25 09:35:01 | INFO | epoch=1 step=5880/8897 global_step=5880 loss=0.117014 gld=0.085046 lld=0.030348 ggd=0.031665 lr=1.000000e-05
2026-05-25 09:35:06 | INFO | epoch=1 step=5900/8897 global_step=5900 loss=0.122655 gld=0.091361 lld=0.030680 ggd=0.030987 lr=1.000000e-05
2026-05-25 09:35:10 | INFO | epoch=1 step=5920/8897 global_step=5920 loss=0.122551 gld=0.092364 lld=0.033897 ggd=0.029848 lr=1.000000e-05
2026-05-25 09:35:15 | INFO | epoch=1 step=5940/8897 global_step=5940 loss=0.126611 gld=0.099122 lld=0.032522 ggd=0.027164 lr=1.000000e-05
2026-05-25 09:35:19 | INFO | epoch=1 step=5960/8897 global_step=5960 loss=0.102593 gld=0.078668 lld=0.029720 ggd=0.023628 lr=1.000000e-05
2026-05-25 09:35:24 | INFO | epoch=1 step=5980/8897 global_step=5980 loss=0.117707 gld=0.087895 lld=0.030853 ggd=0.029503 lr=1.000000e-05
2026-05-25 09:35:28 | INFO | epoch=1 step=6000/8897 global_step=6000 loss=0.124694 gld=0.093394 lld=0.028767 ggd=0.031012 lr=1.000000e-05
2026-05-25 09:35:33 | INFO | epoch=1 step=6020/8897 global_step=6020 loss=0.118715 gld=0.089525 lld=0.031298 ggd=0.028878 lr=1.000000e-05
2026-05-25 09:35:37 | INFO | epoch=1 step=6040/8897 global_step=6040 loss=0.108203 gld=0.084893 lld=0.029249 ggd=0.023018 lr=1.000000e-05
2026-05-25 09:35:42 | INFO | epoch=1 step=6060/8897 global_step=6060 loss=0.136112 gld=0.101502 lld=0.034256 ggd=0.034268 lr=1.000000e-05
2026-05-25 09:35:46 | INFO | epoch=1 step=6080/8897 global_step=6080 loss=0.136489 gld=0.107719 lld=0.031647 ggd=0.028453 lr=1.000000e-05
2026-05-25 09:35:50 | INFO | epoch=1 step=6100/8897 global_step=6100 loss=0.096777 gld=0.071803 lld=0.030190 ggd=0.024672 lr=1.000000e-05
2026-05-25 09:35:54 | INFO | epoch=1 step=6120/8897 global_step=6120 loss=0.125746 gld=0.092200 lld=0.032090 ggd=0.033226 lr=1.000000e-05
2026-05-25 09:35:59 | INFO | epoch=1 step=6140/8897 global_step=6140 loss=0.127423 gld=0.095249 lld=0.029190 ggd=0.031882 lr=1.000000e-05
2026-05-25 09:36:03 | INFO | epoch=1 step=6160/8897 global_step=6160 loss=0.137951 gld=0.103815 lld=0.031245 ggd=0.033823 lr=1.000000e-05
2026-05-25 09:36:07 | INFO | epoch=1 step=6180/8897 global_step=6180 loss=0.112878 gld=0.084111 lld=0.028809 ggd=0.028479 lr=1.000000e-05
2026-05-25 09:36:12 | INFO | epoch=1 step=6200/8897 global_step=6200 loss=0.173609 gld=0.129704 lld=0.030326 ggd=0.043601 lr=1.000000e-05
2026-05-25 09:36:16 | INFO | epoch=1 step=6220/8897 global_step=6220 loss=0.141603 gld=0.111277 lld=0.032739 ggd=0.029998 lr=1.000000e-05
2026-05-25 09:36:21 | INFO | epoch=1 step=6240/8897 global_step=6240 loss=0.098723 gld=0.072491 lld=0.032193 ggd=0.025910 lr=1.000000e-05
2026-05-25 09:36:25 | INFO | epoch=1 step=6260/8897 global_step=6260 loss=0.110047 gld=0.083271 lld=0.027958 ggd=0.026496 lr=1.000000e-05
2026-05-25 09:36:30 | INFO | epoch=1 step=6280/8897 global_step=6280 loss=0.108755 gld=0.080579 lld=0.027418 ggd=0.027901 lr=1.000000e-05
2026-05-25 09:36:34 | INFO | epoch=1 step=6300/8897 global_step=6300 loss=0.159023 gld=0.117306 lld=0.031676 ggd=0.041400 lr=1.000000e-05
2026-05-25 09:36:39 | INFO | epoch=1 step=6320/8897 global_step=6320 loss=0.120729 gld=0.090485 lld=0.029471 ggd=0.029950 lr=1.000000e-05
2026-05-25 09:36:43 | INFO | epoch=1 step=6340/8897 global_step=6340 loss=0.102329 gld=0.075846 lld=0.035522 ggd=0.026128 lr=1.000000e-05
2026-05-25 09:36:47 | INFO | epoch=1 step=6360/8897 global_step=6360 loss=0.157377 gld=0.120107 lld=0.032151 ggd=0.036948 lr=1.000000e-05
2026-05-25 09:36:52 | INFO | epoch=1 step=6380/8897 global_step=6380 loss=0.153871 gld=0.120232 lld=0.028701 ggd=0.033352 lr=1.000000e-05
2026-05-25 09:36:56 | INFO | epoch=1 step=6400/8897 global_step=6400 loss=0.111287 gld=0.087511 lld=0.027018 ggd=0.023505 lr=1.000000e-05
2026-05-25 09:37:00 | INFO | epoch=1 step=6420/8897 global_step=6420 loss=0.125477 gld=0.093362 lld=0.029599 ggd=0.031819 lr=1.000000e-05
2026-05-25 09:37:05 | INFO | epoch=1 step=6440/8897 global_step=6440 loss=0.134430 gld=0.094324 lld=0.033046 ggd=0.039775 lr=1.000000e-05
2026-05-25 09:37:09 | INFO | epoch=1 step=6460/8897 global_step=6460 loss=0.125825 gld=0.101294 lld=0.028870 ggd=0.024242 lr=1.000000e-05
2026-05-25 09:37:14 | INFO | epoch=1 step=6480/8897 global_step=6480 loss=0.094240 gld=0.071456 lld=0.028896 ggd=0.022495 lr=1.000000e-05
2026-05-25 09:37:18 | INFO | epoch=1 step=6500/8897 global_step=6500 loss=0.118410 gld=0.085147 lld=0.031792 ggd=0.032945 lr=1.000000e-05
2026-05-25 09:37:23 | INFO | epoch=1 step=6520/8897 global_step=6520 loss=0.128852 gld=0.095002 lld=0.030170 ggd=0.033549 lr=1.000000e-05
2026-05-25 09:37:27 | INFO | epoch=1 step=6540/8897 global_step=6540 loss=0.125249 gld=0.093426 lld=0.027481 ggd=0.031548 lr=1.000000e-05
2026-05-25 09:37:31 | INFO | epoch=1 step=6560/8897 global_step=6560 loss=0.135986 gld=0.097064 lld=0.030584 ggd=0.038616 lr=1.000000e-05
2026-05-25 09:37:35 | INFO | epoch=1 step=6580/8897 global_step=6580 loss=0.149930 gld=0.106504 lld=0.029435 ggd=0.043132 lr=1.000000e-05
2026-05-25 09:37:40 | INFO | epoch=1 step=6600/8897 global_step=6600 loss=0.126940 gld=0.092472 lld=0.032694 ggd=0.034141 lr=1.000000e-05
2026-05-25 09:37:44 | INFO | epoch=1 step=6620/8897 global_step=6620 loss=0.135029 gld=0.097719 lld=0.031504 ggd=0.036995 lr=1.000000e-05
2026-05-25 09:37:49 | INFO | epoch=1 step=6640/8897 global_step=6640 loss=0.116773 gld=0.085320 lld=0.031119 ggd=0.031142 lr=1.000000e-05
2026-05-25 09:37:53 | INFO | epoch=1 step=6660/8897 global_step=6660 loss=0.117545 gld=0.086244 lld=0.025593 ggd=0.031045 lr=1.000000e-05
2026-05-25 09:37:58 | INFO | epoch=1 step=6680/8897 global_step=6680 loss=0.101418 gld=0.072274 lld=0.030505 ggd=0.028840 lr=1.000000e-05
2026-05-25 09:38:02 | INFO | epoch=1 step=6700/8897 global_step=6700 loss=0.171983 gld=0.138902 lld=0.033796 ggd=0.032743 lr=1.000000e-05
2026-05-25 09:38:07 | INFO | epoch=1 step=6720/8897 global_step=6720 loss=0.097831 gld=0.073917 lld=0.031185 ggd=0.023602 lr=1.000000e-05
2026-05-25 09:38:11 | INFO | epoch=1 step=6740/8897 global_step=6740 loss=0.132712 gld=0.093937 lld=0.033399 ggd=0.038441 lr=1.000000e-05
2026-05-25 09:38:16 | INFO | epoch=1 step=6760/8897 global_step=6760 loss=0.141757 gld=0.103443 lld=0.031945 ggd=0.037994 lr=1.000000e-05
2026-05-25 09:38:20 | INFO | epoch=1 step=6780/8897 global_step=6780 loss=0.116148 gld=0.087518 lld=0.030625 ggd=0.028324 lr=1.000000e-05
2026-05-25 09:38:24 | INFO | epoch=1 step=6800/8897 global_step=6800 loss=0.124395 gld=0.092646 lld=0.032267 ggd=0.031426 lr=1.000000e-05
2026-05-25 09:38:29 | INFO | epoch=1 step=6820/8897 global_step=6820 loss=0.122302 gld=0.090602 lld=0.032202 ggd=0.031378 lr=1.000000e-05
2026-05-25 09:38:33 | INFO | epoch=1 step=6840/8897 global_step=6840 loss=0.134109 gld=0.099180 lld=0.030017 ggd=0.034629 lr=1.000000e-05
2026-05-25 09:38:38 | INFO | epoch=1 step=6860/8897 global_step=6860 loss=0.100937 gld=0.076216 lld=0.029639 ggd=0.024425 lr=1.000000e-05
2026-05-25 09:38:42 | INFO | epoch=1 step=6880/8897 global_step=6880 loss=0.128352 gld=0.096540 lld=0.031199 ggd=0.031500 lr=1.000000e-05
2026-05-25 09:38:47 | INFO | epoch=1 step=6900/8897 global_step=6900 loss=0.123764 gld=0.093807 lld=0.029332 ggd=0.029664 lr=1.000000e-05
2026-05-25 09:38:51 | INFO | epoch=1 step=6920/8897 global_step=6920 loss=0.100050 gld=0.073531 lld=0.027970 ggd=0.026240 lr=1.000000e-05
2026-05-25 09:38:55 | INFO | epoch=1 step=6940/8897 global_step=6940 loss=0.137274 gld=0.097959 lld=0.032454 ggd=0.038991 lr=1.000000e-05
2026-05-25 09:39:00 | INFO | epoch=1 step=6960/8897 global_step=6960 loss=0.105308 gld=0.080080 lld=0.030232 ggd=0.024925 lr=1.000000e-05
2026-05-25 09:39:04 | INFO | epoch=1 step=6980/8897 global_step=6980 loss=0.148023 gld=0.103077 lld=0.027060 ggd=0.044675 lr=1.000000e-05
2026-05-25 09:39:08 | INFO | epoch=1 step=7000/8897 global_step=7000 loss=0.182741 gld=0.140722 lld=0.031119 ggd=0.041708 lr=1.000000e-05
2026-05-25 09:39:13 | INFO | epoch=1 step=7020/8897 global_step=7020 loss=0.113145 gld=0.084627 lld=0.030589 ggd=0.028212 lr=1.000000e-05
2026-05-25 09:39:17 | INFO | epoch=1 step=7040/8897 global_step=7040 loss=0.102253 gld=0.077373 lld=0.028998 ggd=0.024590 lr=1.000000e-05
2026-05-25 09:39:22 | INFO | epoch=1 step=7060/8897 global_step=7060 loss=0.092318 gld=0.067691 lld=0.029632 ggd=0.024332 lr=1.000000e-05
2026-05-25 09:39:26 | INFO | epoch=1 step=7080/8897 global_step=7080 loss=0.109121 gld=0.084835 lld=0.030694 ggd=0.023979 lr=1.000000e-05
2026-05-25 09:39:31 | INFO | epoch=1 step=7100/8897 global_step=7100 loss=0.111287 gld=0.086353 lld=0.033038 ggd=0.024603 lr=1.000000e-05
2026-05-25 09:39:35 | INFO | epoch=1 step=7120/8897 global_step=7120 loss=0.108589 gld=0.083798 lld=0.031286 ggd=0.024478 lr=1.000000e-05
2026-05-25 09:39:40 | INFO | epoch=1 step=7140/8897 global_step=7140 loss=0.126045 gld=0.093270 lld=0.030940 ggd=0.032466 lr=1.000000e-05
2026-05-25 09:39:44 | INFO | epoch=1 step=7160/8897 global_step=7160 loss=0.107090 gld=0.080798 lld=0.031702 ggd=0.025975 lr=1.000000e-05
2026-05-25 09:39:48 | INFO | epoch=1 step=7180/8897 global_step=7180 loss=0.106501 gld=0.077952 lld=0.032092 ggd=0.028227 lr=1.000000e-05
2026-05-25 09:39:52 | INFO | epoch=1 step=7200/8897 global_step=7200 loss=0.112927 gld=0.080636 lld=0.030983 ggd=0.031981 lr=1.000000e-05
2026-05-25 09:39:57 | INFO | epoch=1 step=7220/8897 global_step=7220 loss=0.135050 gld=0.099246 lld=0.030930 ggd=0.035495 lr=1.000000e-05
2026-05-25 09:40:01 | INFO | epoch=1 step=7240/8897 global_step=7240 loss=0.093567 gld=0.070107 lld=0.029798 ggd=0.023162 lr=1.000000e-05
2026-05-25 09:40:06 | INFO | epoch=1 step=7260/8897 global_step=7260 loss=0.136231 gld=0.105563 lld=0.030974 ggd=0.030358 lr=1.000000e-05
2026-05-25 09:40:10 | INFO | epoch=1 step=7280/8897 global_step=7280 loss=0.181522 gld=0.133136 lld=0.030232 ggd=0.048084 lr=1.000000e-05
2026-05-25 09:40:15 | INFO | epoch=1 step=7300/8897 global_step=7300 loss=0.109856 gld=0.081253 lld=0.029017 ggd=0.028313 lr=1.000000e-05
2026-05-25 09:40:19 | INFO | epoch=1 step=7320/8897 global_step=7320 loss=0.097063 gld=0.073368 lld=0.031213 ggd=0.023383 lr=1.000000e-05
2026-05-25 09:40:24 | INFO | epoch=1 step=7340/8897 global_step=7340 loss=0.110075 gld=0.082261 lld=0.029617 ggd=0.027518 lr=1.000000e-05
2026-05-25 09:40:28 | INFO | epoch=1 step=7360/8897 global_step=7360 loss=0.109815 gld=0.081945 lld=0.028128 ggd=0.027589 lr=1.000000e-05
2026-05-25 09:40:33 | INFO | epoch=1 step=7380/8897 global_step=7380 loss=0.101739 gld=0.074821 lld=0.031435 ggd=0.026604 lr=1.000000e-05
2026-05-25 09:40:37 | INFO | epoch=1 step=7400/8897 global_step=7400 loss=0.111967 gld=0.087038 lld=0.028209 ggd=0.024647 lr=1.000000e-05
2026-05-25 09:40:42 | INFO | epoch=1 step=7420/8897 global_step=7420 loss=0.110853 gld=0.078304 lld=0.035141 ggd=0.032198 lr=1.000000e-05
2026-05-25 09:40:46 | INFO | epoch=1 step=7440/8897 global_step=7440 loss=0.115094 gld=0.083622 lld=0.029109 ggd=0.031181 lr=1.000000e-05
2026-05-25 09:40:51 | INFO | epoch=1 step=7460/8897 global_step=7460 loss=0.096024 gld=0.070521 lld=0.029305 ggd=0.025211 lr=1.000000e-05
2026-05-25 09:40:55 | INFO | epoch=1 step=7480/8897 global_step=7480 loss=0.102829 gld=0.069880 lld=0.030773 ggd=0.032641 lr=1.000000e-05
2026-05-25 09:41:00 | INFO | epoch=1 step=7500/8897 global_step=7500 loss=0.096810 gld=0.067813 lld=0.028429 ggd=0.028712 lr=1.000000e-05
2026-05-25 09:41:04 | INFO | epoch=1 step=7520/8897 global_step=7520 loss=0.145493 gld=0.106666 lld=0.033645 ggd=0.038491 lr=1.000000e-05
2026-05-25 09:41:09 | INFO | epoch=1 step=7540/8897 global_step=7540 loss=0.131950 gld=0.092190 lld=0.026771 ggd=0.039492 lr=1.000000e-05
2026-05-25 09:41:13 | INFO | epoch=1 step=7560/8897 global_step=7560 loss=0.088938 gld=0.066513 lld=0.027408 ggd=0.022151 lr=1.000000e-05
2026-05-25 09:41:17 | INFO | epoch=1 step=7580/8897 global_step=7580 loss=0.106930 gld=0.073562 lld=0.029767 ggd=0.033070 lr=1.000000e-05
2026-05-25 09:41:21 | INFO | epoch=1 step=7600/8897 global_step=7600 loss=0.096099 gld=0.072115 lld=0.031320 ggd=0.023671 lr=1.000000e-05
2026-05-25 09:41:26 | INFO | epoch=1 step=7620/8897 global_step=7620 loss=0.119523 gld=0.087320 lld=0.027505 ggd=0.031928 lr=1.000000e-05
2026-05-25 09:41:30 | INFO | epoch=1 step=7640/8897 global_step=7640 loss=0.114998 gld=0.079576 lld=0.031644 ggd=0.035106 lr=1.000000e-05
2026-05-25 09:41:35 | INFO | epoch=1 step=7660/8897 global_step=7660 loss=0.116240 gld=0.085465 lld=0.027768 ggd=0.030497 lr=1.000000e-05
2026-05-25 09:41:39 | INFO | epoch=1 step=7680/8897 global_step=7680 loss=0.135607 gld=0.102950 lld=0.030795 ggd=0.032350 lr=1.000000e-05
2026-05-25 09:41:43 | INFO | epoch=1 step=7700/8897 global_step=7700 loss=0.103896 gld=0.076130 lld=0.029915 ggd=0.027467 lr=1.000000e-05
2026-05-25 09:41:48 | INFO | epoch=1 step=7720/8897 global_step=7720 loss=0.113466 gld=0.084621 lld=0.031678 ggd=0.028528 lr=1.000000e-05
2026-05-25 09:41:52 | INFO | epoch=1 step=7740/8897 global_step=7740 loss=0.118963 gld=0.089068 lld=0.032181 ggd=0.029573 lr=1.000000e-05
2026-05-25 09:41:57 | INFO | epoch=1 step=7760/8897 global_step=7760 loss=0.147659 gld=0.111194 lld=0.030544 ggd=0.036159 lr=1.000000e-05
2026-05-25 09:42:01 | INFO | epoch=1 step=7780/8897 global_step=7780 loss=0.093827 gld=0.067907 lld=0.032636 ggd=0.025593 lr=1.000000e-05
2026-05-25 09:42:06 | INFO | epoch=1 step=7800/8897 global_step=7800 loss=0.121670 gld=0.087625 lld=0.032336 ggd=0.033722 lr=1.000000e-05
2026-05-25 09:42:10 | INFO | epoch=1 step=7820/8897 global_step=7820 loss=0.100568 gld=0.072650 lld=0.031123 ggd=0.027607 lr=1.000000e-05
2026-05-25 09:42:15 | INFO | epoch=1 step=7840/8897 global_step=7840 loss=0.129035 gld=0.102788 lld=0.028618 ggd=0.025960 lr=1.000000e-05
2026-05-25 09:42:19 | INFO | epoch=1 step=7860/8897 global_step=7860 loss=0.143883 gld=0.110572 lld=0.029661 ggd=0.033014 lr=1.000000e-05
2026-05-25 09:42:24 | INFO | epoch=1 step=7880/8897 global_step=7880 loss=0.148332 gld=0.107195 lld=0.030093 ggd=0.040836 lr=1.000000e-05
2026-05-25 09:42:28 | INFO | epoch=1 step=7900/8897 global_step=7900 loss=0.120992 gld=0.089376 lld=0.029673 ggd=0.031319 lr=1.000000e-05
2026-05-25 09:42:33 | INFO | epoch=1 step=7920/8897 global_step=7920 loss=0.112279 gld=0.079828 lld=0.032380 ggd=0.032128 lr=1.000000e-05
2026-05-25 09:42:37 | INFO | epoch=1 step=7940/8897 global_step=7940 loss=0.126404 gld=0.093243 lld=0.030248 ggd=0.032858 lr=1.000000e-05
2026-05-25 09:42:41 | INFO | epoch=1 step=7960/8897 global_step=7960 loss=0.134848 gld=0.104055 lld=0.030572 ggd=0.030487 lr=1.000000e-05
2026-05-25 09:42:46 | INFO | epoch=1 step=7980/8897 global_step=7980 loss=0.141112 gld=0.106330 lld=0.032772 ggd=0.034455 lr=1.000000e-05
2026-05-25 09:42:50 | INFO | epoch=1 step=8000/8897 global_step=8000 loss=0.128290 gld=0.096195 lld=0.028371 ggd=0.031812 lr=1.000000e-05
2026-05-25 09:42:55 | INFO | epoch=1 step=8020/8897 global_step=8020 loss=0.103360 gld=0.075727 lld=0.030058 ggd=0.027332 lr=1.000000e-05
2026-05-25 09:42:59 | INFO | epoch=1 step=8040/8897 global_step=8040 loss=0.128593 gld=0.092215 lld=0.031548 ggd=0.036062 lr=1.000000e-05
2026-05-25 09:43:04 | INFO | epoch=1 step=8060/8897 global_step=8060 loss=0.095424 gld=0.070602 lld=0.030516 ggd=0.024516 lr=1.000000e-05
2026-05-25 09:43:08 | INFO | epoch=1 step=8080/8897 global_step=8080 loss=0.108255 gld=0.079821 lld=0.031088 ggd=0.028123 lr=1.000000e-05
2026-05-25 09:43:12 | INFO | epoch=1 step=8100/8897 global_step=8100 loss=0.106904 gld=0.077877 lld=0.027156 ggd=0.028756 lr=1.000000e-05
2026-05-25 09:43:17 | INFO | epoch=1 step=8120/8897 global_step=8120 loss=0.132411 gld=0.093549 lld=0.026984 ggd=0.038592 lr=1.000000e-05
2026-05-25 09:43:21 | INFO | epoch=1 step=8140/8897 global_step=8140 loss=0.101622 gld=0.074120 lld=0.031293 ggd=0.027189 lr=1.000000e-05
2026-05-25 09:43:26 | INFO | epoch=1 step=8160/8897 global_step=8160 loss=0.114381 gld=0.082255 lld=0.030224 ggd=0.031824 lr=1.000000e-05
2026-05-25 09:43:30 | INFO | epoch=1 step=8180/8897 global_step=8180 loss=0.109106 gld=0.077448 lld=0.027565 ggd=0.031383 lr=1.000000e-05
2026-05-25 09:43:35 | INFO | epoch=1 step=8200/8897 global_step=8200 loss=0.090137 gld=0.069494 lld=0.027063 ggd=0.020372 lr=1.000000e-05
2026-05-25 09:43:39 | INFO | epoch=1 step=8220/8897 global_step=8220 loss=0.140840 gld=0.110062 lld=0.030047 ggd=0.030478 lr=1.000000e-05
2026-05-25 09:43:44 | INFO | epoch=1 step=8240/8897 global_step=8240 loss=0.100946 gld=0.071824 lld=0.028852 ggd=0.028834 lr=1.000000e-05
2026-05-25 09:43:48 | INFO | epoch=1 step=8260/8897 global_step=8260 loss=0.096243 gld=0.069313 lld=0.030862 ggd=0.026621 lr=1.000000e-05
2026-05-25 09:43:53 | INFO | epoch=1 step=8280/8897 global_step=8280 loss=0.077321 gld=0.056262 lld=0.029714 ggd=0.020762 lr=1.000000e-05
2026-05-25 09:43:57 | INFO | epoch=1 step=8300/8897 global_step=8300 loss=0.099018 gld=0.074623 lld=0.029515 ggd=0.024100 lr=1.000000e-05
2026-05-25 09:44:02 | INFO | epoch=1 step=8320/8897 global_step=8320 loss=0.116719 gld=0.084633 lld=0.035149 ggd=0.031734 lr=1.000000e-05
2026-05-25 09:44:06 | INFO | epoch=1 step=8340/8897 global_step=8340 loss=0.106137 gld=0.075035 lld=0.031610 ggd=0.030787 lr=1.000000e-05
2026-05-25 09:44:11 | INFO | epoch=1 step=8360/8897 global_step=8360 loss=0.108791 gld=0.083305 lld=0.031528 ggd=0.025171 lr=1.000000e-05
2026-05-25 09:44:15 | INFO | epoch=1 step=8380/8897 global_step=8380 loss=0.088467 gld=0.063652 lld=0.032044 ggd=0.024494 lr=1.000000e-05
2026-05-25 09:44:20 | INFO | epoch=1 step=8400/8897 global_step=8400 loss=0.118168 gld=0.086093 lld=0.032146 ggd=0.031753 lr=1.000000e-05
2026-05-25 09:44:24 | INFO | epoch=1 step=8420/8897 global_step=8420 loss=0.130771 gld=0.093728 lld=0.030194 ggd=0.036740 lr=1.000000e-05
2026-05-25 09:44:28 | INFO | epoch=1 step=8440/8897 global_step=8440 loss=0.085657 gld=0.062417 lld=0.030470 ggd=0.022936 lr=1.000000e-05
2026-05-25 09:44:32 | INFO | epoch=1 step=8460/8897 global_step=8460 loss=0.090635 gld=0.065949 lld=0.029527 ggd=0.024391 lr=1.000000e-05
2026-05-25 09:44:37 | INFO | epoch=1 step=8480/8897 global_step=8480 loss=0.092042 gld=0.066274 lld=0.028464 ggd=0.025484 lr=1.000000e-05
2026-05-25 09:44:41 | INFO | epoch=1 step=8500/8897 global_step=8500 loss=0.099277 gld=0.070837 lld=0.034264 ggd=0.028098 lr=1.000000e-05
2026-05-25 09:44:46 | INFO | epoch=1 step=8520/8897 global_step=8520 loss=0.102184 gld=0.078497 lld=0.031177 ggd=0.023375 lr=1.000000e-05
2026-05-25 09:44:50 | INFO | epoch=1 step=8540/8897 global_step=8540 loss=0.100938 gld=0.074788 lld=0.029248 ggd=0.025857 lr=1.000000e-05
2026-05-25 09:44:55 | INFO | epoch=1 step=8560/8897 global_step=8560 loss=0.134565 gld=0.091636 lld=0.036538 ggd=0.042564 lr=1.000000e-05
2026-05-25 09:44:59 | INFO | epoch=1 step=8580/8897 global_step=8580 loss=0.105801 gld=0.076375 lld=0.030593 ggd=0.029121 lr=1.000000e-05
2026-05-25 09:45:04 | INFO | epoch=1 step=8600/8897 global_step=8600 loss=0.098626 gld=0.071357 lld=0.030508 ggd=0.026965 lr=1.000000e-05
2026-05-25 09:45:08 | INFO | epoch=1 step=8620/8897 global_step=8620 loss=0.092898 gld=0.065594 lld=0.030655 ggd=0.026997 lr=1.000000e-05
2026-05-25 09:45:13 | INFO | epoch=1 step=8640/8897 global_step=8640 loss=0.104269 gld=0.077102 lld=0.031625 ggd=0.026851 lr=1.000000e-05
2026-05-25 09:45:17 | INFO | epoch=1 step=8660/8897 global_step=8660 loss=0.099097 gld=0.073446 lld=0.030137 ggd=0.025350 lr=1.000000e-05
2026-05-25 09:45:22 | INFO | epoch=1 step=8680/8897 global_step=8680 loss=0.117622 gld=0.084114 lld=0.030758 ggd=0.033201 lr=1.000000e-05
2026-05-25 09:45:26 | INFO | epoch=1 step=8700/8897 global_step=8700 loss=0.110973 gld=0.080078 lld=0.029973 ggd=0.030596 lr=1.000000e-05
2026-05-25 09:45:57 | INFO | epoch=1 step=8840/8897 global_step=8840 loss=0.126004 gld=0.095169 lld=0.027334 ggd=0.030561 lr=1.000000e-05
2026-05-25 09:46:01 | INFO | epoch=1 step=8860/8897 global_step=8860 loss=0.137781 gld=0.107476 lld=0.028132 ggd=0.030024 lr=1.000000e-05
2026-05-25 09:46:06 | INFO | epoch=1 step=8880/8897 global_step=8880 loss=0.116666 gld=0.084767 lld=0.029842 ggd=0.031600 lr=1.000000e-05
2026-05-25 09:46:10 | INFO | [Epoch 1] avg_loss=0.164574 avg_gld=0.134028 avg_lld=0.028987 avg_ggd=0.030257
2026-05-25 09:46:19 | INFO | Saved checkpoint: outputs/pretrain/atas_epoch_1.pt
2026-05-25 09:46:19 | INFO | epoch=2 step=3/8897 global_step=8900 loss=0.114256 gld=0.086096 lld=0.030588 ggd=0.027854 lr=1.000000e-05
2026-05-25 09:46:24 | INFO | epoch=2 step=23/8897 global_step=8920 loss=0.117901 gld=0.094737 lld=0.030171 ggd=0.022862 lr=1.000000e-05
2026-05-25 09:46:28 | INFO | epoch=2 step=43/8897 global_step=8940 loss=0.118118 gld=0.086681 lld=0.031853 ggd=0.031119 lr=1.000000e-05
2026-05-25 09:46:33 | INFO | epoch=2 step=63/8897 global_step=8960 loss=0.143064 gld=0.103721 lld=0.028098 ggd=0.039062 lr=1.000000e-05
2026-05-25 09:46:37 | INFO | epoch=2 step=83/8897 global_step=8980 loss=0.121408 gld=0.090609 lld=0.031512 ggd=0.030484 lr=1.000000e-05
2026-05-25 09:46:42 | INFO | epoch=2 step=103/8897 global_step=9000 loss=0.091659 gld=0.066323 lld=0.030220 ggd=0.025034 lr=1.000000e-05
2026-05-25 09:46:46 | INFO | epoch=2 step=123/8897 global_step=9020 loss=0.131794 gld=0.091899 lld=0.036350 ggd=0.039532 lr=1.000000e-05
2026-05-25 09:46:51 | INFO | epoch=2 step=143/8897 global_step=9040 loss=0.085387 gld=0.060368 lld=0.029833 ggd=0.024721 lr=1.000000e-05
2026-05-25 09:46:55 | INFO | epoch=2 step=163/8897 global_step=9060 loss=0.141717 gld=0.104028 lld=0.035424 ggd=0.037334 lr=1.000000e-05
2026-05-25 09:47:00 | INFO | epoch=2 step=183/8897 global_step=9080 loss=0.109420 gld=0.078947 lld=0.033444 ggd=0.030138 lr=1.000000e-05
2026-05-25 09:47:04 | INFO | epoch=2 step=203/8897 global_step=9100 loss=0.111051 gld=0.083090 lld=0.030336 ggd=0.027658 lr=1.000000e-05
2026-05-25 09:47:09 | INFO | epoch=2 step=223/8897 global_step=9120 loss=0.130624 gld=0.102342 lld=0.031334 ggd=0.027969 lr=1.000000e-05
2026-05-25 09:47:13 | INFO | epoch=2 step=243/8897 global_step=9140 loss=0.115496 gld=0.084698 lld=0.029852 ggd=0.030499 lr=1.000000e-05
2026-05-25 09:47:17 | INFO | epoch=2 step=263/8897 global_step=9160 loss=0.144817 gld=0.104234 lld=0.031826 ggd=0.040265 lr=1.000000e-05
2026-05-25 09:47:22 | INFO | epoch=2 step=283/8897 global_step=9180 loss=0.105543 gld=0.081763 lld=0.033268 ggd=0.023447 lr=1.000000e-05
2026-05-25 09:47:26 | INFO | epoch=2 step=303/8897 global_step=9200 loss=0.096382 gld=0.071320 lld=0.029583 ggd=0.024767 lr=1.000000e-05
2026-05-25 09:47:30 | INFO | epoch=2 step=323/8897 global_step=9220 loss=0.108929 gld=0.078537 lld=0.032148 ggd=0.030070 lr=1.000000e-05
2026-05-25 09:47:35 | INFO | epoch=2 step=343/8897 global_step=9240 loss=0.096879 gld=0.069081 lld=0.029570 ggd=0.027503 lr=1.000000e-05
2026-05-25 09:47:39 | INFO | epoch=2 step=363/8897 global_step=9260 loss=0.161290 gld=0.124702 lld=0.030938 ggd=0.036279 lr=1.000000e-05
2026-05-25 09:47:44 | INFO | epoch=2 step=383/8897 global_step=9280 loss=0.106003 gld=0.076733 lld=0.029941 ggd=0.028971 lr=1.000000e-05
2026-05-25 09:47:48 | INFO | epoch=2 step=403/8897 global_step=9300 loss=0.115157 gld=0.082025 lld=0.032715 ggd=0.032805 lr=1.000000e-05
2026-05-25 09:47:53 | INFO | epoch=2 step=423/8897 global_step=9320 loss=0.137720 gld=0.096212 lld=0.032180 ggd=0.041186 lr=1.000000e-05
2026-05-25 09:47:57 | INFO | epoch=2 step=443/8897 global_step=9340 loss=0.105069 gld=0.077432 lld=0.033451 ggd=0.027303 lr=1.000000e-05
2026-05-25 09:48:02 | INFO | epoch=2 step=463/8897 global_step=9360 loss=0.104476 gld=0.076509 lld=0.031698 ggd=0.027650 lr=1.000000e-05
2026-05-25 09:48:06 | INFO | epoch=2 step=483/8897 global_step=9380 loss=0.118834 gld=0.090509 lld=0.031125 ggd=0.028014 lr=1.000000e-05
2026-05-25 09:48:10 | INFO | epoch=2 step=503/8897 global_step=9400 loss=0.117464 gld=0.085801 lld=0.030715 ggd=0.031356 lr=1.000000e-05
2026-05-25 09:48:15 | INFO | epoch=2 step=523/8897 global_step=9420 loss=0.109879 gld=0.083605 lld=0.031793 ggd=0.025956 lr=1.000000e-05
2026-05-25 09:48:19 | INFO | epoch=2 step=543/8897 global_step=9440 loss=0.107422 gld=0.080222 lld=0.028059 ggd=0.026919 lr=1.000000e-05
2026-05-25 09:48:24 | INFO | epoch=2 step=563/8897 global_step=9460 loss=0.103333 gld=0.076370 lld=0.031777 ggd=0.026644 lr=1.000000e-05
2026-05-25 09:48:28 | INFO | epoch=2 step=583/8897 global_step=9480 loss=0.120977 gld=0.090889 lld=0.032057 ggd=0.029768 lr=1.000000e-05
2026-05-25 09:48:33 | INFO | epoch=2 step=603/8897 global_step=9500 loss=0.094566 gld=0.070324 lld=0.031636 ggd=0.023925 lr=1.000000e-05
2026-05-25 09:48:37 | INFO | epoch=2 step=623/8897 global_step=9520 loss=0.149476 gld=0.111340 lld=0.031949 ggd=0.037817 lr=1.000000e-05
2026-05-25 09:48:41 | INFO | epoch=2 step=643/8897 global_step=9540 loss=0.098157 gld=0.068981 lld=0.030018 ggd=0.028875 lr=1.000000e-05
2026-05-25 09:48:46 | INFO | epoch=2 step=663/8897 global_step=9560 loss=0.114424 gld=0.081308 lld=0.030675 ggd=0.032809 lr=1.000000e-05
2026-05-25 09:48:50 | INFO | epoch=2 step=683/8897 global_step=9580 loss=0.104962 gld=0.074399 lld=0.028512 ggd=0.030278 lr=1.000000e-05
2026-05-25 09:48:54 | INFO | epoch=2 step=703/8897 global_step=9600 loss=0.104583 gld=0.078456 lld=0.036671 ggd=0.025760 lr=1.000000e-05
2026-05-25 09:48:59 | INFO | epoch=2 step=723/8897 global_step=9620 loss=0.120756 gld=0.090761 lld=0.032018 ggd=0.029674 lr=1.000000e-05
2026-05-25 09:49:03 | INFO | epoch=2 step=743/8897 global_step=9640 loss=0.170259 gld=0.118036 lld=0.036315 ggd=0.051860 lr=1.000000e-05
2026-05-25 09:49:08 | INFO | epoch=2 step=763/8897 global_step=9660 loss=0.110367 gld=0.082076 lld=0.031544 ggd=0.027976 lr=1.000000e-05
2026-05-25 09:49:12 | INFO | epoch=2 step=783/8897 global_step=9680 loss=0.082329 gld=0.059021 lld=0.031999 ggd=0.022988 lr=1.000000e-05
2026-05-25 09:49:17 | INFO | epoch=2 step=803/8897 global_step=9700 loss=0.111177 gld=0.076186 lld=0.031898 ggd=0.034672 lr=1.000000e-05
2026-05-25 09:49:21 | INFO | epoch=2 step=823/8897 global_step=9720 loss=0.133345 gld=0.092139 lld=0.033347 ggd=0.040872 lr=1.000000e-05
2026-05-25 09:49:26 | INFO | epoch=2 step=843/8897 global_step=9740 loss=0.100494 gld=0.073341 lld=0.031387 ggd=0.026839 lr=1.000000e-05
2026-05-25 09:49:30 | INFO | epoch=2 step=863/8897 global_step=9760 loss=0.137029 gld=0.097366 lld=0.035765 ggd=0.039306 lr=1.000000e-05
2026-05-25 09:49:35 | INFO | epoch=2 step=883/8897 global_step=9780 loss=0.110211 gld=0.080211 lld=0.033746 ggd=0.029663 lr=1.000000e-05
2026-05-25 09:49:39 | INFO | epoch=2 step=903/8897 global_step=9800 loss=0.105743 gld=0.077698 lld=0.033060 ggd=0.027715 lr=1.000000e-05
2026-05-25 09:49:44 | INFO | epoch=2 step=923/8897 global_step=9820 loss=0.104092 gld=0.076452 lld=0.030072 ggd=0.027339 lr=1.000000e-05
2026-05-25 09:49:48 | INFO | epoch=2 step=943/8897 global_step=9840 loss=0.120377 gld=0.085288 lld=0.036732 ggd=0.034722 lr=1.000000e-05
2026-05-25 09:49:52 | INFO | epoch=2 step=963/8897 global_step=9860 loss=0.125679 gld=0.092370 lld=0.029651 ggd=0.033013 lr=1.000000e-05
2026-05-25 09:49:57 | INFO | epoch=2 step=983/8897 global_step=9880 loss=0.116917 gld=0.084594 lld=0.032614 ggd=0.031997 lr=1.000000e-05
2026-05-25 09:50:01 | INFO | epoch=2 step=1003/8897 global_step=9900 loss=0.092557 gld=0.065742 lld=0.031702 ggd=0.026498 lr=1.000000e-05
2026-05-25 09:50:05 | INFO | epoch=2 step=1023/8897 global_step=9920 loss=0.114385 gld=0.085506 lld=0.031481 ggd=0.028564 lr=1.000000e-05
2026-05-25 09:50:10 | INFO | epoch=2 step=1043/8897 global_step=9940 loss=0.111357 gld=0.083598 lld=0.029845 ggd=0.027461 lr=1.000000e-05
2026-05-25 09:50:14 | INFO | epoch=2 step=1063/8897 global_step=9960 loss=0.108897 gld=0.078952 lld=0.030999 ggd=0.029635 lr=1.000000e-05
2026-05-25 09:50:22 | INFO | epoch=2 step=1083/8897 global_step=9980 loss=0.104153 gld=0.074003 lld=0.028664 ggd=0.029864 lr=1.000000e-05
2026-05-25 09:50:29 | INFO | epoch=2 step=1103/8897 global_step=10000 loss=0.116654 gld=0.083607 lld=0.033610 ggd=0.032711 lr=1.000000e-05
2026-05-25 09:50:37 | INFO | epoch=2 step=1123/8897 global_step=10020 loss=0.128356 gld=0.090577 lld=0.033670 ggd=0.037442 lr=1.000000e-05
2026-05-25 09:50:44 | INFO | epoch=2 step=1143/8897 global_step=10040 loss=0.117742 gld=0.086251 lld=0.032493 ggd=0.031166 lr=1.000000e-05
2026-05-25 09:50:52 | INFO | epoch=2 step=1163/8897 global_step=10060 loss=0.109983 gld=0.082048 lld=0.033413 ggd=0.027600 lr=1.000000e-05
2026-05-25 09:50:59 | INFO | epoch=2 step=1183/8897 global_step=10080 loss=0.097941 gld=0.072383 lld=0.030626 ggd=0.025252 lr=1.000000e-05
2026-05-25 09:51:07 | INFO | epoch=2 step=1203/8897 global_step=10100 loss=0.098506 gld=0.071707 lld=0.032254 ggd=0.026476 lr=1.000000e-05
2026-05-25 09:51:15 | INFO | epoch=2 step=1223/8897 global_step=10120 loss=0.084295 gld=0.062717 lld=0.029807 ggd=0.021280 lr=1.000000e-05
2026-05-25 09:51:23 | INFO | epoch=2 step=1243/8897 global_step=10140 loss=0.105917 gld=0.078617 lld=0.030854 ggd=0.026991 lr=1.000000e-05
2026-05-25 09:51:30 | INFO | epoch=2 step=1263/8897 global_step=10160 loss=0.101894 gld=0.073222 lld=0.032055 ggd=0.028352 lr=1.000000e-05
2026-05-25 09:51:37 | INFO | epoch=2 step=1283/8897 global_step=10180 loss=0.138036 gld=0.097512 lld=0.035554 ggd=0.040168 lr=1.000000e-05
2026-05-25 09:51:45 | INFO | epoch=2 step=1303/8897 global_step=10200 loss=0.107313 gld=0.079440 lld=0.030738 ggd=0.027566 lr=1.000000e-05
2026-05-25 09:51:52 | INFO | epoch=2 step=1323/8897 global_step=10220 loss=0.122735 gld=0.088224 lld=0.028857 ggd=0.034222 lr=1.000000e-05
2026-05-25 09:52:00 | INFO | epoch=2 step=1343/8897 global_step=10240 loss=0.121856 gld=0.084888 lld=0.029146 ggd=0.036676 lr=1.000000e-05
2026-05-25 09:52:07 | INFO | epoch=2 step=1363/8897 global_step=10260 loss=0.097902 gld=0.073556 lld=0.031073 ggd=0.024036 lr=1.000000e-05
2026-05-25 09:52:14 | INFO | epoch=2 step=1383/8897 global_step=10280 loss=0.110432 gld=0.077679 lld=0.031486 ggd=0.032438 lr=1.000000e-05
2026-05-25 09:52:22 | INFO | epoch=2 step=1403/8897 global_step=10300 loss=0.100255 gld=0.073244 lld=0.031390 ggd=0.026697 lr=1.000000e-05
2026-05-25 09:52:30 | INFO | epoch=2 step=1423/8897 global_step=10320 loss=0.114264 gld=0.078433 lld=0.031431 ggd=0.035516 lr=1.000000e-05
2026-05-25 09:52:38 | INFO | epoch=2 step=1443/8897 global_step=10340 loss=0.106125 gld=0.074667 lld=0.035500 ggd=0.031103 lr=1.000000e-05
2026-05-25 09:52:45 | INFO | epoch=2 step=1463/8897 global_step=10360 loss=0.123603 gld=0.089443 lld=0.030570 ggd=0.033854 lr=1.000000e-05
2026-05-25 09:52:52 | INFO | epoch=2 step=1483/8897 global_step=10380 loss=0.102926 gld=0.071192 lld=0.034789 ggd=0.031387 lr=1.000000e-05
2026-05-25 09:53:00 | INFO | epoch=2 step=1503/8897 global_step=10400 loss=0.108965 gld=0.077901 lld=0.035330 ggd=0.030711 lr=1.000000e-05
2026-05-25 09:53:07 | INFO | epoch=2 step=1523/8897 global_step=10420 loss=0.116258 gld=0.081892 lld=0.031724 ggd=0.034048 lr=1.000000e-05
2026-05-25 09:53:15 | INFO | epoch=2 step=1543/8897 global_step=10440 loss=0.108093 gld=0.080607 lld=0.029207 ggd=0.027194 lr=1.000000e-05
2026-05-25 09:53:23 | INFO | epoch=2 step=1563/8897 global_step=10460 loss=0.136155 gld=0.100706 lld=0.030415 ggd=0.035145 lr=1.000000e-05
2026-05-25 09:53:31 | INFO | epoch=2 step=1583/8897 global_step=10480 loss=0.086227 gld=0.060369 lld=0.030698 ggd=0.025550 lr=1.000000e-05
2026-05-25 09:53:38 | INFO | epoch=2 step=1603/8897 global_step=10500 loss=0.086170 gld=0.062823 lld=0.029585 ggd=0.023051 lr=1.000000e-05
2026-05-25 09:53:45 | INFO | epoch=2 step=1623/8897 global_step=10520 loss=0.101886 gld=0.072645 lld=0.031111 ggd=0.028930 lr=1.000000e-05
2026-05-25 09:53:53 | INFO | epoch=2 step=1643/8897 global_step=10540 loss=0.109712 gld=0.082386 lld=0.033010 ggd=0.026996 lr=1.000000e-05
2026-05-25 09:54:00 | INFO | epoch=2 step=1663/8897 global_step=10560 loss=0.119988 gld=0.087929 lld=0.032604 ggd=0.031732 lr=1.000000e-05
2026-05-25 09:54:08 | INFO | epoch=2 step=1683/8897 global_step=10580 loss=0.104626 gld=0.074920 lld=0.030278 ggd=0.029404 lr=1.000000e-05
2026-05-25 09:54:15 | INFO | epoch=2 step=1703/8897 global_step=10600 loss=0.082704 gld=0.056767 lld=0.033571 ggd=0.025602 lr=1.000000e-05
2026-05-25 09:54:23 | INFO | epoch=2 step=1723/8897 global_step=10620 loss=0.118133 gld=0.086734 lld=0.030927 ggd=0.031089 lr=1.000000e-05
2026-05-25 09:54:30 | INFO | epoch=2 step=1743/8897 global_step=10640 loss=0.110837 gld=0.078156 lld=0.028464 ggd=0.032397 lr=1.000000e-05
2026-05-25 09:54:38 | INFO | epoch=2 step=1763/8897 global_step=10660 loss=0.105471 gld=0.071217 lld=0.027187 ggd=0.033983 lr=1.000000e-05
2026-05-25 09:54:45 | INFO | epoch=2 step=1783/8897 global_step=10680 loss=0.104572 gld=0.073772 lld=0.033513 ggd=0.030465 lr=1.000000e-05
2026-05-25 09:54:53 | INFO | epoch=2 step=1803/8897 global_step=10700 loss=0.127772 gld=0.094238 lld=0.031310 ggd=0.033221 lr=1.000000e-05
2026-05-25 09:55:00 | INFO | epoch=2 step=1823/8897 global_step=10720 loss=0.129110 gld=0.096534 lld=0.030455 ggd=0.032271 lr=1.000000e-05
2026-05-25 09:55:08 | INFO | epoch=2 step=1843/8897 global_step=10740 loss=0.156801 gld=0.120416 lld=0.029552 ggd=0.036089 lr=1.000000e-05
2026-05-25 09:55:16 | INFO | epoch=2 step=1863/8897 global_step=10760 loss=0.104332 gld=0.077090 lld=0.031586 ggd=0.026926 lr=1.000000e-05
2026-05-25 09:55:23 | INFO | epoch=2 step=1883/8897 global_step=10780 loss=0.095531 gld=0.068181 lld=0.033633 ggd=0.027014 lr=1.000000e-05
2026-05-25 09:55:30 | INFO | epoch=2 step=1903/8897 global_step=10800 loss=0.089720 gld=0.065583 lld=0.031278 ggd=0.023824 lr=1.000000e-05
2026-05-25 09:55:38 | INFO | epoch=2 step=1923/8897 global_step=10820 loss=0.096473 gld=0.070083 lld=0.034290 ggd=0.026048 lr=1.000000e-05
2026-05-25 09:55:45 | INFO | epoch=2 step=1943/8897 global_step=10840 loss=0.117097 gld=0.082898 lld=0.032368 ggd=0.033875 lr=1.000000e-05
2026-05-25 09:55:53 | INFO | epoch=2 step=1963/8897 global_step=10860 loss=0.089128 gld=0.065119 lld=0.031722 ggd=0.023691 lr=1.000000e-05
2026-05-25 09:56:01 | INFO | epoch=2 step=1983/8897 global_step=10880 loss=0.123573 gld=0.084969 lld=0.038047 ggd=0.038223 lr=1.000000e-05
2026-05-25 09:56:08 | INFO | epoch=2 step=2003/8897 global_step=10900 loss=0.110607 gld=0.080197 lld=0.033611 ggd=0.030075 lr=1.000000e-05
2026-05-25 09:56:15 | INFO | epoch=2 step=2023/8897 global_step=10920 loss=0.121842 gld=0.085803 lld=0.032042 ggd=0.035718 lr=1.000000e-05
2026-05-25 09:56:23 | INFO | epoch=2 step=2043/8897 global_step=10940 loss=0.123472 gld=0.095221 lld=0.031644 ggd=0.027934 lr=1.000000e-05
2026-05-25 09:56:31 | INFO | epoch=2 step=2063/8897 global_step=10960 loss=0.107198 gld=0.076823 lld=0.031171 ggd=0.030064 lr=1.000000e-05
2026-05-25 09:56:38 | INFO | epoch=2 step=2083/8897 global_step=10980 loss=0.110319 gld=0.080808 lld=0.034440 ggd=0.029167 lr=1.000000e-05
2026-05-25 09:56:45 | INFO | epoch=2 step=2103/8897 global_step=11000 loss=0.139067 gld=0.093191 lld=0.033578 ggd=0.045540 lr=1.000000e-05
2026-05-25 09:56:53 | INFO | epoch=2 step=2123/8897 global_step=11020 loss=0.087365 gld=0.061856 lld=0.030453 ggd=0.025204 lr=1.000000e-05
2026-05-25 09:57:00 | INFO | epoch=2 step=2143/8897 global_step=11040 loss=0.122348 gld=0.084184 lld=0.034839 ggd=0.037816 lr=1.000000e-05
2026-05-25 09:57:08 | INFO | epoch=2 step=2163/8897 global_step=11060 loss=0.101053 gld=0.070683 lld=0.031680 ggd=0.030053 lr=1.000000e-05
2026-05-25 09:57:16 | INFO | epoch=2 step=2183/8897 global_step=11080 loss=0.097248 gld=0.073720 lld=0.030234 ggd=0.023225 lr=1.000000e-05
2026-05-25 09:57:24 | INFO | epoch=2 step=2203/8897 global_step=11100 loss=0.149811 gld=0.118533 lld=0.032580 ggd=0.030953 lr=1.000000e-05
2026-05-25 09:57:31 | INFO | epoch=2 step=2223/8897 global_step=11120 loss=0.186985 gld=0.130329 lld=0.035279 ggd=0.056303 lr=1.000000e-05
2026-05-25 09:57:38 | INFO | epoch=2 step=2243/8897 global_step=11140 loss=0.110023 gld=0.076024 lld=0.029351 ggd=0.033705 lr=1.000000e-05
2026-05-25 09:57:46 | INFO | epoch=2 step=2263/8897 global_step=11160 loss=0.119054 gld=0.084895 lld=0.029634 ggd=0.033863 lr=1.000000e-05
2026-05-25 09:57:53 | INFO | epoch=2 step=2283/8897 global_step=11180 loss=0.115488 gld=0.084942 lld=0.031703 ggd=0.030229 lr=1.000000e-05
2026-05-25 09:58:01 | INFO | epoch=2 step=2303/8897 global_step=11200 loss=0.104842 gld=0.074960 lld=0.030882 ggd=0.029574 lr=1.000000e-05
2026-05-25 09:58:08 | INFO | epoch=2 step=2323/8897 global_step=11220 loss=0.122519 gld=0.086732 lld=0.032592 ggd=0.035461 lr=1.000000e-05
2026-05-25 09:58:16 | INFO | epoch=2 step=2343/8897 global_step=11240 loss=0.126104 gld=0.094608 lld=0.032749 ggd=0.031168 lr=1.000000e-05
2026-05-25 09:58:23 | INFO | epoch=2 step=2363/8897 global_step=11260 loss=0.100223 gld=0.073503 lld=0.029829 ggd=0.026421 lr=1.000000e-05
2026-05-25 09:58:31 | INFO | epoch=2 step=2383/8897 global_step=11280 loss=0.110580 gld=0.075899 lld=0.029620 ggd=0.034385 lr=1.000000e-05
2026-05-25 09:58:39 | INFO | epoch=2 step=2403/8897 global_step=11300 loss=0.118768 gld=0.084086 lld=0.030355 ggd=0.034378 lr=1.000000e-05
2026-05-25 09:58:46 | INFO | epoch=2 step=2423/8897 global_step=11320 loss=0.124034 gld=0.090059 lld=0.030595 ggd=0.033670 lr=1.000000e-05
2026-05-25 09:58:53 | INFO | epoch=2 step=2443/8897 global_step=11340 loss=0.095673 gld=0.067336 lld=0.033248 ggd=0.028005 lr=1.000000e-05
2026-05-25 09:59:01 | INFO | epoch=2 step=2463/8897 global_step=11360 loss=0.108666 gld=0.083500 lld=0.028327 ggd=0.024883 lr=1.000000e-05
2026-05-25 09:59:09 | INFO | epoch=2 step=2483/8897 global_step=11380 loss=0.086082 gld=0.061443 lld=0.029110 ggd=0.024348 lr=1.000000e-05
2026-05-25 09:59:16 | INFO | epoch=2 step=2503/8897 global_step=11400 loss=0.104650 gld=0.074212 lld=0.032346 ggd=0.030115 lr=1.000000e-05
2026-05-25 09:59:23 | INFO | epoch=2 step=2523/8897 global_step=11420 loss=0.117131 gld=0.088899 lld=0.035597 ggd=0.027875 lr=1.000000e-05
2026-05-25 09:59:31 | INFO | epoch=2 step=2543/8897 global_step=11440 loss=0.124663 gld=0.085443 lld=0.030761 ggd=0.038912 lr=1.000000e-05
2026-05-25 09:59:38 | INFO | epoch=2 step=2563/8897 global_step=11460 loss=0.095467 gld=0.064920 lld=0.030313 ggd=0.030244 lr=1.000000e-05
2026-05-25 09:59:46 | INFO | epoch=2 step=2583/8897 global_step=11480 loss=0.078898 gld=0.055892 lld=0.030389 ggd=0.022703 lr=1.000000e-05
2026-05-25 09:59:54 | INFO | epoch=2 step=2603/8897 global_step=11500 loss=0.106968 gld=0.080125 lld=0.028767 ggd=0.026556 lr=1.000000e-05
2026-05-25 10:00:01 | INFO | epoch=2 step=2623/8897 global_step=11520 loss=0.097989 gld=0.066700 lld=0.031903 ggd=0.030970 lr=1.000000e-05
2026-05-25 10:00:09 | INFO | epoch=2 step=2643/8897 global_step=11540 loss=0.091428 gld=0.063676 lld=0.031033 ggd=0.027441 lr=1.000000e-05
2026-05-25 10:00:16 | INFO | epoch=2 step=2663/8897 global_step=11560 loss=0.098448 gld=0.068597 lld=0.031501 ggd=0.029537 lr=1.000000e-05
2026-05-25 10:00:24 | INFO | epoch=2 step=2683/8897 global_step=11580 loss=0.124367 gld=0.085891 lld=0.034565 ggd=0.038130 lr=1.000000e-05
2026-05-25 10:00:32 | INFO | epoch=2 step=2703/8897 global_step=11600 loss=0.100657 gld=0.074722 lld=0.032234 ggd=0.025612 lr=1.000000e-05
2026-05-25 10:00:39 | INFO | epoch=2 step=2723/8897 global_step=11620 loss=0.092736 gld=0.067613 lld=0.029699 ggd=0.024826 lr=1.000000e-05
2026-05-25 10:00:47 | INFO | epoch=2 step=2743/8897 global_step=11640 loss=0.095623 gld=0.068542 lld=0.030094 ggd=0.026780 lr=1.000000e-05
2026-05-25 10:00:54 | INFO | epoch=2 step=2763/8897 global_step=11660 loss=0.130656 gld=0.093222 lld=0.032983 ggd=0.037104 lr=1.000000e-05
2026-05-25 10:01:02 | INFO | epoch=2 step=2783/8897 global_step=11680 loss=0.114415 gld=0.081793 lld=0.031921 ggd=0.032302 lr=1.000000e-05
2026-05-25 10:01:09 | INFO | epoch=2 step=2803/8897 global_step=11700 loss=0.086129 gld=0.058892 lld=0.031822 ggd=0.026919 lr=1.000000e-05
2026-05-25 10:01:17 | INFO | epoch=2 step=2823/8897 global_step=11720 loss=0.129051 gld=0.094395 lld=0.033711 ggd=0.034319 lr=1.000000e-05
2026-05-25 10:01:25 | INFO | epoch=2 step=2843/8897 global_step=11740 loss=0.127136 gld=0.087614 lld=0.032807 ggd=0.039195 lr=1.000000e-05
2026-05-25 10:01:32 | INFO | epoch=2 step=2863/8897 global_step=11760 loss=0.089418 gld=0.064544 lld=0.030109 ggd=0.024574 lr=1.000000e-05
2026-05-25 10:01:40 | INFO | epoch=2 step=2883/8897 global_step=11780 loss=0.141536 gld=0.093779 lld=0.033841 ggd=0.047419 lr=1.000000e-05
2026-05-25 10:01:47 | INFO | epoch=2 step=2903/8897 global_step=11800 loss=0.105975 gld=0.074723 lld=0.029306 ggd=0.030959 lr=1.000000e-05
2026-05-25 10:01:55 | INFO | epoch=2 step=2923/8897 global_step=11820 loss=0.111362 gld=0.078361 lld=0.031836 ggd=0.032683 lr=1.000000e-05
2026-05-25 10:02:02 | INFO | epoch=2 step=2943/8897 global_step=11840 loss=0.100815 gld=0.073453 lld=0.033926 ggd=0.027023 lr=1.000000e-05
2026-05-25 10:02:10 | INFO | epoch=2 step=2963/8897 global_step=11860 loss=0.098241 gld=0.067947 lld=0.029701 ggd=0.029996 lr=1.000000e-05
2026-05-25 10:02:18 | INFO | epoch=2 step=2983/8897 global_step=11880 loss=0.110132 gld=0.074862 lld=0.036073 ggd=0.034909 lr=1.000000e-05
2026-05-25 10:02:25 | INFO | epoch=2 step=3003/8897 global_step=11900 loss=0.105266 gld=0.076931 lld=0.030144 ggd=0.028034 lr=1.000000e-05
2026-05-25 10:02:32 | INFO | epoch=2 step=3023/8897 global_step=11920 loss=0.096436 gld=0.069912 lld=0.030204 ggd=0.026222 lr=1.000000e-05
2026-05-25 10:02:40 | INFO | epoch=2 step=3043/8897 global_step=11940 loss=0.090976 gld=0.063950 lld=0.030867 ggd=0.026717 lr=1.000000e-05
2026-05-25 10:02:48 | INFO | epoch=2 step=3063/8897 global_step=11960 loss=0.079778 gld=0.057017 lld=0.029864 ggd=0.022463 lr=1.000000e-05
2026-05-25 10:02:55 | INFO | epoch=2 step=3083/8897 global_step=11980 loss=0.135211 gld=0.096765 lld=0.033726 ggd=0.038109 lr=1.000000e-05
2026-05-25 10:03:02 | INFO | epoch=2 step=3103/8897 global_step=12000 loss=0.100892 gld=0.071575 lld=0.032486 ggd=0.028992 lr=1.000000e-05
2026-05-25 10:03:10 | INFO | epoch=2 step=3123/8897 global_step=12020 loss=0.105282 gld=0.076860 lld=0.030096 ggd=0.028121 lr=1.000000e-05
2026-05-25 10:03:17 | INFO | epoch=2 step=3143/8897 global_step=12040 loss=0.085745 gld=0.058089 lld=0.029539 ggd=0.027360 lr=1.000000e-05
2026-05-25 10:03:25 | INFO | epoch=2 step=3163/8897 global_step=12060 loss=0.105032 gld=0.071076 lld=0.034223 ggd=0.033614 lr=1.000000e-05
2026-05-25 10:03:33 | INFO | epoch=2 step=3183/8897 global_step=12080 loss=0.097188 gld=0.071139 lld=0.033663 ggd=0.025713 lr=1.000000e-05
2026-05-25 10:03:40 | INFO | epoch=2 step=3203/8897 global_step=12100 loss=0.114254 gld=0.081409 lld=0.035293 ggd=0.032492 lr=1.000000e-05
2026-05-25 10:03:47 | INFO | epoch=2 step=3223/8897 global_step=12120 loss=0.124665 gld=0.088600 lld=0.033925 ggd=0.035725 lr=1.000000e-05
2026-05-25 10:03:55 | INFO | epoch=2 step=3243/8897 global_step=12140 loss=0.124789 gld=0.088167 lld=0.030468 ggd=0.036317 lr=1.000000e-05
2026-05-25 10:04:03 | INFO | epoch=2 step=3263/8897 global_step=12160 loss=0.118950 gld=0.083684 lld=0.031498 ggd=0.034951 lr=1.000000e-05
2026-05-25 10:04:10 | INFO | epoch=2 step=3283/8897 global_step=12180 loss=0.094600 gld=0.067234 lld=0.030990 ggd=0.027056 lr=1.000000e-05
2026-05-25 10:04:18 | INFO | epoch=2 step=3303/8897 global_step=12200 loss=0.091766 gld=0.063005 lld=0.032410 ggd=0.028437 lr=1.000000e-05
2026-05-25 10:04:25 | INFO | epoch=2 step=3323/8897 global_step=12220 loss=0.103594 gld=0.072992 lld=0.031923 ggd=0.030283 lr=1.000000e-05
2026-05-25 10:04:33 | INFO | epoch=2 step=3343/8897 global_step=12240 loss=0.105554 gld=0.075997 lld=0.034801 ggd=0.029209 lr=1.000000e-05
2026-05-25 10:04:40 | INFO | epoch=2 step=3363/8897 global_step=12260 loss=0.105376 gld=0.072923 lld=0.031922 ggd=0.032134 lr=1.000000e-05
2026-05-25 10:04:48 | INFO | epoch=2 step=3383/8897 global_step=12280 loss=0.111790 gld=0.077662 lld=0.035272 ggd=0.033775 lr=1.000000e-05
2026-05-25 10:04:56 | INFO | epoch=2 step=3403/8897 global_step=12300 loss=0.109950 gld=0.078452 lld=0.029059 ggd=0.031207 lr=1.000000e-05
2026-05-25 10:05:03 | INFO | epoch=2 step=3423/8897 global_step=12320 loss=0.138803 gld=0.100179 lld=0.034809 ggd=0.038276 lr=1.000000e-05
2026-05-25 10:05:10 | INFO | epoch=2 step=3443/8897 global_step=12340 loss=0.118545 gld=0.082765 lld=0.033609 ggd=0.035444 lr=1.000000e-05
2026-05-25 10:05:18 | INFO | epoch=2 step=3463/8897 global_step=12360 loss=0.116672 gld=0.085653 lld=0.030186 ggd=0.030717 lr=1.000000e-05
2026-05-25 10:05:25 | INFO | epoch=2 step=3483/8897 global_step=12380 loss=0.094249 gld=0.068349 lld=0.030779 ggd=0.025592 lr=1.000000e-05
2026-05-25 10:05:33 | INFO | epoch=2 step=3503/8897 global_step=12400 loss=0.097702 gld=0.069868 lld=0.035397 ggd=0.027481 lr=1.000000e-05
2026-05-25 10:05:41 | INFO | epoch=2 step=3523/8897 global_step=12420 loss=0.114386 gld=0.083555 lld=0.029571 ggd=0.030535 lr=1.000000e-05
2026-05-25 10:05:48 | INFO | epoch=2 step=3543/8897 global_step=12440 loss=0.108796 gld=0.077746 lld=0.032486 ggd=0.030724 lr=1.000000e-05
2026-05-25 10:05:55 | INFO | epoch=2 step=3563/8897 global_step=12460 loss=0.088886 gld=0.064162 lld=0.029932 ggd=0.024425 lr=1.000000e-05
2026-05-25 10:06:03 | INFO | epoch=2 step=3583/8897 global_step=12480 loss=0.097761 gld=0.066843 lld=0.030971 ggd=0.030608 lr=1.000000e-05
2026-05-25 10:06:11 | INFO | epoch=2 step=3603/8897 global_step=12500 loss=0.091664 gld=0.063553 lld=0.033198 ggd=0.027778 lr=1.000000e-05
2026-05-25 10:06:18 | INFO | epoch=2 step=3623/8897 global_step=12520 loss=0.115864 gld=0.081197 lld=0.034966 ggd=0.034317 lr=1.000000e-05
2026-05-25 10:06:26 | INFO | epoch=2 step=3643/8897 global_step=12540 loss=0.121951 gld=0.086311 lld=0.032246 ggd=0.035317 lr=1.000000e-05
2026-05-25 10:06:33 | INFO | epoch=2 step=3663/8897 global_step=12560 loss=0.089323 gld=0.062422 lld=0.033466 ggd=0.026566 lr=1.000000e-05
2026-05-25 10:06:41 | INFO | epoch=2 step=3683/8897 global_step=12580 loss=0.087009 gld=0.067338 lld=0.030667 ggd=0.019365 lr=1.000000e-05
2026-05-25 10:06:48 | INFO | epoch=2 step=3703/8897 global_step=12600 loss=0.104706 gld=0.072814 lld=0.034334 ggd=0.031549 lr=1.000000e-05
2026-05-25 10:06:56 | INFO | epoch=2 step=3723/8897 global_step=12620 loss=0.104265 gld=0.077703 lld=0.030627 ggd=0.026256 lr=1.000000e-05
2026-05-25 10:07:04 | INFO | epoch=2 step=3743/8897 global_step=12640 loss=0.116560 gld=0.082693 lld=0.031138 ggd=0.033555 lr=1.000000e-05
2026-05-25 10:07:11 | INFO | epoch=2 step=3763/8897 global_step=12660 loss=0.128217 gld=0.090332 lld=0.034648 ggd=0.037539 lr=1.000000e-05
2026-05-25 10:07:18 | INFO | epoch=2 step=3783/8897 global_step=12680 loss=0.095514 gld=0.066992 lld=0.031330 ggd=0.028209 lr=1.000000e-05
2026-05-25 10:07:26 | INFO | epoch=2 step=3803/8897 global_step=12700 loss=0.093050 gld=0.066510 lld=0.028195 ggd=0.026259 lr=1.000000e-05
2026-05-25 10:07:33 | INFO | epoch=2 step=3823/8897 global_step=12720 loss=0.094482 gld=0.068478 lld=0.031285 ggd=0.025691 lr=1.000000e-05
2026-05-25 10:07:41 | INFO | epoch=2 step=3843/8897 global_step=12740 loss=0.107636 gld=0.074088 lld=0.034057 ggd=0.033208 lr=1.000000e-05
2026-05-25 10:07:48 | INFO | epoch=2 step=3863/8897 global_step=12760 loss=0.125537 gld=0.088349 lld=0.034638 ggd=0.036842 lr=1.000000e-05
2026-05-25 10:07:56 | INFO | epoch=2 step=3883/8897 global_step=12780 loss=0.124377 gld=0.084615 lld=0.032384 ggd=0.039438 lr=1.000000e-05
2026-05-25 10:08:03 | INFO | epoch=2 step=3903/8897 global_step=12800 loss=0.080905 gld=0.056936 lld=0.029519 ggd=0.023674 lr=1.000000e-05
2026-05-25 10:08:11 | INFO | epoch=2 step=3923/8897 global_step=12820 loss=0.083352 gld=0.057814 lld=0.030637 ggd=0.025231 lr=1.000000e-05
2026-05-25 10:08:19 | INFO | epoch=2 step=3943/8897 global_step=12840 loss=0.088123 gld=0.063185 lld=0.033194 ggd=0.024606 lr=1.000000e-05
2026-05-25 10:08:26 | INFO | epoch=2 step=3963/8897 global_step=12860 loss=0.099432 gld=0.070284 lld=0.032601 ggd=0.028822 lr=1.000000e-05
2026-05-25 10:08:33 | INFO | epoch=2 step=3983/8897 global_step=12880 loss=0.074759 gld=0.052514 lld=0.031625 ggd=0.021929 lr=1.000000e-05
2026-05-25 10:08:41 | INFO | epoch=2 step=4003/8897 global_step=12900 loss=0.101152 gld=0.075206 lld=0.031605 ggd=0.025630 lr=1.000000e-05
2026-05-25 10:08:49 | INFO | epoch=2 step=4023/8897 global_step=12920 loss=0.121344 gld=0.086726 lld=0.032152 ggd=0.034297 lr=1.000000e-05
2026-05-25 10:08:56 | INFO | epoch=2 step=4043/8897 global_step=12940 loss=0.106082 gld=0.076201 lld=0.031326 ggd=0.029568 lr=1.000000e-05
2026-05-25 10:09:04 | INFO | epoch=2 step=4063/8897 global_step=12960 loss=0.093682 gld=0.064806 lld=0.030937 ggd=0.028566 lr=1.000000e-05
2026-05-25 10:09:11 | INFO | epoch=2 step=4083/8897 global_step=12980 loss=0.158505 gld=0.108556 lld=0.030733 ggd=0.049642 lr=1.000000e-05
2026-05-25 10:09:19 | INFO | epoch=2 step=4103/8897 global_step=13000 loss=0.086044 gld=0.061086 lld=0.031085 ggd=0.024647 lr=1.000000e-05
2026-05-25 10:09:26 | INFO | epoch=2 step=4123/8897 global_step=13020 loss=0.107073 gld=0.076644 lld=0.031475 ggd=0.030115 lr=1.000000e-05
2026-05-25 10:09:34 | INFO | epoch=2 step=4143/8897 global_step=13040 loss=0.109776 gld=0.073783 lld=0.031466 ggd=0.035678 lr=1.000000e-05
2026-05-25 10:09:42 | INFO | epoch=2 step=4163/8897 global_step=13060 loss=0.117226 gld=0.086110 lld=0.029253 ggd=0.030823 lr=1.000000e-05
2026-05-25 10:09:49 | INFO | epoch=2 step=4183/8897 global_step=13080 loss=0.104686 gld=0.070377 lld=0.028518 ggd=0.034024 lr=1.000000e-05
2026-05-25 10:09:56 | INFO | epoch=2 step=4203/8897 global_step=13100 loss=0.124477 gld=0.080031 lld=0.033821 ggd=0.044108 lr=1.000000e-05
2026-05-25 10:10:04 | INFO | epoch=2 step=4223/8897 global_step=13120 loss=0.093723 gld=0.065282 lld=0.030690 ggd=0.028134 lr=1.000000e-05
2026-05-25 10:10:11 | INFO | epoch=2 step=4243/8897 global_step=13140 loss=0.114119 gld=0.084709 lld=0.030433 ggd=0.029106 lr=1.000000e-05
2026-05-25 10:10:19 | INFO | epoch=2 step=4263/8897 global_step=13160 loss=0.146386 gld=0.104763 lld=0.032013 ggd=0.041302 lr=1.000000e-05
2026-05-25 10:10:27 | INFO | epoch=2 step=4283/8897 global_step=13180 loss=0.086388 gld=0.062417 lld=0.029171 ggd=0.023679 lr=1.000000e-05
2026-05-25 10:10:34 | INFO | epoch=2 step=4303/8897 global_step=13200 loss=0.099076 gld=0.071410 lld=0.031398 ggd=0.027352 lr=1.000000e-05
2026-05-25 10:10:41 | INFO | epoch=2 step=4323/8897 global_step=13220 loss=0.108121 gld=0.075359 lld=0.031481 ggd=0.032447 lr=1.000000e-05
2026-05-25 10:10:49 | INFO | epoch=2 step=4343/8897 global_step=13240 loss=0.113770 gld=0.081253 lld=0.030495 ggd=0.032212 lr=1.000000e-05
2026-05-25 10:10:57 | INFO | epoch=2 step=4363/8897 global_step=13260 loss=0.090413 gld=0.064787 lld=0.032186 ggd=0.025304 lr=1.000000e-05
2026-05-25 10:11:04 | INFO | epoch=2 step=4383/8897 global_step=13280 loss=0.118018 gld=0.079498 lld=0.035080 ggd=0.038169 lr=1.000000e-05
2026-05-25 10:11:12 | INFO | epoch=2 step=4403/8897 global_step=13300 loss=0.094222 gld=0.065422 lld=0.032857 ggd=0.028471 lr=1.000000e-05
2026-05-25 10:11:19 | INFO | epoch=2 step=4423/8897 global_step=13320 loss=0.099390 gld=0.072042 lld=0.029041 ggd=0.027058 lr=1.000000e-05
2026-05-25 10:11:27 | INFO | epoch=2 step=4443/8897 global_step=13340 loss=0.116475 gld=0.084188 lld=0.031497 ggd=0.031971 lr=1.000000e-05
2026-05-25 10:11:34 | INFO | epoch=2 step=4463/8897 global_step=13360 loss=0.105823 gld=0.075369 lld=0.029845 ggd=0.030156 lr=1.000000e-05
2026-05-25 10:11:42 | INFO | epoch=2 step=4483/8897 global_step=13380 loss=0.075505 gld=0.054788 lld=0.026623 ggd=0.020451 lr=1.000000e-05
2026-05-25 10:11:49 | INFO | epoch=2 step=4503/8897 global_step=13400 loss=0.089143 gld=0.061584 lld=0.027888 ggd=0.027280 lr=1.000000e-05
2026-05-25 10:11:57 | INFO | epoch=2 step=4523/8897 global_step=13420 loss=0.100172 gld=0.074022 lld=0.032821 ggd=0.025821 lr=1.000000e-05
2026-05-25 10:12:04 | INFO | epoch=2 step=4543/8897 global_step=13440 loss=0.082519 gld=0.059064 lld=0.029995 ggd=0.023156 lr=1.000000e-05
2026-05-25 10:12:12 | INFO | epoch=2 step=4563/8897 global_step=13460 loss=0.115640 gld=0.081506 lld=0.029963 ggd=0.033834 lr=1.000000e-05
2026-05-25 10:12:20 | INFO | epoch=2 step=4583/8897 global_step=13480 loss=0.092799 gld=0.066123 lld=0.030778 ggd=0.026368 lr=1.000000e-05
2026-05-25 10:12:26 | INFO | epoch=2 step=4603/8897 global_step=13500 loss=0.114550 gld=0.081534 lld=0.031886 ggd=0.032697 lr=1.000000e-05
2026-05-25 10:12:34 | INFO | epoch=2 step=4623/8897 global_step=13520 loss=0.086225 gld=0.059395 lld=0.031782 ggd=0.026512 lr=1.000000e-05
2026-05-25 10:12:42 | INFO | epoch=2 step=4643/8897 global_step=13540 loss=0.103117 gld=0.074405 lld=0.028562 ggd=0.028426 lr=1.000000e-05
2026-05-25 10:12:49 | INFO | epoch=2 step=4663/8897 global_step=13560 loss=0.126417 gld=0.089844 lld=0.031481 ggd=0.036258 lr=1.000000e-05
2026-05-25 10:12:57 | INFO | epoch=2 step=4683/8897 global_step=13580 loss=0.078885 gld=0.056518 lld=0.032068 ggd=0.022046 lr=1.000000e-05
2026-05-25 10:13:05 | INFO | epoch=2 step=4703/8897 global_step=13600 loss=0.107995 gld=0.076746 lld=0.032482 ggd=0.030925 lr=1.000000e-05
2026-05-25 10:13:12 | INFO | epoch=2 step=4723/8897 global_step=13620 loss=0.081387 gld=0.056739 lld=0.032036 ggd=0.024327 lr=1.000000e-05
2026-05-25 10:13:19 | INFO | epoch=2 step=4743/8897 global_step=13640 loss=0.127840 gld=0.088965 lld=0.033839 ggd=0.038537 lr=1.000000e-05
2026-05-25 10:13:27 | INFO | epoch=2 step=4763/8897 global_step=13660 loss=0.109257 gld=0.079322 lld=0.032828 ggd=0.029606 lr=1.000000e-05
2026-05-25 10:13:35 | INFO | epoch=2 step=4783/8897 global_step=13680 loss=0.086883 gld=0.056499 lld=0.031359 ggd=0.030070 lr=1.000000e-05
2026-05-25 10:13:42 | INFO | epoch=2 step=4803/8897 global_step=13700 loss=0.097123 gld=0.067873 lld=0.031138 ggd=0.028939 lr=1.000000e-05
2026-05-25 10:13:49 | INFO | epoch=2 step=4823/8897 global_step=13720 loss=0.093288 gld=0.063006 lld=0.031715 ggd=0.029964 lr=1.000000e-05
2026-05-25 10:13:57 | INFO | epoch=2 step=4843/8897 global_step=13740 loss=0.113877 gld=0.082262 lld=0.031648 ggd=0.031298 lr=1.000000e-05
2026-05-25 10:14:04 | INFO | epoch=2 step=4863/8897 global_step=13760 loss=0.096686 gld=0.067737 lld=0.033088 ggd=0.028618 lr=1.000000e-05
2026-05-25 10:14:12 | INFO | epoch=2 step=4883/8897 global_step=13780 loss=0.105973 gld=0.075807 lld=0.031681 ggd=0.029849 lr=1.000000e-05
2026-05-25 10:14:20 | INFO | epoch=2 step=4903/8897 global_step=13800 loss=0.103454 gld=0.073533 lld=0.029736 ggd=0.029623 lr=1.000000e-05
2026-05-25 10:14:27 | INFO | epoch=2 step=4923/8897 global_step=13820 loss=0.095902 gld=0.069074 lld=0.031455 ggd=0.026514 lr=1.000000e-05
2026-05-25 10:14:34 | INFO | epoch=2 step=4943/8897 global_step=13840 loss=0.112498 gld=0.079230 lld=0.030785 ggd=0.032960 lr=1.000000e-05
2026-05-25 10:14:42 | INFO | epoch=2 step=4963/8897 global_step=13860 loss=0.111976 gld=0.080896 lld=0.032059 ggd=0.030759 lr=1.000000e-05
2026-05-25 10:14:50 | INFO | epoch=2 step=4983/8897 global_step=13880 loss=0.098690 gld=0.070013 lld=0.032756 ggd=0.028349 lr=1.000000e-05
2026-05-25 10:14:57 | INFO | epoch=2 step=5003/8897 global_step=13900 loss=0.121092 gld=0.084643 lld=0.032588 ggd=0.036123 lr=1.000000e-05
2026-05-25 10:15:05 | INFO | epoch=2 step=5023/8897 global_step=13920 loss=0.116312 gld=0.080591 lld=0.030065 ggd=0.035421 lr=1.000000e-05
2026-05-25 10:15:12 | INFO | epoch=2 step=5043/8897 global_step=13940 loss=0.099726 gld=0.069829 lld=0.031422 ggd=0.029582 lr=1.000000e-05
2026-05-25 10:15:19 | INFO | epoch=2 step=5063/8897 global_step=13960 loss=0.116529 gld=0.081097 lld=0.032910 ggd=0.035103 lr=1.000000e-05
2026-05-25 10:15:27 | INFO | epoch=2 step=5083/8897 global_step=13980 loss=0.105301 gld=0.077268 lld=0.030945 ggd=0.027723 lr=1.000000e-05
2026-05-25 10:15:35 | INFO | epoch=2 step=5103/8897 global_step=14000 loss=0.092817 gld=0.065960 lld=0.031837 ggd=0.026539 lr=1.000000e-05
2026-05-25 10:15:42 | INFO | epoch=2 step=5123/8897 global_step=14020 loss=0.104553 gld=0.071306 lld=0.032070 ggd=0.032926 lr=1.000000e-05
2026-05-25 10:15:49 | INFO | epoch=2 step=5143/8897 global_step=14040 loss=0.133043 gld=0.092944 lld=0.036776 ggd=0.039731 lr=1.000000e-05
2026-05-25 10:15:57 | INFO | epoch=2 step=5163/8897 global_step=14060 loss=0.103640 gld=0.073278 lld=0.028558 ggd=0.030076 lr=1.000000e-05
2026-05-25 10:16:05 | INFO | epoch=2 step=5183/8897 global_step=14080 loss=0.119512 gld=0.086264 lld=0.030998 ggd=0.032938 lr=1.000000e-05
2026-05-25 10:16:12 | INFO | epoch=2 step=5203/8897 global_step=14100 loss=0.127955 gld=0.087251 lld=0.031183 ggd=0.040392 lr=1.000000e-05
2026-05-25 10:16:19 | INFO | epoch=2 step=5223/8897 global_step=14120 loss=0.121487 gld=0.085103 lld=0.031483 ggd=0.036069 lr=1.000000e-05
2026-05-25 10:16:27 | INFO | epoch=2 step=5243/8897 global_step=14140 loss=0.124550 gld=0.088493 lld=0.032207 ggd=0.035735 lr=1.000000e-05
2026-05-25 10:16:34 | INFO | epoch=2 step=5263/8897 global_step=14160 loss=0.117788 gld=0.079636 lld=0.030127 ggd=0.037851 lr=1.000000e-05
2026-05-25 10:16:42 | INFO | epoch=2 step=5283/8897 global_step=14180 loss=0.121732 gld=0.079841 lld=0.035095 ggd=0.041540 lr=1.000000e-05
2026-05-25 10:16:50 | INFO | epoch=2 step=5303/8897 global_step=14200 loss=0.099342 gld=0.068956 lld=0.029635 ggd=0.030090 lr=1.000000e-05
2026-05-25 10:16:57 | INFO | epoch=2 step=5323/8897 global_step=14220 loss=0.096999 gld=0.067557 lld=0.029690 ggd=0.029145 lr=1.000000e-05
2026-05-25 10:17:05 | INFO | epoch=2 step=5343/8897 global_step=14240 loss=0.101281 gld=0.073351 lld=0.029840 ggd=0.027632 lr=1.000000e-05
2026-05-25 10:17:12 | INFO | epoch=2 step=5363/8897 global_step=14260 loss=0.154006 gld=0.111209 lld=0.029936 ggd=0.042497 lr=1.000000e-05
2026-05-25 10:17:20 | INFO | epoch=2 step=5383/8897 global_step=14280 loss=0.093919 gld=0.069288 lld=0.027958 ggd=0.024351 lr=1.000000e-05
2026-05-25 10:17:27 | INFO | epoch=2 step=5403/8897 global_step=14300 loss=0.092047 gld=0.066444 lld=0.032339 ggd=0.025280 lr=1.000000e-05
2026-05-25 10:17:35 | INFO | epoch=2 step=5423/8897 global_step=14320 loss=0.096012 gld=0.069014 lld=0.026976 ggd=0.026728 lr=1.000000e-05
2026-05-25 10:17:42 | INFO | epoch=2 step=5443/8897 global_step=14340 loss=0.095587 gld=0.068510 lld=0.028638 ggd=0.026791 lr=1.000000e-05
2026-05-25 10:17:50 | INFO | epoch=2 step=5463/8897 global_step=14360 loss=0.110219 gld=0.078758 lld=0.033375 ggd=0.031127 lr=1.000000e-05
2026-05-25 10:17:57 | INFO | epoch=2 step=5483/8897 global_step=14380 loss=0.098841 gld=0.070175 lld=0.030893 ggd=0.028357 lr=1.000000e-05
2026-05-25 10:18:05 | INFO | epoch=2 step=5503/8897 global_step=14400 loss=0.093331 gld=0.064740 lld=0.029208 ggd=0.028299 lr=1.000000e-05
2026-05-25 10:18:13 | INFO | epoch=2 step=5523/8897 global_step=14420 loss=0.107368 gld=0.082992 lld=0.029080 ggd=0.024086 lr=1.000000e-05
2026-05-25 10:18:20 | INFO | epoch=2 step=5543/8897 global_step=14440 loss=0.095179 gld=0.069917 lld=0.028236 ggd=0.024979 lr=1.000000e-05
2026-05-25 10:18:27 | INFO | epoch=2 step=5563/8897 global_step=14460 loss=0.124245 gld=0.087483 lld=0.031622 ggd=0.036446 lr=1.000000e-05
2026-05-25 10:18:35 | INFO | epoch=2 step=5583/8897 global_step=14480 loss=0.082909 gld=0.059987 lld=0.028137 ggd=0.022641 lr=1.000000e-05
2026-05-25 10:18:43 | INFO | epoch=2 step=5603/8897 global_step=14500 loss=0.101471 gld=0.063873 lld=0.030544 ggd=0.037292 lr=1.000000e-05
2026-05-25 10:18:50 | INFO | epoch=2 step=5623/8897 global_step=14520 loss=0.124569 gld=0.090962 lld=0.031037 ggd=0.033296 lr=1.000000e-05
2026-05-25 10:18:58 | INFO | epoch=2 step=5643/8897 global_step=14540 loss=0.093380 gld=0.065402 lld=0.030977 ggd=0.027668 lr=1.000000e-05
2026-05-25 10:19:05 | INFO | epoch=2 step=5663/8897 global_step=14560 loss=0.098304 gld=0.071406 lld=0.031047 ggd=0.026587 lr=1.000000e-05
2026-05-25 10:19:12 | INFO | epoch=2 step=5683/8897 global_step=14580 loss=0.085438 gld=0.060195 lld=0.030361 ggd=0.024939 lr=1.000000e-05
2026-05-25 10:19:20 | INFO | epoch=2 step=5703/8897 global_step=14600 loss=0.116511 gld=0.084634 lld=0.032099 ggd=0.031556 lr=1.000000e-05
2026-05-25 10:19:28 | INFO | epoch=2 step=5723/8897 global_step=14620 loss=0.125098 gld=0.087287 lld=0.031033 ggd=0.037501 lr=1.000000e-05
2026-05-25 10:19:36 | INFO | epoch=2 step=5743/8897 global_step=14640 loss=0.121413 gld=0.087829 lld=0.031567 ggd=0.033268 lr=1.000000e-05
2026-05-25 10:19:43 | INFO | epoch=2 step=5763/8897 global_step=14660 loss=0.095763 gld=0.072327 lld=0.030899 ggd=0.023127 lr=1.000000e-05
2026-05-25 10:19:50 | INFO | epoch=2 step=5783/8897 global_step=14680 loss=0.093422 gld=0.064848 lld=0.032475 ggd=0.028250 lr=1.000000e-05
2026-05-25 10:19:58 | INFO | epoch=2 step=5803/8897 global_step=14700 loss=0.098851 gld=0.071447 lld=0.028606 ggd=0.027118 lr=1.000000e-05
2026-05-25 10:20:05 | INFO | epoch=2 step=5823/8897 global_step=14720 loss=0.102567 gld=0.074480 lld=0.028518 ggd=0.027801 lr=1.000000e-05
2026-05-25 10:20:13 | INFO | epoch=2 step=5843/8897 global_step=14740 loss=0.122786 gld=0.089310 lld=0.029718 ggd=0.033180 lr=1.000000e-05
2026-05-25 10:20:21 | INFO | epoch=2 step=5863/8897 global_step=14760 loss=0.079988 gld=0.057017 lld=0.028920 ggd=0.022683 lr=1.000000e-05
2026-05-25 10:20:28 | INFO | epoch=2 step=5883/8897 global_step=14780 loss=0.081348 gld=0.058803 lld=0.027600 ggd=0.022269 lr=1.000000e-05
2026-05-25 10:20:36 | INFO | epoch=2 step=5903/8897 global_step=14800 loss=0.079984 gld=0.056096 lld=0.030182 ggd=0.023587 lr=1.000000e-05
2026-05-25 10:20:43 | INFO | epoch=2 step=5923/8897 global_step=14820 loss=0.106849 gld=0.076409 lld=0.030152 ggd=0.030138 lr=1.000000e-05
2026-05-25 10:20:51 | INFO | epoch=2 step=5943/8897 global_step=14840 loss=0.088323 gld=0.062738 lld=0.031353 ggd=0.025271 lr=1.000000e-05
2026-05-25 10:20:58 | INFO | epoch=2 step=5963/8897 global_step=14860 loss=0.097940 gld=0.066960 lld=0.031568 ggd=0.030665 lr=1.000000e-05
2026-05-25 10:21:06 | INFO | epoch=2 step=5983/8897 global_step=14880 loss=0.105493 gld=0.073881 lld=0.028052 ggd=0.031332 lr=1.000000e-05
2026-05-25 10:21:13 | INFO | epoch=2 step=6003/8897 global_step=14900 loss=0.094778 gld=0.067478 lld=0.029302 ggd=0.027006 lr=1.000000e-05
2026-05-25 10:21:21 | INFO | epoch=2 step=6023/8897 global_step=14920 loss=0.104407 gld=0.072052 lld=0.030949 ggd=0.032045 lr=1.000000e-05
2026-05-25 10:21:28 | INFO | epoch=2 step=6043/8897 global_step=14940 loss=0.113077 gld=0.080404 lld=0.032990 ggd=0.032344 lr=1.000000e-05
2026-05-25 10:21:36 | INFO | epoch=2 step=6063/8897 global_step=14960 loss=0.085445 gld=0.059543 lld=0.033533 ggd=0.025567 lr=1.000000e-05
2026-05-25 10:21:44 | INFO | epoch=2 step=6083/8897 global_step=14980 loss=0.102502 gld=0.068453 lld=0.035214 ggd=0.033698 lr=1.000000e-05
2026-05-25 10:21:51 | INFO | epoch=2 step=6103/8897 global_step=15000 loss=0.098564 gld=0.068796 lld=0.032496 ggd=0.029444 lr=1.000000e-05
2026-05-25 10:21:58 | INFO | epoch=2 step=6123/8897 global_step=15020 loss=0.077786 gld=0.053459 lld=0.028444 ggd=0.024042 lr=1.000000e-05
2026-05-25 10:22:06 | INFO | epoch=2 step=6143/8897 global_step=15040 loss=0.147014 gld=0.098643 lld=0.030979 ggd=0.048061 lr=1.000000e-05
2026-05-25 10:22:14 | INFO | epoch=2 step=6163/8897 global_step=15060 loss=0.090214 gld=0.065840 lld=0.030043 ggd=0.024074 lr=1.000000e-05
2026-05-25 10:22:21 | INFO | epoch=2 step=6183/8897 global_step=15080 loss=0.095432 gld=0.068136 lld=0.028789 ggd=0.027008 lr=1.000000e-05
2026-05-25 10:22:29 | INFO | epoch=2 step=6203/8897 global_step=15100 loss=0.120518 gld=0.086230 lld=0.033876 ggd=0.033949 lr=1.000000e-05
2026-05-25 10:22:36 | INFO | epoch=2 step=6223/8897 global_step=15120 loss=0.105728 gld=0.074826 lld=0.028887 ggd=0.030614 lr=1.000000e-05
2026-05-25 10:22:44 | INFO | epoch=2 step=6243/8897 global_step=15140 loss=0.111428 gld=0.076753 lld=0.029668 ggd=0.034378 lr=1.000000e-05
2026-05-25 10:22:51 | INFO | epoch=2 step=6263/8897 global_step=15160 loss=0.113599 gld=0.076522 lld=0.032538 ggd=0.036751 lr=1.000000e-05
2026-05-25 10:22:59 | INFO | epoch=2 step=6283/8897 global_step=15180 loss=0.136349 gld=0.090898 lld=0.033602 ggd=0.045115 lr=1.000000e-05
2026-05-25 10:23:06 | INFO | epoch=2 step=6303/8897 global_step=15200 loss=0.090352 gld=0.065994 lld=0.029791 ggd=0.024061 lr=1.000000e-05
2026-05-25 10:23:13 | INFO | epoch=2 step=6323/8897 global_step=15220 loss=0.130743 gld=0.092091 lld=0.032131 ggd=0.038331 lr=1.000000e-05
2026-05-25 10:23:21 | INFO | epoch=2 step=6343/8897 global_step=15240 loss=0.101273 gld=0.073259 lld=0.027468 ggd=0.027740 lr=1.000000e-05
2026-05-25 10:23:29 | INFO | epoch=2 step=6363/8897 global_step=15260 loss=0.101650 gld=0.072049 lld=0.029272 ggd=0.029309 lr=1.000000e-05
2026-05-25 10:23:36 | INFO | epoch=2 step=6383/8897 global_step=15280 loss=0.102819 gld=0.073554 lld=0.028224 ggd=0.028983 lr=1.000000e-05
2026-05-25 10:23:43 | INFO | epoch=2 step=6403/8897 global_step=15300 loss=0.105934 gld=0.078708 lld=0.028790 ggd=0.026938 lr=1.000000e-05
2026-05-25 10:23:51 | INFO | epoch=2 step=6423/8897 global_step=15320 loss=0.110062 gld=0.077763 lld=0.032464 ggd=0.031974 lr=1.000000e-05
2026-05-25 10:23:59 | INFO | epoch=2 step=6443/8897 global_step=15340 loss=0.086251 gld=0.062180 lld=0.027187 ggd=0.023798 lr=1.000000e-05
2026-05-25 10:24:06 | INFO | epoch=2 step=6463/8897 global_step=15360 loss=0.074950 gld=0.052120 lld=0.029619 ggd=0.022534 lr=1.000000e-05
2026-05-25 10:24:14 | INFO | epoch=2 step=6483/8897 global_step=15380 loss=0.108937 gld=0.077173 lld=0.032337 ggd=0.031440 lr=1.000000e-05
2026-05-25 10:24:21 | INFO | epoch=2 step=6503/8897 global_step=15400 loss=0.108268 gld=0.073933 lld=0.032597 ggd=0.034010 lr=1.000000e-05
2026-05-25 10:24:29 | INFO | epoch=2 step=6523/8897 global_step=15420 loss=0.098774 gld=0.071207 lld=0.032186 ggd=0.027246 lr=1.000000e-05
2026-05-25 10:24:36 | INFO | epoch=2 step=6543/8897 global_step=15440 loss=0.101810 gld=0.073941 lld=0.029550 ggd=0.027573 lr=1.000000e-05
2026-05-25 10:24:44 | INFO | epoch=2 step=6563/8897 global_step=15460 loss=0.111180 gld=0.075834 lld=0.035285 ggd=0.034993 lr=1.000000e-05
2026-05-25 10:24:52 | INFO | epoch=2 step=6583/8897 global_step=15480 loss=0.083335 gld=0.055942 lld=0.029497 ggd=0.027099 lr=1.000000e-05
2026-05-25 10:24:59 | INFO | epoch=2 step=6603/8897 global_step=15500 loss=0.093828 gld=0.065459 lld=0.031042 ggd=0.028060 lr=1.000000e-05
2026-05-25 10:25:06 | INFO | epoch=2 step=6623/8897 global_step=15520 loss=0.116176 gld=0.079156 lld=0.032729 ggd=0.036693 lr=1.000000e-05
2026-05-25 10:25:14 | INFO | epoch=2 step=6643/8897 global_step=15540 loss=0.092728 gld=0.065726 lld=0.034621 ggd=0.026656 lr=1.000000e-05
2026-05-25 10:25:21 | INFO | epoch=2 step=6663/8897 global_step=15560 loss=0.103632 gld=0.075652 lld=0.032074 ggd=0.027659 lr=1.000000e-05
2026-05-25 10:25:29 | INFO | epoch=2 step=6683/8897 global_step=15580 loss=0.090932 gld=0.066583 lld=0.031869 ggd=0.024030 lr=1.000000e-05
2026-05-25 10:25:37 | INFO | epoch=2 step=6703/8897 global_step=15600 loss=0.101973 gld=0.074345 lld=0.029747 ggd=0.027330 lr=1.000000e-05
2026-05-25 10:25:44 | INFO | epoch=2 step=6723/8897 global_step=15620 loss=0.104896 gld=0.074207 lld=0.030673 ggd=0.030382 lr=1.000000e-05
2026-05-25 10:25:52 | INFO | epoch=2 step=6743/8897 global_step=15640 loss=0.082994 gld=0.057521 lld=0.031304 ggd=0.025160 lr=1.000000e-05
2026-05-25 10:25:59 | INFO | epoch=2 step=6763/8897 global_step=15660 loss=0.102989 gld=0.073941 lld=0.030247 ggd=0.028745 lr=1.000000e-05
2026-05-25 10:26:07 | INFO | epoch=2 step=6783/8897 global_step=15680 loss=0.100032 gld=0.069765 lld=0.030794 ggd=0.029958 lr=1.000000e-05
2026-05-25 10:26:14 | INFO | epoch=2 step=6803/8897 global_step=15700 loss=0.089563 gld=0.061648 lld=0.032244 ggd=0.027592 lr=1.000000e-05
2026-05-25 10:26:22 | INFO | epoch=2 step=6823/8897 global_step=15720 loss=0.085672 gld=0.060151 lld=0.030906 ggd=0.025212 lr=1.000000e-05
2026-05-25 10:26:29 | INFO | epoch=2 step=6843/8897 global_step=15740 loss=0.098814 gld=0.069711 lld=0.029299 ggd=0.028810 lr=1.000000e-05
2026-05-25 10:26:37 | INFO | epoch=2 step=6863/8897 global_step=15760 loss=0.103967 gld=0.070397 lld=0.031870 ggd=0.033251 lr=1.000000e-05
2026-05-25 10:26:44 | INFO | epoch=2 step=6883/8897 global_step=15780 loss=0.107891 gld=0.072012 lld=0.029692 ggd=0.035581 lr=1.000000e-05
2026-05-25 10:26:52 | INFO | epoch=2 step=6903/8897 global_step=15800 loss=0.143868 gld=0.107650 lld=0.033078 ggd=0.035887 lr=1.000000e-05
2026-05-25 10:27:00 | INFO | epoch=2 step=6923/8897 global_step=15820 loss=0.119121 gld=0.081077 lld=0.032548 ggd=0.037719 lr=1.000000e-05
2026-05-25 10:27:07 | INFO | epoch=2 step=6943/8897 global_step=15840 loss=0.114505 gld=0.078296 lld=0.038246 ggd=0.035826 lr=1.000000e-05
2026-05-25 10:27:14 | INFO | epoch=2 step=6963/8897 global_step=15860 loss=0.101885 gld=0.073176 lld=0.032583 ggd=0.028383 lr=1.000000e-05
2026-05-25 10:27:22 | INFO | epoch=2 step=6983/8897 global_step=15880 loss=0.091755 gld=0.065865 lld=0.029852 ggd=0.025592 lr=1.000000e-05
2026-05-25 10:27:30 | INFO | epoch=2 step=7003/8897 global_step=15900 loss=0.140125 gld=0.095610 lld=0.033069 ggd=0.044184 lr=1.000000e-05
2026-05-25 10:27:37 | INFO | epoch=2 step=7023/8897 global_step=15920 loss=0.112289 gld=0.081181 lld=0.031072 ggd=0.030797 lr=1.000000e-05
2026-05-25 10:27:45 | INFO | epoch=2 step=7043/8897 global_step=15940 loss=0.106268 gld=0.076189 lld=0.030547 ggd=0.029774 lr=1.000000e-05
2026-05-25 10:27:52 | INFO | epoch=2 step=7063/8897 global_step=15960 loss=0.125228 gld=0.087601 lld=0.034145 ggd=0.037286 lr=1.000000e-05
2026-05-25 10:28:00 | INFO | epoch=2 step=7083/8897 global_step=15980 loss=0.080470 gld=0.056276 lld=0.030552 ggd=0.023889 lr=1.000000e-05
2026-05-25 10:28:07 | INFO | epoch=2 step=7103/8897 global_step=16000 loss=0.134737 gld=0.095668 lld=0.032008 ggd=0.038748 lr=1.000000e-05
2026-05-25 10:28:15 | INFO | epoch=2 step=7123/8897 global_step=16020 loss=0.125871 gld=0.090405 lld=0.030028 ggd=0.035166 lr=1.000000e-05
2026-05-25 10:28:23 | INFO | epoch=2 step=7143/8897 global_step=16040 loss=0.116243 gld=0.077013 lld=0.032706 ggd=0.038902 lr=1.000000e-05
2026-05-25 10:28:30 | INFO | epoch=2 step=7163/8897 global_step=16060 loss=0.087192 gld=0.060134 lld=0.029923 ggd=0.026759 lr=1.000000e-05
2026-05-25 10:28:38 | INFO | epoch=2 step=7183/8897 global_step=16080 loss=0.100572 gld=0.070614 lld=0.029158 ggd=0.029666 lr=1.000000e-05
2026-05-25 10:28:45 | INFO | epoch=2 step=7203/8897 global_step=16100 loss=0.088499 gld=0.059945 lld=0.032619 ggd=0.028227 lr=1.000000e-05
2026-05-25 10:28:53 | INFO | epoch=2 step=7223/8897 global_step=16120 loss=0.132158 gld=0.102201 lld=0.030407 ggd=0.029653 lr=1.000000e-05
2026-05-25 10:29:00 | INFO | epoch=2 step=7243/8897 global_step=16140 loss=0.095456 gld=0.065634 lld=0.033020 ggd=0.029492 lr=1.000000e-05
2026-05-25 10:29:08 | INFO | epoch=2 step=7263/8897 global_step=16160 loss=0.109819 gld=0.075577 lld=0.032549 ggd=0.033917 lr=1.000000e-05
2026-05-25 10:29:16 | INFO | epoch=2 step=7283/8897 global_step=16180 loss=0.087182 gld=0.060454 lld=0.029174 ggd=0.026436 lr=1.000000e-05
2026-05-25 10:29:23 | INFO | epoch=2 step=7303/8897 global_step=16200 loss=0.091894 gld=0.063890 lld=0.032582 ggd=0.027678 lr=1.000000e-05
2026-05-25 10:29:30 | INFO | epoch=2 step=7323/8897 global_step=16220 loss=0.093305 gld=0.064321 lld=0.030501 ggd=0.028679 lr=1.000000e-05
2026-05-25 10:29:38 | INFO | epoch=2 step=7343/8897 global_step=16240 loss=0.118183 gld=0.082176 lld=0.029561 ggd=0.035711 lr=1.000000e-05
2026-05-25 10:29:46 | INFO | epoch=2 step=7363/8897 global_step=16260 loss=0.104116 gld=0.070992 lld=0.031157 ggd=0.032813 lr=1.000000e-05
2026-05-25 10:29:53 | INFO | epoch=2 step=7383/8897 global_step=16280 loss=0.101217 gld=0.069071 lld=0.031204 ggd=0.031834 lr=1.000000e-05
2026-05-25 10:30:01 | INFO | epoch=2 step=7403/8897 global_step=16300 loss=0.096422 gld=0.068368 lld=0.032952 ggd=0.027725 lr=1.000000e-05
2026-05-25 10:30:08 | INFO | epoch=2 step=7423/8897 global_step=16320 loss=0.098435 gld=0.070154 lld=0.031717 ggd=0.027963 lr=1.000000e-05
2026-05-25 10:30:16 | INFO | epoch=2 step=7443/8897 global_step=16340 loss=0.112669 gld=0.078660 lld=0.030630 ggd=0.033702 lr=1.000000e-05
2026-05-25 10:30:23 | INFO | epoch=2 step=7463/8897 global_step=16360 loss=0.110837 gld=0.076890 lld=0.030774 ggd=0.033639 lr=1.000000e-05
2026-05-25 10:30:31 | INFO | epoch=2 step=7483/8897 global_step=16380 loss=0.110903 gld=0.077353 lld=0.031964 ggd=0.033231 lr=1.000000e-05
2026-05-25 10:30:39 | INFO | epoch=2 step=7503/8897 global_step=16400 loss=0.088514 gld=0.062486 lld=0.030861 ggd=0.025719 lr=1.000000e-05
2026-05-25 10:30:46 | INFO | epoch=2 step=7523/8897 global_step=16420 loss=0.120797 gld=0.085589 lld=0.032140 ggd=0.034887 lr=1.000000e-05
2026-05-25 10:30:54 | INFO | epoch=2 step=7543/8897 global_step=16440 loss=0.114519 gld=0.081023 lld=0.029104 ggd=0.033205 lr=1.000000e-05
2026-05-25 10:31:01 | INFO | epoch=2 step=7563/8897 global_step=16460 loss=0.097733 gld=0.067942 lld=0.028304 ggd=0.029508 lr=1.000000e-05
2026-05-25 10:31:09 | INFO | epoch=2 step=7583/8897 global_step=16480 loss=0.109871 gld=0.073830 lld=0.031575 ggd=0.035725 lr=1.000000e-05
2026-05-25 10:31:16 | INFO | epoch=2 step=7603/8897 global_step=16500 loss=0.105769 gld=0.078738 lld=0.030265 ggd=0.026728 lr=1.000000e-05
2026-05-25 10:31:24 | INFO | epoch=2 step=7623/8897 global_step=16520 loss=0.115980 gld=0.078852 lld=0.031406 ggd=0.036814 lr=1.000000e-05
2026-05-25 10:31:32 | INFO | epoch=2 step=7643/8897 global_step=16540 loss=0.121942 gld=0.087873 lld=0.031207 ggd=0.033757 lr=1.000000e-05
2026-05-25 10:31:39 | INFO | epoch=2 step=7663/8897 global_step=16560 loss=0.109141 gld=0.078527 lld=0.033625 ggd=0.030278 lr=1.000000e-05
2026-05-25 10:31:46 | INFO | epoch=2 step=7683/8897 global_step=16580 loss=0.124533 gld=0.086913 lld=0.033158 ggd=0.037288 lr=1.000000e-05
2026-05-25 10:31:54 | INFO | epoch=2 step=7703/8897 global_step=16600 loss=0.112283 gld=0.075068 lld=0.032536 ggd=0.036890 lr=1.000000e-05
2026-05-25 10:32:02 | INFO | epoch=2 step=7723/8897 global_step=16620 loss=0.092706 gld=0.062879 lld=0.029719 ggd=0.029530 lr=1.000000e-05
2026-05-25 10:32:09 | INFO | epoch=2 step=7743/8897 global_step=16640 loss=0.083545 gld=0.059977 lld=0.033306 ggd=0.023236 lr=1.000000e-05
2026-05-25 10:32:17 | INFO | epoch=2 step=7763/8897 global_step=16660 loss=0.085479 gld=0.060674 lld=0.029957 ggd=0.024506 lr=1.000000e-05
2026-05-25 10:32:24 | INFO | epoch=2 step=7783/8897 global_step=16680 loss=0.096031 gld=0.070647 lld=0.031926 ggd=0.025065 lr=1.000000e-05
2026-05-25 10:32:31 | INFO | epoch=2 step=7803/8897 global_step=16700 loss=0.101655 gld=0.068823 lld=0.030356 ggd=0.032529 lr=1.000000e-05
2026-05-25 10:32:39 | INFO | epoch=2 step=7823/8897 global_step=16720 loss=0.128219 gld=0.100204 lld=0.029608 ggd=0.027719 lr=1.000000e-05
2026-05-25 10:32:47 | INFO | epoch=2 step=7843/8897 global_step=16740 loss=0.094871 gld=0.064538 lld=0.031485 ggd=0.030018 lr=1.000000e-05
2026-05-25 10:32:54 | INFO | epoch=2 step=7863/8897 global_step=16760 loss=0.114344 gld=0.079145 lld=0.028794 ggd=0.034911 lr=1.000000e-05
2026-05-25 10:33:01 | INFO | epoch=2 step=7883/8897 global_step=16780 loss=0.128091 gld=0.087082 lld=0.032594 ggd=0.040683 lr=1.000000e-05
2026-05-25 10:33:09 | INFO | epoch=2 step=7903/8897 global_step=16800 loss=0.089644 gld=0.062073 lld=0.030651 ggd=0.027265 lr=1.000000e-05
2026-05-25 10:33:17 | INFO | epoch=2 step=7923/8897 global_step=16820 loss=0.096416 gld=0.067584 lld=0.030399 ggd=0.028528 lr=1.000000e-05
2026-05-25 10:33:24 | INFO | epoch=2 step=7943/8897 global_step=16840 loss=0.089146 gld=0.062489 lld=0.031885 ggd=0.026338 lr=1.000000e-05
2026-05-25 10:33:31 | INFO | epoch=2 step=7963/8897 global_step=16860 loss=0.115530 gld=0.079067 lld=0.033045 ggd=0.036133 lr=1.000000e-05
2026-05-25 10:33:39 | INFO | epoch=2 step=7983/8897 global_step=16880 loss=0.118701 gld=0.083449 lld=0.034526 ggd=0.034907 lr=1.000000e-05
2026-05-25 10:33:46 | INFO | epoch=2 step=8003/8897 global_step=16900 loss=0.111458 gld=0.077386 lld=0.033258 ggd=0.033739 lr=1.000000e-05
2026-05-25 10:33:54 | INFO | epoch=2 step=8023/8897 global_step=16920 loss=0.100030 gld=0.068763 lld=0.030017 ggd=0.030967 lr=1.000000e-05
2026-05-25 10:34:02 | INFO | epoch=2 step=8043/8897 global_step=16940 loss=0.127258 gld=0.090696 lld=0.034150 ggd=0.036221 lr=1.000000e-05
2026-05-25 10:34:09 | INFO | epoch=2 step=8063/8897 global_step=16960 loss=0.078204 gld=0.054278 lld=0.031995 ggd=0.023606 lr=1.000000e-05
2026-05-25 10:34:17 | INFO | epoch=2 step=8083/8897 global_step=16980 loss=0.099461 gld=0.068480 lld=0.032138 ggd=0.030660 lr=1.000000e-05
2026-05-25 10:34:24 | INFO | epoch=2 step=8103/8897 global_step=17000 loss=0.092197 gld=0.064817 lld=0.032262 ggd=0.027058 lr=1.000000e-05
2026-05-25 10:34:32 | INFO | epoch=2 step=8123/8897 global_step=17020 loss=0.092624 gld=0.062421 lld=0.031126 ggd=0.029892 lr=1.000000e-05
2026-05-25 10:34:39 | INFO | epoch=2 step=8143/8897 global_step=17040 loss=0.101987 gld=0.071806 lld=0.032437 ggd=0.029857 lr=1.000000e-05
2026-05-25 10:34:47 | INFO | epoch=2 step=8163/8897 global_step=17060 loss=0.082934 gld=0.058579 lld=0.030949 ggd=0.024046 lr=1.000000e-05
2026-05-25 10:34:54 | INFO | epoch=2 step=8183/8897 global_step=17080 loss=0.087495 gld=0.059547 lld=0.030024 ggd=0.027647 lr=1.000000e-05
2026-05-25 10:35:02 | INFO | epoch=2 step=8203/8897 global_step=17100 loss=0.106066 gld=0.079266 lld=0.031766 ggd=0.026483 lr=1.000000e-05
2026-05-25 10:35:09 | INFO | epoch=2 step=8223/8897 global_step=17120 loss=0.148417 gld=0.106691 lld=0.032860 ggd=0.041397 lr=1.000000e-05
2026-05-25 10:35:17 | INFO | epoch=2 step=8243/8897 global_step=17140 loss=0.113122 gld=0.079447 lld=0.031785 ggd=0.033356 lr=1.000000e-05
2026-05-25 10:35:24 | INFO | epoch=2 step=8263/8897 global_step=17160 loss=0.101352 gld=0.069264 lld=0.030170 ggd=0.031787 lr=1.000000e-05
2026-05-25 10:35:32 | INFO | epoch=2 step=8283/8897 global_step=17180 loss=0.093306 gld=0.065407 lld=0.031697 ggd=0.027582 lr=1.000000e-05
2026-05-25 10:35:39 | INFO | epoch=2 step=8303/8897 global_step=17200 loss=0.118969 gld=0.085174 lld=0.028677 ggd=0.033508 lr=1.000000e-05
2026-05-25 10:35:47 | INFO | epoch=2 step=8323/8897 global_step=17220 loss=0.093614 gld=0.064986 lld=0.031442 ggd=0.028314 lr=1.000000e-05
2026-05-25 10:35:55 | INFO | epoch=2 step=8343/8897 global_step=17240 loss=0.098624 gld=0.068624 lld=0.031150 ggd=0.029689 lr=1.000000e-05
2026-05-25 10:36:02 | INFO | epoch=2 step=8363/8897 global_step=17260 loss=0.097405 gld=0.074869 lld=0.032372 ggd=0.022213 lr=1.000000e-05
2026-05-25 10:36:10 | INFO | epoch=2 step=8383/8897 global_step=17280 loss=0.096733 gld=0.065648 lld=0.032089 ggd=0.030764 lr=1.000000e-05
2026-05-25 10:36:17 | INFO | epoch=2 step=8403/8897 global_step=17300 loss=0.089424 gld=0.061035 lld=0.030469 ggd=0.028085 lr=1.000000e-05
2026-05-25 10:36:25 | INFO | epoch=2 step=8423/8897 global_step=17320 loss=0.102462 gld=0.072687 lld=0.032266 ggd=0.029453 lr=1.000000e-05
2026-05-25 10:36:32 | INFO | epoch=2 step=8443/8897 global_step=17340 loss=0.088846 gld=0.062161 lld=0.027035 ggd=0.026415 lr=1.000000e-05
2026-05-25 10:36:40 | INFO | epoch=2 step=8463/8897 global_step=17360 loss=0.091858 gld=0.063789 lld=0.029360 ggd=0.027776 lr=1.000000e-05
2026-05-25 10:36:48 | INFO | epoch=2 step=8483/8897 global_step=17380 loss=0.097879 gld=0.067425 lld=0.033158 ggd=0.030123 lr=1.000000e-05
2026-05-25 10:36:55 | INFO | epoch=2 step=8503/8897 global_step=17400 loss=0.076570 gld=0.055111 lld=0.030377 ggd=0.021155 lr=1.000000e-05
2026-05-25 10:37:02 | INFO | epoch=2 step=8523/8897 global_step=17420 loss=0.110608 gld=0.081579 lld=0.028759 ggd=0.028741 lr=1.000000e-05
2026-05-25 10:37:10 | INFO | epoch=2 step=8543/8897 global_step=17440 loss=0.106853 gld=0.075598 lld=0.028875 ggd=0.030966 lr=1.000000e-05
2026-05-25 10:37:17 | INFO | epoch=2 step=8563/8897 global_step=17460 loss=0.107848 gld=0.077910 lld=0.027814 ggd=0.029661 lr=1.000000e-05
2026-05-25 10:37:25 | INFO | epoch=2 step=8583/8897 global_step=17480 loss=0.082802 gld=0.058124 lld=0.028856 ggd=0.024389 lr=1.000000e-05
2026-05-25 10:37:33 | INFO | epoch=2 step=8603/8897 global_step=17500 loss=0.121826 gld=0.093636 lld=0.029361 ggd=0.027896 lr=1.000000e-05
2026-05-25 10:37:40 | INFO | epoch=2 step=8623/8897 global_step=17520 loss=0.086393 gld=0.059540 lld=0.032471 ggd=0.026529 lr=1.000000e-05
2026-05-25 10:37:47 | INFO | epoch=2 step=8643/8897 global_step=17540 loss=0.096213 gld=0.064327 lld=0.031657 ggd=0.031570 lr=1.000000e-05
2026-05-25 10:37:55 | INFO | epoch=2 step=8663/8897 global_step=17560 loss=0.090806 gld=0.064396 lld=0.027472 ggd=0.026135 lr=1.000000e-05
2026-05-25 10:38:03 | INFO | epoch=2 step=8683/8897 global_step=17580 loss=0.145304 gld=0.098963 lld=0.032250 ggd=0.046018 lr=1.000000e-05
2026-05-25 10:38:10 | INFO | epoch=2 step=8703/8897 global_step=17600 loss=0.099054 gld=0.068930 lld=0.029926 ggd=0.029825 lr=1.000000e-05
2026-05-25 10:38:17 | INFO | epoch=2 step=8723/8897 global_step=17620 loss=0.108110 gld=0.073087 lld=0.030611 ggd=0.034716 lr=1.000000e-05
2026-05-25 10:38:25 | INFO | epoch=2 step=8743/8897 global_step=17640 loss=0.102560 gld=0.072191 lld=0.032810 ggd=0.030040 lr=1.000000e-05
2026-05-25 10:38:32 | INFO | epoch=2 step=8763/8897 global_step=17660 loss=0.087405 gld=0.060225 lld=0.032322 ggd=0.026857 lr=1.000000e-05
2026-05-25 10:38:40 | INFO | epoch=2 step=8783/8897 global_step=17680 loss=0.100417 gld=0.072505 lld=0.029968 ggd=0.027612 lr=1.000000e-05
2026-05-25 10:38:47 | INFO | epoch=2 step=8803/8897 global_step=17700 loss=0.094178 gld=0.067344 lld=0.031132 ggd=0.026522 lr=1.000000e-05
2026-05-25 10:38:54 | INFO | epoch=2 step=8823/8897 global_step=17720 loss=0.104073 gld=0.074385 lld=0.031885 ggd=0.029369 lr=1.000000e-05
2026-05-25 10:39:02 | INFO | epoch=2 step=8843/8897 global_step=17740 loss=0.094171 gld=0.068175 lld=0.030247 ggd=0.025693 lr=1.000000e-05
2026-05-25 10:39:09 | INFO | epoch=2 step=8863/8897 global_step=17760 loss=0.104028 gld=0.072113 lld=0.029183 ggd=0.031622 lr=1.000000e-05
2026-05-25 10:39:17 | INFO | epoch=2 step=8883/8897 global_step=17780 loss=0.091369 gld=0.061077 lld=0.032059 ggd=0.029972 lr=1.000000e-05
2026-05-25 10:39:22 | INFO | [Epoch 2] avg_loss=0.106130 avg_gld=0.075448 avg_lld=0.031515 avg_ggd=0.030367
2026-05-25 10:39:23 | INFO | Saved checkpoint: outputs/pretrain/atas_epoch_2.pt
2026-05-25 10:39:26 | INFO | epoch=3 step=6/8897 global_step=17800 loss=0.101434 gld=0.071459 lld=0.033399 ggd=0.029641 lr=1.000000e-05
2026-05-25 10:39:33 | INFO | epoch=3 step=26/8897 global_step=17820 loss=0.102347 gld=0.072730 lld=0.034012 ggd=0.029277 lr=1.000000e-05
2026-05-25 10:39:41 | INFO | epoch=3 step=46/8897 global_step=17840 loss=0.099635 gld=0.072422 lld=0.029839 ggd=0.026915 lr=1.000000e-05
2026-05-25 10:39:48 | INFO | epoch=3 step=66/8897 global_step=17860 loss=0.103736 gld=0.071607 lld=0.033188 ggd=0.031798 lr=1.000000e-05
2026-05-25 10:39:56 | INFO | epoch=3 step=86/8897 global_step=17880 loss=0.100671 gld=0.070145 lld=0.031474 ggd=0.030212 lr=1.000000e-05
2026-05-25 10:40:04 | INFO | epoch=3 step=106/8897 global_step=17900 loss=0.092075 gld=0.062901 lld=0.030787 ggd=0.028866 lr=1.000000e-05
2026-05-25 10:40:11 | INFO | epoch=3 step=126/8897 global_step=17920 loss=0.092373 gld=0.066700 lld=0.030361 ggd=0.025370 lr=1.000000e-05
2026-05-25 10:40:19 | INFO | epoch=3 step=146/8897 global_step=17940 loss=0.095400 gld=0.065723 lld=0.029912 ggd=0.029377 lr=1.000000e-05
2026-05-25 10:40:26 | INFO | epoch=3 step=166/8897 global_step=17960 loss=0.143481 gld=0.110329 lld=0.030854 ggd=0.032843 lr=1.000000e-05
2026-05-25 10:40:34 | INFO | epoch=3 step=186/8897 global_step=17980 loss=0.077620 gld=0.052855 lld=0.032265 ggd=0.024442 lr=1.000000e-05
2026-05-25 10:40:41 | INFO | epoch=3 step=206/8897 global_step=18000 loss=0.080065 gld=0.052853 lld=0.031150 ggd=0.026900 lr=1.000000e-05
2026-05-25 10:40:49 | INFO | epoch=3 step=226/8897 global_step=18020 loss=0.092685 gld=0.062507 lld=0.028836 ggd=0.029890 lr=1.000000e-05
2026-05-25 10:40:56 | INFO | epoch=3 step=246/8897 global_step=18040 loss=0.114443 gld=0.084911 lld=0.031111 ggd=0.029221 lr=1.000000e-05
2026-05-25 10:41:04 | INFO | epoch=3 step=266/8897 global_step=18060 loss=0.087745 gld=0.062204 lld=0.028768 ggd=0.025253 lr=1.000000e-05
2026-05-25 10:41:11 | INFO | epoch=3 step=286/8897 global_step=18080 loss=0.082595 gld=0.057444 lld=0.032738 ggd=0.024823 lr=1.000000e-05
2026-05-25 10:41:19 | INFO | epoch=3 step=306/8897 global_step=18100 loss=0.114265 gld=0.079455 lld=0.031851 ggd=0.034492 lr=1.000000e-05
2026-05-25 10:41:26 | INFO | epoch=3 step=326/8897 global_step=18120 loss=0.100598 gld=0.068021 lld=0.031698 ggd=0.032260 lr=1.000000e-05
2026-05-25 10:41:34 | INFO | epoch=3 step=346/8897 global_step=18140 loss=0.095487 gld=0.069045 lld=0.029024 ggd=0.026152 lr=1.000000e-05
2026-05-25 10:41:41 | INFO | epoch=3 step=366/8897 global_step=18160 loss=0.085296 gld=0.059122 lld=0.029768 ggd=0.025876 lr=1.000000e-05
2026-05-25 10:41:49 | INFO | epoch=3 step=386/8897 global_step=18180 loss=0.102891 gld=0.076213 lld=0.029397 ggd=0.026383 lr=1.000000e-05
2026-05-25 10:41:56 | INFO | epoch=3 step=406/8897 global_step=18200 loss=0.085658 gld=0.058616 lld=0.032363 ggd=0.026719 lr=1.000000e-05
2026-05-25 10:42:04 | INFO | epoch=3 step=426/8897 global_step=18220 loss=0.105438 gld=0.075200 lld=0.032187 ggd=0.029916 lr=1.000000e-05
2026-05-25 10:42:12 | INFO | epoch=3 step=446/8897 global_step=18240 loss=0.081743 gld=0.056625 lld=0.031859 ggd=0.024799 lr=1.000000e-05
2026-05-25 10:42:19 | INFO | epoch=3 step=466/8897 global_step=18260 loss=0.078305 gld=0.052237 lld=0.029932 ggd=0.025769 lr=1.000000e-05
2026-05-25 10:42:27 | INFO | epoch=3 step=486/8897 global_step=18280 loss=0.090216 gld=0.061506 lld=0.030082 ggd=0.028410 lr=1.000000e-05
2026-05-25 10:42:34 | INFO | epoch=3 step=506/8897 global_step=18300 loss=0.109236 gld=0.078553 lld=0.031202 ggd=0.030370 lr=1.000000e-05
2026-05-25 10:42:42 | INFO | epoch=3 step=526/8897 global_step=18320 loss=0.102687 gld=0.073417 lld=0.035087 ggd=0.028919 lr=1.000000e-05
2026-05-25 10:42:49 | INFO | epoch=3 step=546/8897 global_step=18340 loss=0.098622 gld=0.066221 lld=0.031694 ggd=0.032085 lr=1.000000e-05
2026-05-25 10:42:57 | INFO | epoch=3 step=566/8897 global_step=18360 loss=0.090603 gld=0.064091 lld=0.032679 ggd=0.026185 lr=1.000000e-05
2026-05-25 10:43:05 | INFO | epoch=3 step=586/8897 global_step=18380 loss=0.073779 gld=0.053826 lld=0.029996 ggd=0.019653 lr=1.000000e-05
2026-05-25 10:43:12 | INFO | epoch=3 step=606/8897 global_step=18400 loss=0.106864 gld=0.074994 lld=0.029899 ggd=0.031571 lr=1.000000e-05
2026-05-25 10:43:19 | INFO | epoch=3 step=626/8897 global_step=18420 loss=0.111078 gld=0.073969 lld=0.031684 ggd=0.036793 lr=1.000000e-05
2026-05-25 10:43:27 | INFO | epoch=3 step=646/8897 global_step=18440 loss=0.108037 gld=0.074545 lld=0.031120 ggd=0.033181 lr=1.000000e-05
2026-05-25 10:43:35 | INFO | epoch=3 step=666/8897 global_step=18460 loss=0.078392 gld=0.051284 lld=0.031241 ggd=0.026796 lr=1.000000e-05
2026-05-25 10:43:42 | INFO | epoch=3 step=686/8897 global_step=18480 loss=0.114857 gld=0.076012 lld=0.031107 ggd=0.038534 lr=1.000000e-05
2026-05-25 10:43:50 | INFO | epoch=3 step=706/8897 global_step=18500 loss=0.102373 gld=0.070274 lld=0.028183 ggd=0.031817 lr=1.000000e-05
2026-05-25 10:43:57 | INFO | epoch=3 step=726/8897 global_step=18520 loss=0.137762 gld=0.093207 lld=0.031535 ggd=0.044239 lr=1.000000e-05
2026-05-25 10:44:05 | INFO | epoch=3 step=746/8897 global_step=18540 loss=0.137451 gld=0.091654 lld=0.034054 ggd=0.045456 lr=1.000000e-05
2026-05-25 10:44:12 | INFO | epoch=3 step=766/8897 global_step=18560 loss=0.108108 gld=0.072055 lld=0.032133 ggd=0.035732 lr=1.000000e-05
2026-05-25 10:44:20 | INFO | epoch=3 step=786/8897 global_step=18580 loss=0.098214 gld=0.068665 lld=0.031558 ggd=0.029233 lr=1.000000e-05
2026-05-25 10:44:28 | INFO | epoch=3 step=806/8897 global_step=18600 loss=0.100675 gld=0.069416 lld=0.031395 ggd=0.030945 lr=1.000000e-05
2026-05-25 10:44:35 | INFO | epoch=3 step=826/8897 global_step=18620 loss=0.096199 gld=0.065467 lld=0.033479 ggd=0.030397 lr=1.000000e-05
2026-05-25 10:44:42 | INFO | epoch=3 step=846/8897 global_step=18640 loss=0.102908 gld=0.071340 lld=0.029562 ggd=0.031273 lr=1.000000e-05
2026-05-25 10:44:50 | INFO | epoch=3 step=866/8897 global_step=18660 loss=0.099071 gld=0.070962 lld=0.032319 ggd=0.027786 lr=1.000000e-05
2026-05-25 10:44:57 | INFO | epoch=3 step=886/8897 global_step=18680 loss=0.098696 gld=0.067513 lld=0.030895 ggd=0.030874 lr=1.000000e-05
2026-05-25 10:45:05 | INFO | epoch=3 step=906/8897 global_step=18700 loss=0.097862 gld=0.068718 lld=0.030860 ggd=0.028836 lr=1.000000e-05
2026-05-25 10:45:13 | INFO | epoch=3 step=926/8897 global_step=18720 loss=0.103170 gld=0.070102 lld=0.030319 ggd=0.032765 lr=1.000000e-05
2026-05-25 10:45:21 | INFO | epoch=3 step=946/8897 global_step=18740 loss=0.132180 gld=0.092559 lld=0.031269 ggd=0.039308 lr=1.000000e-05
2026-05-25 10:45:28 | INFO | epoch=3 step=966/8897 global_step=18760 loss=0.103445 gld=0.076058 lld=0.029168 ggd=0.027095 lr=1.000000e-05
2026-05-25 10:45:35 | INFO | epoch=3 step=986/8897 global_step=18780 loss=0.082660 gld=0.057705 lld=0.029603 ggd=0.024659 lr=1.000000e-05
2026-05-25 10:45:43 | INFO | epoch=3 step=1006/8897 global_step=18800 loss=0.091789 gld=0.065847 lld=0.030123 ggd=0.025641 lr=1.000000e-05
2026-05-25 10:45:50 | INFO | epoch=3 step=1026/8897 global_step=18820 loss=0.088812 gld=0.061711 lld=0.032419 ggd=0.026776 lr=1.000000e-05
2026-05-25 10:45:58 | INFO | epoch=3 step=1046/8897 global_step=18840 loss=0.085262 gld=0.057925 lld=0.032185 ggd=0.027015 lr=1.000000e-05
2026-05-25 10:46:05 | INFO | epoch=3 step=1066/8897 global_step=18860 loss=0.099088 gld=0.066124 lld=0.033659 ggd=0.032627 lr=1.000000e-05
2026-05-25 10:46:13 | INFO | epoch=3 step=1086/8897 global_step=18880 loss=0.113536 gld=0.075080 lld=0.031564 ggd=0.038140 lr=1.000000e-05
2026-05-25 10:46:20 | INFO | epoch=3 step=1106/8897 global_step=18900 loss=0.090424 gld=0.064047 lld=0.030519 ggd=0.026071 lr=1.000000e-05
2026-05-25 10:46:28 | INFO | epoch=3 step=1126/8897 global_step=18920 loss=0.107352 gld=0.073848 lld=0.031406 ggd=0.033190 lr=1.000000e-05
2026-05-25 10:46:36 | INFO | epoch=3 step=1146/8897 global_step=18940 loss=0.091283 gld=0.062828 lld=0.030105 ggd=0.028154 lr=1.000000e-05
2026-05-25 10:46:43 | INFO | epoch=3 step=1166/8897 global_step=18960 loss=0.085852 gld=0.061441 lld=0.031009 ggd=0.024101 lr=1.000000e-05
2026-05-25 10:46:50 | INFO | epoch=3 step=1186/8897 global_step=18980 loss=0.080887 gld=0.055514 lld=0.030324 ggd=0.025069 lr=1.000000e-05
2026-05-25 10:46:58 | INFO | epoch=3 step=1206/8897 global_step=19000 loss=0.097046 gld=0.068908 lld=0.032475 ggd=0.027814 lr=1.000000e-05
2026-05-25 10:47:06 | INFO | epoch=3 step=1226/8897 global_step=19020 loss=0.108177 gld=0.076080 lld=0.031113 ggd=0.031786 lr=1.000000e-05
2026-05-25 10:47:13 | INFO | epoch=3 step=1246/8897 global_step=19040 loss=0.096397 gld=0.067546 lld=0.029337 ggd=0.028557 lr=1.000000e-05
2026-05-25 10:47:21 | INFO | epoch=3 step=1266/8897 global_step=19060 loss=0.122758 gld=0.089920 lld=0.031808 ggd=0.032520 lr=1.000000e-05
2026-05-25 10:47:28 | INFO | epoch=3 step=1286/8897 global_step=19080 loss=0.096333 gld=0.065716 lld=0.030140 ggd=0.030315 lr=1.000000e-05
2026-05-25 10:47:36 | INFO | epoch=3 step=1306/8897 global_step=19100 loss=0.109684 gld=0.074249 lld=0.030892 ggd=0.035126 lr=1.000000e-05
2026-05-25 10:47:43 | INFO | epoch=3 step=1326/8897 global_step=19120 loss=0.088706 gld=0.060533 lld=0.031389 ggd=0.027859 lr=1.000000e-05
2026-05-25 10:47:51 | INFO | epoch=3 step=1346/8897 global_step=19140 loss=0.108491 gld=0.071985 lld=0.031535 ggd=0.036191 lr=1.000000e-05
2026-05-25 10:47:58 | INFO | epoch=3 step=1366/8897 global_step=19160 loss=0.092576 gld=0.062900 lld=0.029146 ggd=0.029384 lr=1.000000e-05
2026-05-25 10:48:06 | INFO | epoch=3 step=1386/8897 global_step=19180 loss=0.102628 gld=0.070385 lld=0.031146 ggd=0.031931 lr=1.000000e-05
2026-05-25 10:48:13 | INFO | epoch=3 step=1406/8897 global_step=19200 loss=0.088000 gld=0.060727 lld=0.029997 ggd=0.026973 lr=1.000000e-05
2026-05-25 10:48:21 | INFO | epoch=3 step=1426/8897 global_step=19220 loss=0.112260 gld=0.078021 lld=0.031733 ggd=0.033922 lr=1.000000e-05
2026-05-25 10:48:28 | INFO | epoch=3 step=1446/8897 global_step=19240 loss=0.113425 gld=0.082618 lld=0.031538 ggd=0.030492 lr=1.000000e-05
2026-05-25 10:48:36 | INFO | epoch=3 step=1466/8897 global_step=19260 loss=0.082162 gld=0.057987 lld=0.031899 ggd=0.023856 lr=1.000000e-05
2026-05-25 10:48:43 | INFO | epoch=3 step=1486/8897 global_step=19280 loss=0.104950 gld=0.070972 lld=0.030239 ggd=0.033675 lr=1.000000e-05
2026-05-25 10:48:51 | INFO | epoch=3 step=1506/8897 global_step=19300 loss=0.097101 gld=0.067997 lld=0.032002 ggd=0.028784 lr=1.000000e-05
2026-05-25 10:48:58 | INFO | epoch=3 step=1526/8897 global_step=19320 loss=0.088874 gld=0.062330 lld=0.031098 ggd=0.026232 lr=1.000000e-05
2026-05-25 10:49:06 | INFO | epoch=3 step=1546/8897 global_step=19340 loss=0.087123 gld=0.061290 lld=0.030363 ggd=0.025529 lr=1.000000e-05
2026-05-25 10:49:14 | INFO | epoch=3 step=1566/8897 global_step=19360 loss=0.104335 gld=0.069577 lld=0.029962 ggd=0.034458 lr=1.000000e-05
2026-05-25 10:49:21 | INFO | epoch=3 step=1586/8897 global_step=19380 loss=0.083606 gld=0.057938 lld=0.029985 ggd=0.025368 lr=1.000000e-05
2026-05-25 10:49:28 | INFO | epoch=3 step=1606/8897 global_step=19400 loss=0.088679 gld=0.062628 lld=0.029314 ggd=0.025759 lr=1.000000e-05
2026-05-25 10:49:36 | INFO | epoch=3 step=1626/8897 global_step=19420 loss=0.104037 gld=0.073296 lld=0.029372 ggd=0.030448 lr=1.000000e-05
2026-05-25 10:49:44 | INFO | epoch=3 step=1646/8897 global_step=19440 loss=0.114256 gld=0.077656 lld=0.031956 ggd=0.036280 lr=1.000000e-05
2026-05-25 10:49:51 | INFO | epoch=3 step=1666/8897 global_step=19460 loss=0.098867 gld=0.066771 lld=0.029890 ggd=0.031797 lr=1.000000e-05
2026-05-25 10:49:59 | INFO | epoch=3 step=1686/8897 global_step=19480 loss=0.101259 gld=0.068209 lld=0.030537 ggd=0.032745 lr=1.000000e-05
2026-05-25 10:50:06 | INFO | epoch=3 step=1706/8897 global_step=19500 loss=0.144262 gld=0.099491 lld=0.033991 ggd=0.044431 lr=1.000000e-05
2026-05-25 10:50:13 | INFO | epoch=3 step=1726/8897 global_step=19520 loss=0.084069 gld=0.060525 lld=0.028799 ggd=0.023256 lr=1.000000e-05
2026-05-25 10:50:21 | INFO | epoch=3 step=1746/8897 global_step=19540 loss=0.138925 gld=0.097065 lld=0.033649 ggd=0.041523 lr=1.000000e-05
2026-05-25 10:50:29 | INFO | epoch=3 step=1766/8897 global_step=19560 loss=0.103249 gld=0.071366 lld=0.031137 ggd=0.031572 lr=1.000000e-05
2026-05-25 10:50:37 | INFO | epoch=3 step=1786/8897 global_step=19580 loss=0.104564 gld=0.069870 lld=0.032065 ggd=0.034373 lr=1.000000e-05
2026-05-25 10:50:44 | INFO | epoch=3 step=1806/8897 global_step=19600 loss=0.079127 gld=0.052475 lld=0.030208 ggd=0.026350 lr=1.000000e-05
2026-05-25 10:50:51 | INFO | epoch=3 step=1826/8897 global_step=19620 loss=0.088607 gld=0.062486 lld=0.029466 ggd=0.025827 lr=1.000000e-05
2026-05-25 10:50:59 | INFO | epoch=3 step=1846/8897 global_step=19640 loss=0.087324 gld=0.062344 lld=0.031469 ggd=0.024665 lr=1.000000e-05
2026-05-25 10:51:06 | INFO | epoch=3 step=1866/8897 global_step=19660 loss=0.075679 gld=0.053525 lld=0.031008 ggd=0.021843 lr=1.000000e-05
2026-05-25 10:51:14 | INFO | epoch=3 step=1886/8897 global_step=19680 loss=0.086608 gld=0.059740 lld=0.031692 ggd=0.026551 lr=1.000000e-05
2026-05-25 10:51:22 | INFO | epoch=3 step=1906/8897 global_step=19700 loss=0.087046 gld=0.059898 lld=0.030583 ggd=0.026842 lr=1.000000e-05
2026-05-25 10:51:30 | INFO | epoch=3 step=1926/8897 global_step=19720 loss=0.097331 gld=0.067475 lld=0.030338 ggd=0.029552 lr=1.000000e-05
2026-05-25 10:51:37 | INFO | epoch=3 step=1946/8897 global_step=19740 loss=0.087133 gld=0.060397 lld=0.031030 ggd=0.026426 lr=1.000000e-05
2026-05-25 10:51:44 | INFO | epoch=3 step=1966/8897 global_step=19760 loss=0.106150 gld=0.071668 lld=0.032038 ggd=0.034162 lr=1.000000e-05
2026-05-25 10:51:52 | INFO | epoch=3 step=1986/8897 global_step=19780 loss=0.085744 gld=0.060779 lld=0.031950 ggd=0.024645 lr=1.000000e-05
2026-05-25 10:51:59 | INFO | epoch=3 step=2006/8897 global_step=19800 loss=0.084951 gld=0.058164 lld=0.027938 ggd=0.026508 lr=1.000000e-05
2026-05-25 10:52:07 | INFO | epoch=3 step=2026/8897 global_step=19820 loss=0.087596 gld=0.060612 lld=0.030761 ggd=0.026677 lr=1.000000e-05
2026-05-25 10:52:14 | INFO | epoch=3 step=2046/8897 global_step=19840 loss=0.088403 gld=0.059384 lld=0.030255 ggd=0.028716 lr=1.000000e-05
2026-05-25 10:52:22 | INFO | epoch=3 step=2066/8897 global_step=19860 loss=0.156866 gld=0.098681 lld=0.035635 ggd=0.057829 lr=1.000000e-05
2026-05-25 10:52:29 | INFO | epoch=3 step=2086/8897 global_step=19880 loss=0.103536 gld=0.070904 lld=0.032806 ggd=0.032303 lr=1.000000e-05
2026-05-25 10:52:37 | INFO | epoch=3 step=2106/8897 global_step=19900 loss=0.095546 gld=0.066573 lld=0.032722 ggd=0.028646 lr=1.000000e-05
2026-05-25 10:52:45 | INFO | epoch=3 step=2126/8897 global_step=19920 loss=0.117312 gld=0.080820 lld=0.032981 ggd=0.036162 lr=1.000000e-05
2026-05-25 10:52:52 | INFO | epoch=3 step=2146/8897 global_step=19940 loss=0.086529 gld=0.059283 lld=0.029751 ggd=0.026949 lr=1.000000e-05
2026-05-25 10:52:59 | INFO | epoch=3 step=2166/8897 global_step=19960 loss=0.111428 gld=0.077374 lld=0.030625 ggd=0.033748 lr=1.000000e-05
2026-05-25 10:53:07 | INFO | epoch=3 step=2186/8897 global_step=19980 loss=0.089227 gld=0.065691 lld=0.033992 ggd=0.023196 lr=1.000000e-05
2026-05-25 10:53:14 | INFO | epoch=3 step=2206/8897 global_step=20000 loss=0.110227 gld=0.078932 lld=0.030686 ggd=0.030988 lr=1.000000e-05
2026-05-25 10:53:22 | INFO | epoch=3 step=2226/8897 global_step=20020 loss=0.124235 gld=0.081655 lld=0.029143 ggd=0.042289 lr=1.000000e-05
2026-05-25 10:53:29 | INFO | epoch=3 step=2246/8897 global_step=20040 loss=0.094815 gld=0.063397 lld=0.032421 ggd=0.031093 lr=1.000000e-05
2026-05-25 10:53:37 | INFO | epoch=3 step=2266/8897 global_step=20060 loss=0.116040 gld=0.085387 lld=0.028787 ggd=0.030365 lr=1.000000e-05
2026-05-25 10:53:44 | INFO | epoch=3 step=2286/8897 global_step=20080 loss=0.093111 gld=0.064542 lld=0.030794 ggd=0.028261 lr=1.000000e-05
2026-05-25 10:53:52 | INFO | epoch=3 step=2306/8897 global_step=20100 loss=0.099796 gld=0.071689 lld=0.032285 ggd=0.027785 lr=1.000000e-05
2026-05-25 10:53:59 | INFO | epoch=3 step=2326/8897 global_step=20120 loss=0.089737 gld=0.061715 lld=0.031127 ggd=0.027711 lr=1.000000e-05
2026-05-25 10:54:07 | INFO | epoch=3 step=2346/8897 global_step=20140 loss=0.108204 gld=0.073260 lld=0.031032 ggd=0.034634 lr=1.000000e-05
2026-05-25 10:54:14 | INFO | epoch=3 step=2366/8897 global_step=20160 loss=0.102066 gld=0.067643 lld=0.031837 ggd=0.034104 lr=1.000000e-05
2026-05-25 10:54:22 | INFO | epoch=3 step=2386/8897 global_step=20180 loss=0.083622 gld=0.059362 lld=0.029065 ggd=0.023969 lr=1.000000e-05
2026-05-25 10:54:30 | INFO | epoch=3 step=2406/8897 global_step=20200 loss=0.169936 gld=0.114033 lld=0.032648 ggd=0.055576 lr=1.000000e-05
2026-05-25 10:54:37 | INFO | epoch=3 step=2426/8897 global_step=20220 loss=0.106293 gld=0.071484 lld=0.034221 ggd=0.034466 lr=1.000000e-05
2026-05-25 10:54:44 | INFO | epoch=3 step=2446/8897 global_step=20240 loss=0.121908 gld=0.085169 lld=0.029051 ggd=0.036448 lr=1.000000e-05
2026-05-25 10:54:52 | INFO | epoch=3 step=2466/8897 global_step=20260 loss=0.098513 gld=0.067660 lld=0.032030 ggd=0.030533 lr=1.000000e-05
2026-05-25 10:54:59 | INFO | epoch=3 step=2486/8897 global_step=20280 loss=0.100000 gld=0.068398 lld=0.030743 ggd=0.031295 lr=1.000000e-05
2026-05-25 10:55:07 | INFO | epoch=3 step=2506/8897 global_step=20300 loss=0.096984 gld=0.066797 lld=0.032916 ggd=0.029859 lr=1.000000e-05
2026-05-25 10:55:14 | INFO | epoch=3 step=2526/8897 global_step=20320 loss=0.109722 gld=0.073351 lld=0.030891 ggd=0.036062 lr=1.000000e-05
2026-05-25 10:55:22 | INFO | epoch=3 step=2546/8897 global_step=20340 loss=0.092535 gld=0.063944 lld=0.029957 ggd=0.028291 lr=1.000000e-05
2026-05-25 10:55:29 | INFO | epoch=3 step=2566/8897 global_step=20360 loss=0.082938 gld=0.061236 lld=0.030050 ggd=0.021402 lr=1.000000e-05
2026-05-25 10:55:37 | INFO | epoch=3 step=2586/8897 global_step=20380 loss=0.123727 gld=0.084252 lld=0.030484 ggd=0.039170 lr=1.000000e-05
2026-05-25 10:55:45 | INFO | epoch=3 step=2606/8897 global_step=20400 loss=0.085863 gld=0.059027 lld=0.030995 ggd=0.026526 lr=1.000000e-05
2026-05-25 10:55:52 | INFO | epoch=3 step=2626/8897 global_step=20420 loss=0.106397 gld=0.075951 lld=0.032448 ggd=0.030122 lr=1.000000e-05
2026-05-25 10:55:59 | INFO | epoch=3 step=2646/8897 global_step=20440 loss=0.082982 gld=0.056972 lld=0.030368 ggd=0.025706 lr=1.000000e-05
2026-05-25 10:56:07 | INFO | epoch=3 step=2666/8897 global_step=20460 loss=0.095542 gld=0.065777 lld=0.030605 ggd=0.029459 lr=1.000000e-05
2026-05-25 10:56:14 | INFO | epoch=3 step=2686/8897 global_step=20480 loss=0.088247 gld=0.061627 lld=0.029967 ggd=0.026320 lr=1.000000e-05
2026-05-25 10:56:22 | INFO | epoch=3 step=2706/8897 global_step=20500 loss=0.126978 gld=0.092010 lld=0.030276 ggd=0.034665 lr=1.000000e-05
2026-05-25 10:56:29 | INFO | epoch=3 step=2726/8897 global_step=20520 loss=0.097166 gld=0.064781 lld=0.034471 ggd=0.032040 lr=1.000000e-05
2026-05-25 10:56:37 | INFO | epoch=3 step=2746/8897 global_step=20540 loss=0.102528 gld=0.073910 lld=0.032000 ggd=0.028298 lr=1.000000e-05
2026-05-25 10:56:45 | INFO | epoch=3 step=2766/8897 global_step=20560 loss=0.089649 gld=0.064695 lld=0.032195 ggd=0.024632 lr=1.000000e-05
2026-05-25 10:56:52 | INFO | epoch=3 step=2786/8897 global_step=20580 loss=0.077261 gld=0.052516 lld=0.029020 ggd=0.024455 lr=1.000000e-05
2026-05-25 10:57:00 | INFO | epoch=3 step=2806/8897 global_step=20600 loss=0.119489 gld=0.081140 lld=0.030467 ggd=0.038045 lr=1.000000e-05
2026-05-25 10:57:07 | INFO | epoch=3 step=2826/8897 global_step=20620 loss=0.111742 gld=0.076550 lld=0.029856 ggd=0.034894 lr=1.000000e-05
2026-05-25 10:57:15 | INFO | epoch=3 step=2846/8897 global_step=20640 loss=0.119265 gld=0.076203 lld=0.034980 ggd=0.042712 lr=1.000000e-05
2026-05-25 10:57:22 | INFO | epoch=3 step=2866/8897 global_step=20660 loss=0.074306 gld=0.051307 lld=0.030764 ggd=0.022691 lr=1.000000e-05
2026-05-25 10:57:30 | INFO | epoch=3 step=2886/8897 global_step=20680 loss=0.106888 gld=0.073271 lld=0.031333 ggd=0.033304 lr=1.000000e-05
2026-05-25 10:57:37 | INFO | epoch=3 step=2906/8897 global_step=20700 loss=0.081043 gld=0.058197 lld=0.028086 ggd=0.022565 lr=1.000000e-05
2026-05-25 10:57:45 | INFO | epoch=3 step=2926/8897 global_step=20720 loss=0.095583 gld=0.065012 lld=0.031559 ggd=0.030255 lr=1.000000e-05
2026-05-25 10:57:53 | INFO | epoch=3 step=2946/8897 global_step=20740 loss=0.082345 gld=0.058048 lld=0.031927 ggd=0.023977 lr=1.000000e-05
2026-05-25 10:58:00 | INFO | epoch=3 step=2966/8897 global_step=20760 loss=0.101766 gld=0.070079 lld=0.032912 ggd=0.031358 lr=1.000000e-05
2026-05-25 10:58:07 | INFO | epoch=3 step=2986/8897 global_step=20780 loss=0.082823 gld=0.059980 lld=0.028185 ggd=0.022561 lr=1.000000e-05
2026-05-25 10:58:15 | INFO | epoch=3 step=3006/8897 global_step=20800 loss=0.090920 gld=0.063116 lld=0.031835 ggd=0.027485 lr=1.000000e-05
2026-05-25 10:58:23 | INFO | epoch=3 step=3026/8897 global_step=20820 loss=0.082248 gld=0.054644 lld=0.030502 ggd=0.027300 lr=1.000000e-05
2026-05-25 10:58:30 | INFO | epoch=3 step=3046/8897 global_step=20840 loss=0.104929 gld=0.072785 lld=0.030933 ggd=0.031834 lr=1.000000e-05
2026-05-25 10:58:37 | INFO | epoch=3 step=3066/8897 global_step=20860 loss=0.114008 gld=0.081740 lld=0.033709 ggd=0.031930 lr=1.000000e-05
2026-05-25 10:58:45 | INFO | epoch=3 step=3086/8897 global_step=20880 loss=0.072037 gld=0.049529 lld=0.033749 ggd=0.022170 lr=1.000000e-05
2026-05-25 10:58:53 | INFO | epoch=3 step=3106/8897 global_step=20900 loss=0.110855 gld=0.076391 lld=0.032114 ggd=0.034142 lr=1.000000e-05
2026-05-25 10:59:00 | INFO | epoch=3 step=3126/8897 global_step=20920 loss=0.106562 gld=0.072751 lld=0.032807 ggd=0.033483 lr=1.000000e-05
2026-05-25 10:59:08 | INFO | epoch=3 step=3146/8897 global_step=20940 loss=0.090397 gld=0.063498 lld=0.031833 ggd=0.026580 lr=1.000000e-05
2026-05-25 10:59:15 | INFO | epoch=3 step=3166/8897 global_step=20960 loss=0.100394 gld=0.068929 lld=0.030235 ggd=0.031163 lr=1.000000e-05
2026-05-25 10:59:23 | INFO | epoch=3 step=3186/8897 global_step=20980 loss=0.089697 gld=0.060658 lld=0.029814 ggd=0.028741 lr=1.000000e-05
2026-05-25 10:59:30 | INFO | epoch=3 step=3206/8897 global_step=21000 loss=0.088240 gld=0.059966 lld=0.030829 ggd=0.027966 lr=1.000000e-05
2026-05-25 10:59:38 | INFO | epoch=3 step=3226/8897 global_step=21020 loss=0.092451 gld=0.063395 lld=0.032202 ggd=0.028734 lr=1.000000e-05
2026-05-25 10:59:46 | INFO | epoch=3 step=3246/8897 global_step=21040 loss=0.091488 gld=0.060201 lld=0.031560 ggd=0.030972 lr=1.000000e-05
2026-05-25 10:59:53 | INFO | epoch=3 step=3266/8897 global_step=21060 loss=0.098261 gld=0.069321 lld=0.030060 ggd=0.028640 lr=1.000000e-05
2026-05-25 11:00:01 | INFO | epoch=3 step=3286/8897 global_step=21080 loss=0.131217 gld=0.089623 lld=0.031700 ggd=0.041278 lr=1.000000e-05
2026-05-25 11:00:08 | INFO | epoch=3 step=3306/8897 global_step=21100 loss=0.104382 gld=0.071938 lld=0.030292 ggd=0.032141 lr=1.000000e-05
2026-05-25 11:00:15 | INFO | epoch=3 step=3326/8897 global_step=21120 loss=0.086774 gld=0.058573 lld=0.030797 ggd=0.027893 lr=1.000000e-05
2026-05-25 11:00:23 | INFO | epoch=3 step=3346/8897 global_step=21140 loss=0.113874 gld=0.073935 lld=0.032760 ggd=0.039612 lr=1.000000e-05
2026-05-25 11:00:31 | INFO | epoch=3 step=3366/8897 global_step=21160 loss=0.099247 gld=0.066762 lld=0.029563 ggd=0.032189 lr=1.000000e-05
2026-05-25 11:00:39 | INFO | epoch=3 step=3386/8897 global_step=21180 loss=0.085761 gld=0.062205 lld=0.031830 ggd=0.023238 lr=1.000000e-05
2026-05-25 11:00:45 | INFO | epoch=3 step=3406/8897 global_step=21200 loss=0.099952 gld=0.072063 lld=0.030118 ggd=0.027588 lr=1.000000e-05
2026-05-25 11:00:53 | INFO | epoch=3 step=3426/8897 global_step=21220 loss=0.146140 gld=0.112488 lld=0.028833 ggd=0.033364 lr=1.000000e-05
2026-05-25 11:01:01 | INFO | epoch=3 step=3446/8897 global_step=21240 loss=0.098195 gld=0.067161 lld=0.028762 ggd=0.030746 lr=1.000000e-05
2026-05-25 11:01:08 | INFO | epoch=3 step=3466/8897 global_step=21260 loss=0.119473 gld=0.086078 lld=0.033611 ggd=0.033059 lr=1.000000e-05
2026-05-25 11:01:15 | INFO | epoch=3 step=3486/8897 global_step=21280 loss=0.084206 gld=0.057041 lld=0.032081 ggd=0.026845 lr=1.000000e-05
2026-05-25 11:01:23 | INFO | epoch=3 step=3506/8897 global_step=21300 loss=0.106193 gld=0.073279 lld=0.031084 ggd=0.032603 lr=1.000000e-05
2026-05-25 11:01:30 | INFO | epoch=3 step=3526/8897 global_step=21320 loss=0.086775 gld=0.061576 lld=0.031975 ggd=0.024880 lr=1.000000e-05
2026-05-25 11:01:38 | INFO | epoch=3 step=3546/8897 global_step=21340 loss=0.143293 gld=0.101294 lld=0.032563 ggd=0.041674 lr=1.000000e-05
2026-05-25 11:01:45 | INFO | epoch=3 step=3566/8897 global_step=21360 loss=0.090848 gld=0.060173 lld=0.029487 ggd=0.030380 lr=1.000000e-05
2026-05-25 11:01:53 | INFO | epoch=3 step=3586/8897 global_step=21380 loss=0.153068 gld=0.101287 lld=0.030791 ggd=0.051474 lr=1.000000e-05
2026-05-25 11:02:00 | INFO | epoch=3 step=3606/8897 global_step=21400 loss=0.122405 gld=0.086653 lld=0.030075 ggd=0.035451 lr=1.000000e-05
2026-05-25 11:02:08 | INFO | epoch=3 step=3626/8897 global_step=21420 loss=0.094668 gld=0.062726 lld=0.031885 ggd=0.031623 lr=1.000000e-05
2026-05-25 11:02:16 | INFO | epoch=3 step=3646/8897 global_step=21440 loss=0.100555 gld=0.068468 lld=0.033380 ggd=0.031754 lr=1.000000e-05
2026-05-25 11:02:23 | INFO | epoch=3 step=3666/8897 global_step=21460 loss=0.097052 gld=0.067898 lld=0.030801 ggd=0.028846 lr=1.000000e-05
2026-05-25 11:02:30 | INFO | epoch=3 step=3686/8897 global_step=21480 loss=0.119315 gld=0.082562 lld=0.029053 ggd=0.036463 lr=1.000000e-05
2026-05-25 11:02:38 | INFO | epoch=3 step=3706/8897 global_step=21500 loss=0.097151 gld=0.065181 lld=0.029929 ggd=0.031670 lr=1.000000e-05
2026-05-25 11:02:46 | INFO | epoch=3 step=3726/8897 global_step=21520 loss=0.073261 gld=0.049967 lld=0.028150 ggd=0.023013 lr=1.000000e-05
2026-05-25 11:02:53 | INFO | epoch=3 step=3746/8897 global_step=21540 loss=0.128036 gld=0.090277 lld=0.030898 ggd=0.037450 lr=1.000000e-05
2026-05-25 11:03:01 | INFO | epoch=3 step=3766/8897 global_step=21560 loss=0.110851 gld=0.071351 lld=0.030990 ggd=0.039190 lr=1.000000e-05
2026-05-25 11:03:08 | INFO | epoch=3 step=3786/8897 global_step=21580 loss=0.093321 gld=0.061930 lld=0.031025 ggd=0.031081 lr=1.000000e-05
2026-05-25 11:03:16 | INFO | epoch=3 step=3806/8897 global_step=21600 loss=0.078251 gld=0.054247 lld=0.029141 ggd=0.023713 lr=1.000000e-05
2026-05-25 11:03:23 | INFO | epoch=3 step=3826/8897 global_step=21620 loss=0.104535 gld=0.075330 lld=0.032967 ggd=0.028875 lr=1.000000e-05
2026-05-25 11:03:31 | INFO | epoch=3 step=3846/8897 global_step=21640 loss=0.103129 gld=0.069016 lld=0.032385 ggd=0.033789 lr=1.000000e-05
2026-05-25 11:03:39 | INFO | epoch=3 step=3866/8897 global_step=21660 loss=0.084276 gld=0.057937 lld=0.031934 ggd=0.026020 lr=1.000000e-05
2026-05-25 11:03:46 | INFO | epoch=3 step=3886/8897 global_step=21680 loss=0.108427 gld=0.071906 lld=0.031530 ggd=0.036205 lr=1.000000e-05
2026-05-25 11:03:54 | INFO | epoch=3 step=3906/8897 global_step=21700 loss=0.093962 gld=0.065646 lld=0.029241 ggd=0.028024 lr=1.000000e-05
2026-05-25 11:04:01 | INFO | epoch=3 step=3926/8897 global_step=21720 loss=0.094746 gld=0.064273 lld=0.030405 ggd=0.030169 lr=1.000000e-05
2026-05-25 11:04:08 | INFO | epoch=3 step=3946/8897 global_step=21740 loss=0.091415 gld=0.061941 lld=0.030618 ggd=0.029167 lr=1.000000e-05
2026-05-25 11:04:16 | INFO | epoch=3 step=3966/8897 global_step=21760 loss=0.102097 gld=0.072439 lld=0.031068 ggd=0.029347 lr=1.000000e-05
2026-05-25 11:04:24 | INFO | epoch=3 step=3986/8897 global_step=21780 loss=0.106665 gld=0.073293 lld=0.035931 ggd=0.033013 lr=1.000000e-05
2026-05-25 11:04:31 | INFO | epoch=3 step=4006/8897 global_step=21800 loss=0.086651 gld=0.058927 lld=0.031812 ggd=0.027407 lr=1.000000e-05
2026-05-25 11:04:39 | INFO | epoch=3 step=4026/8897 global_step=21820 loss=0.115593 gld=0.086391 lld=0.030543 ggd=0.028896 lr=1.000000e-05
2026-05-25 11:04:46 | INFO | epoch=3 step=4046/8897 global_step=21840 loss=0.105210 gld=0.077142 lld=0.033499 ggd=0.027733 lr=1.000000e-05
2026-05-25 11:04:54 | INFO | epoch=3 step=4066/8897 global_step=21860 loss=0.095900 gld=0.064899 lld=0.030197 ggd=0.030699 lr=1.000000e-05
2026-05-25 11:05:01 | INFO | epoch=3 step=4086/8897 global_step=21880 loss=0.089868 gld=0.060849 lld=0.031596 ggd=0.028703 lr=1.000000e-05
2026-05-25 11:05:09 | INFO | epoch=3 step=4106/8897 global_step=21900 loss=0.095106 gld=0.065210 lld=0.031115 ggd=0.029585 lr=1.000000e-05
2026-05-25 11:05:16 | INFO | epoch=3 step=4126/8897 global_step=21920 loss=0.094224 gld=0.064890 lld=0.029529 ggd=0.029038 lr=1.000000e-05
2026-05-25 11:05:24 | INFO | epoch=3 step=4146/8897 global_step=21940 loss=0.080505 gld=0.055787 lld=0.030974 ggd=0.024409 lr=1.000000e-05
2026-05-25 11:05:32 | INFO | epoch=3 step=4166/8897 global_step=21960 loss=0.094031 gld=0.063627 lld=0.029947 ggd=0.030104 lr=1.000000e-05
2026-05-25 11:05:39 | INFO | epoch=3 step=4186/8897 global_step=21980 loss=0.103528 gld=0.069960 lld=0.031672 ggd=0.033251 lr=1.000000e-05
2026-05-25 11:05:47 | INFO | epoch=3 step=4206/8897 global_step=22000 loss=0.077321 gld=0.054216 lld=0.032408 ggd=0.022781 lr=1.000000e-05
2026-05-25 11:05:54 | INFO | epoch=3 step=4226/8897 global_step=22020 loss=0.103040 gld=0.068790 lld=0.031190 ggd=0.033938 lr=1.000000e-05
2026-05-25 11:06:01 | INFO | epoch=3 step=4246/8897 global_step=22040 loss=0.082138 gld=0.055823 lld=0.030946 ggd=0.026006 lr=1.000000e-05
2026-05-25 11:06:09 | INFO | epoch=3 step=4266/8897 global_step=22060 loss=0.079928 gld=0.055430 lld=0.030009 ggd=0.024199 lr=1.000000e-05
2026-05-25 11:06:17 | INFO | epoch=3 step=4286/8897 global_step=22080 loss=0.134691 gld=0.093130 lld=0.032702 ggd=0.041234 lr=1.000000e-05
2026-05-25 11:06:24 | INFO | epoch=3 step=4306/8897 global_step=22100 loss=0.103686 gld=0.070023 lld=0.031537 ggd=0.033348 lr=1.000000e-05
2026-05-25 11:06:32 | INFO | epoch=3 step=4326/8897 global_step=22120 loss=0.099430 gld=0.070410 lld=0.030060 ggd=0.028719 lr=1.000000e-05
2026-05-25 11:06:39 | INFO | epoch=3 step=4346/8897 global_step=22140 loss=0.093819 gld=0.065188 lld=0.028811 ggd=0.028343 lr=1.000000e-05
2026-05-25 11:06:47 | INFO | epoch=3 step=4366/8897 global_step=22160 loss=0.136906 gld=0.092615 lld=0.034523 ggd=0.043946 lr=1.000000e-05
2026-05-25 11:06:54 | INFO | epoch=3 step=4386/8897 global_step=22180 loss=0.097376 gld=0.064848 lld=0.030521 ggd=0.032223 lr=1.000000e-05
2026-05-25 11:07:02 | INFO | epoch=3 step=4406/8897 global_step=22200 loss=0.099026 gld=0.071276 lld=0.029400 ggd=0.027456 lr=1.000000e-05
2026-05-25 11:07:10 | INFO | epoch=3 step=4426/8897 global_step=22220 loss=0.107608 gld=0.075112 lld=0.033311 ggd=0.032163 lr=1.000000e-05
2026-05-25 11:07:17 | INFO | epoch=3 step=4446/8897 global_step=22240 loss=0.085620 gld=0.057717 lld=0.031155 ggd=0.027591 lr=1.000000e-05
2026-05-25 11:07:25 | INFO | epoch=3 step=4466/8897 global_step=22260 loss=0.073896 gld=0.049134 lld=0.032660 ggd=0.024435 lr=1.000000e-05
2026-05-25 11:07:32 | INFO | epoch=3 step=4486/8897 global_step=22280 loss=0.103482 gld=0.075022 lld=0.034788 ggd=0.028112 lr=1.000000e-05
2026-05-25 11:07:39 | INFO | epoch=3 step=4506/8897 global_step=22300 loss=0.114943 gld=0.084033 lld=0.030735 ggd=0.030603 lr=1.000000e-05
2026-05-25 11:07:47 | INFO | epoch=3 step=4526/8897 global_step=22320 loss=0.111363 gld=0.077199 lld=0.032955 ggd=0.033834 lr=1.000000e-05
2026-05-25 11:07:55 | INFO | epoch=3 step=4546/8897 global_step=22340 loss=0.078967 gld=0.056074 lld=0.027701 ggd=0.022616 lr=1.000000e-05
2026-05-25 11:08:02 | INFO | epoch=3 step=4566/8897 global_step=22360 loss=0.090851 gld=0.061607 lld=0.033624 ggd=0.028907 lr=1.000000e-05
2026-05-25 11:08:09 | INFO | epoch=3 step=4586/8897 global_step=22380 loss=0.098158 gld=0.068293 lld=0.030529 ggd=0.029559 lr=1.000000e-05
2026-05-25 11:08:17 | INFO | epoch=3 step=4606/8897 global_step=22400 loss=0.084879 gld=0.053794 lld=0.031571 ggd=0.030769 lr=1.000000e-05
2026-05-25 11:08:25 | INFO | epoch=3 step=4626/8897 global_step=22420 loss=0.103274 gld=0.069878 lld=0.030303 ggd=0.033093 lr=1.000000e-05
2026-05-25 11:08:32 | INFO | epoch=3 step=4646/8897 global_step=22440 loss=0.092931 gld=0.063872 lld=0.030091 ggd=0.028758 lr=1.000000e-05
2026-05-25 11:08:40 | INFO | epoch=3 step=4666/8897 global_step=22460 loss=0.079910 gld=0.054929 lld=0.031187 ggd=0.024669 lr=1.000000e-05
2026-05-25 11:08:47 | INFO | epoch=3 step=4686/8897 global_step=22480 loss=0.098895 gld=0.067276 lld=0.031084 ggd=0.031308 lr=1.000000e-05
2026-05-25 11:08:55 | INFO | epoch=3 step=4706/8897 global_step=22500 loss=0.081147 gld=0.055109 lld=0.030005 ggd=0.025738 lr=1.000000e-05
2026-05-25 11:09:02 | INFO | epoch=3 step=4726/8897 global_step=22520 loss=0.135762 gld=0.095908 lld=0.032420 ggd=0.039529 lr=1.000000e-05
2026-05-25 11:09:10 | INFO | epoch=3 step=4746/8897 global_step=22540 loss=0.110469 gld=0.075367 lld=0.031343 ggd=0.034788 lr=1.000000e-05
2026-05-25 11:09:18 | INFO | epoch=3 step=4766/8897 global_step=22560 loss=0.108698 gld=0.077849 lld=0.033245 ggd=0.030516 lr=1.000000e-05
2026-05-25 11:09:25 | INFO | epoch=3 step=4786/8897 global_step=22580 loss=0.085849 gld=0.062815 lld=0.029207 ggd=0.022742 lr=1.000000e-05
2026-05-25 11:09:33 | INFO | epoch=3 step=4806/8897 global_step=22600 loss=0.101925 gld=0.070054 lld=0.031181 ggd=0.031559 lr=1.000000e-05
2026-05-25 11:09:40 | INFO | epoch=3 step=4826/8897 global_step=22620 loss=0.105420 gld=0.070891 lld=0.033153 ggd=0.034197 lr=1.000000e-05
2026-05-25 11:09:48 | INFO | epoch=3 step=4846/8897 global_step=22640 loss=0.111530 gld=0.077051 lld=0.032212 ggd=0.034157 lr=1.000000e-05
2026-05-25 11:09:55 | INFO | epoch=3 step=4866/8897 global_step=22660 loss=0.094180 gld=0.065090 lld=0.029846 ggd=0.028791 lr=1.000000e-05
2026-05-25 11:10:03 | INFO | epoch=3 step=4886/8897 global_step=22680 loss=0.074825 gld=0.053441 lld=0.030751 ggd=0.021077 lr=1.000000e-05
2026-05-25 11:10:11 | INFO | epoch=3 step=4906/8897 global_step=22700 loss=0.106493 gld=0.074000 lld=0.028957 ggd=0.032203 lr=1.000000e-05
2026-05-25 11:10:18 | INFO | epoch=3 step=4926/8897 global_step=22720 loss=0.101364 gld=0.069232 lld=0.034841 ggd=0.031784 lr=1.000000e-05
2026-05-25 11:10:26 | INFO | epoch=3 step=4946/8897 global_step=22740 loss=0.091022 gld=0.061646 lld=0.030731 ggd=0.029069 lr=1.000000e-05
2026-05-25 11:10:33 | INFO | epoch=3 step=4966/8897 global_step=22760 loss=0.072377 gld=0.051125 lld=0.028944 ggd=0.020962 lr=1.000000e-05
2026-05-25 11:10:41 | INFO | epoch=3 step=4986/8897 global_step=22780 loss=0.094808 gld=0.063486 lld=0.029490 ggd=0.031027 lr=1.000000e-05
2026-05-25 11:10:48 | INFO | epoch=3 step=5006/8897 global_step=22800 loss=0.103066 gld=0.072959 lld=0.029113 ggd=0.029816 lr=1.000000e-05
2026-05-25 11:10:56 | INFO | epoch=3 step=5026/8897 global_step=22820 loss=0.101425 gld=0.065663 lld=0.032716 ggd=0.035435 lr=1.000000e-05
2026-05-25 11:11:03 | INFO | epoch=3 step=5046/8897 global_step=22840 loss=0.087087 gld=0.059767 lld=0.030244 ggd=0.027017 lr=1.000000e-05
2026-05-25 11:11:11 | INFO | epoch=3 step=5066/8897 global_step=22860 loss=0.077984 gld=0.052296 lld=0.030288 ggd=0.025385 lr=1.000000e-05
2026-05-25 11:11:18 | INFO | epoch=3 step=5086/8897 global_step=22880 loss=0.094410 gld=0.067804 lld=0.029204 ggd=0.026313 lr=1.000000e-05
2026-05-25 11:11:26 | INFO | epoch=3 step=5106/8897 global_step=22900 loss=0.078826 gld=0.051667 lld=0.031988 ggd=0.026839 lr=1.000000e-05
2026-05-25 11:11:34 | INFO | epoch=3 step=5126/8897 global_step=22920 loss=0.110048 gld=0.071790 lld=0.033088 ggd=0.037927 lr=1.000000e-05
2026-05-25 11:11:41 | INFO | epoch=3 step=5146/8897 global_step=22940 loss=0.096615 gld=0.067216 lld=0.028779 ggd=0.029111 lr=1.000000e-05
2026-05-25 11:11:48 | INFO | epoch=3 step=5166/8897 global_step=22960 loss=0.092131 gld=0.060024 lld=0.032153 ggd=0.031785 lr=1.000000e-05
2026-05-25 11:11:56 | INFO | epoch=3 step=5186/8897 global_step=22980 loss=0.122143 gld=0.082597 lld=0.035328 ggd=0.039192 lr=1.000000e-05
2026-05-25 11:12:04 | INFO | epoch=3 step=5206/8897 global_step=23000 loss=0.104341 gld=0.073725 lld=0.030872 ggd=0.030307 lr=1.000000e-05
2026-05-25 11:12:11 | INFO | epoch=3 step=5226/8897 global_step=23020 loss=0.089981 gld=0.062891 lld=0.031003 ggd=0.026781 lr=1.000000e-05
2026-05-25 11:12:19 | INFO | epoch=3 step=5246/8897 global_step=23040 loss=0.127773 gld=0.086042 lld=0.033573 ggd=0.041396 lr=1.000000e-05
2026-05-25 11:12:26 | INFO | epoch=3 step=5266/8897 global_step=23060 loss=0.086352 gld=0.058734 lld=0.030847 ggd=0.027310 lr=1.000000e-05
2026-05-25 11:12:34 | INFO | epoch=3 step=5286/8897 global_step=23080 loss=0.085195 gld=0.060393 lld=0.032290 ggd=0.024479 lr=1.000000e-05
2026-05-25 11:12:41 | INFO | epoch=3 step=5306/8897 global_step=23100 loss=0.093640 gld=0.064614 lld=0.031434 ggd=0.028712 lr=1.000000e-05
2026-05-25 11:12:49 | INFO | epoch=3 step=5326/8897 global_step=23120 loss=0.121378 gld=0.082923 lld=0.028790 ggd=0.038167 lr=1.000000e-05
2026-05-25 11:12:57 | INFO | epoch=3 step=5346/8897 global_step=23140 loss=0.122689 gld=0.086315 lld=0.032550 ggd=0.036049 lr=1.000000e-05
2026-05-25 11:13:04 | INFO | epoch=3 step=5366/8897 global_step=23160 loss=0.108627 gld=0.080112 lld=0.032674 ggd=0.028189 lr=1.000000e-05
2026-05-25 11:13:11 | INFO | epoch=3 step=5386/8897 global_step=23180 loss=0.088757 gld=0.059629 lld=0.034198 ggd=0.028786 lr=1.000000e-05
2026-05-25 11:13:19 | INFO | epoch=3 step=5406/8897 global_step=23200 loss=0.088161 gld=0.060049 lld=0.032493 ggd=0.027787 lr=1.000000e-05
2026-05-25 11:13:27 | INFO | epoch=3 step=5426/8897 global_step=23220 loss=0.094923 gld=0.066217 lld=0.032930 ggd=0.028377 lr=1.000000e-05
2026-05-25 11:13:34 | INFO | epoch=3 step=5446/8897 global_step=23240 loss=0.103751 gld=0.070438 lld=0.031866 ggd=0.032994 lr=1.000000e-05
2026-05-25 11:13:42 | INFO | epoch=3 step=5466/8897 global_step=23260 loss=0.124019 gld=0.083686 lld=0.032226 ggd=0.040011 lr=1.000000e-05
2026-05-25 11:13:49 | INFO | epoch=3 step=5486/8897 global_step=23280 loss=0.092846 gld=0.065369 lld=0.031506 ggd=0.027162 lr=1.000000e-05
2026-05-25 11:13:57 | INFO | epoch=3 step=5506/8897 global_step=23300 loss=0.109207 gld=0.071431 lld=0.033496 ggd=0.037441 lr=1.000000e-05
2026-05-25 11:14:04 | INFO | epoch=3 step=5526/8897 global_step=23320 loss=0.115543 gld=0.082909 lld=0.034081 ggd=0.032293 lr=1.000000e-05
2026-05-25 11:14:12 | INFO | epoch=3 step=5546/8897 global_step=23340 loss=0.095352 gld=0.064081 lld=0.033490 ggd=0.030935 lr=1.000000e-05
2026-05-25 11:14:19 | INFO | epoch=3 step=5566/8897 global_step=23360 loss=0.105067 gld=0.072566 lld=0.034132 ggd=0.032160 lr=1.000000e-05
2026-05-25 11:14:27 | INFO | epoch=3 step=5586/8897 global_step=23380 loss=0.095134 gld=0.061328 lld=0.031649 ggd=0.033489 lr=1.000000e-05
2026-05-25 11:14:34 | INFO | epoch=3 step=5606/8897 global_step=23400 loss=0.120724 gld=0.082476 lld=0.032211 ggd=0.037926 lr=1.000000e-05
2026-05-25 11:14:42 | INFO | epoch=3 step=5626/8897 global_step=23420 loss=0.083556 gld=0.057407 lld=0.032222 ggd=0.025827 lr=1.000000e-05
2026-05-25 11:14:49 | INFO | epoch=3 step=5646/8897 global_step=23440 loss=0.084217 gld=0.056051 lld=0.031683 ggd=0.027849 lr=1.000000e-05
2026-05-25 11:14:57 | INFO | epoch=3 step=5666/8897 global_step=23460 loss=0.086845 gld=0.059999 lld=0.031769 ggd=0.026528 lr=1.000000e-05
2026-05-25 11:15:05 | INFO | epoch=3 step=5686/8897 global_step=23480 loss=0.100255 gld=0.069402 lld=0.032235 ggd=0.030531 lr=1.000000e-05
2026-05-25 11:15:12 | INFO | epoch=3 step=5706/8897 global_step=23500 loss=0.122413 gld=0.083616 lld=0.036293 ggd=0.038434 lr=1.000000e-05
2026-05-25 11:15:20 | INFO | epoch=3 step=5726/8897 global_step=23520 loss=0.098732 gld=0.065623 lld=0.031192 ggd=0.032797 lr=1.000000e-05
2026-05-25 11:15:27 | INFO | epoch=3 step=5746/8897 global_step=23540 loss=0.088986 gld=0.059669 lld=0.030564 ggd=0.029012 lr=1.000000e-05
2026-05-25 11:15:35 | INFO | epoch=3 step=5766/8897 global_step=23560 loss=0.108434 gld=0.078546 lld=0.031800 ggd=0.029570 lr=1.000000e-05
2026-05-25 11:15:42 | INFO | epoch=3 step=5786/8897 global_step=23580 loss=0.114403 gld=0.079030 lld=0.031924 ggd=0.035054 lr=1.000000e-05
2026-05-25 11:15:50 | INFO | epoch=3 step=5806/8897 global_step=23600 loss=0.110648 gld=0.076132 lld=0.034015 ggd=0.034175 lr=1.000000e-05
2026-05-25 11:15:57 | INFO | epoch=3 step=5826/8897 global_step=23620 loss=0.125909 gld=0.093475 lld=0.031124 ggd=0.032123 lr=1.000000e-05
2026-05-25 11:16:04 | INFO | epoch=3 step=5846/8897 global_step=23640 loss=0.122462 gld=0.080962 lld=0.035120 ggd=0.041149 lr=1.000000e-05
2026-05-25 11:16:12 | INFO | epoch=3 step=5866/8897 global_step=23660 loss=0.097986 gld=0.064406 lld=0.033778 ggd=0.033242 lr=1.000000e-05
2026-05-25 11:16:20 | INFO | epoch=3 step=5886/8897 global_step=23680 loss=0.080980 gld=0.055723 lld=0.030848 ggd=0.024948 lr=1.000000e-05
2026-05-25 11:16:28 | INFO | epoch=3 step=5906/8897 global_step=23700 loss=0.090030 gld=0.059846 lld=0.032528 ggd=0.029858 lr=1.000000e-05
2026-05-25 11:16:35 | INFO | epoch=3 step=5926/8897 global_step=23720 loss=0.086274 gld=0.060353 lld=0.027324 ggd=0.025648 lr=1.000000e-05
2026-05-25 11:16:42 | INFO | epoch=3 step=5946/8897 global_step=23740 loss=0.070788 gld=0.047306 lld=0.027941 ggd=0.023202 lr=1.000000e-05
2026-05-25 11:16:50 | INFO | epoch=3 step=5966/8897 global_step=23760 loss=0.096330 gld=0.067032 lld=0.030694 ggd=0.028991 lr=1.000000e-05
2026-05-25 11:16:57 | INFO | epoch=3 step=5986/8897 global_step=23780 loss=0.077175 gld=0.052303 lld=0.032529 ggd=0.024547 lr=1.000000e-05
2026-05-25 11:17:05 | INFO | epoch=3 step=6006/8897 global_step=23800 loss=0.074795 gld=0.051109 lld=0.029865 ggd=0.023388 lr=1.000000e-05
2026-05-25 11:17:12 | INFO | epoch=3 step=6026/8897 global_step=23820 loss=0.100952 gld=0.071000 lld=0.031929 ggd=0.029633 lr=1.000000e-05
2026-05-25 11:17:20 | INFO | epoch=3 step=6046/8897 global_step=23840 loss=0.100728 gld=0.065000 lld=0.027523 ggd=0.035452 lr=1.000000e-05
2026-05-25 11:17:27 | INFO | epoch=3 step=6066/8897 global_step=23860 loss=0.080075 gld=0.056053 lld=0.030901 ggd=0.023713 lr=1.000000e-05
2026-05-25 11:17:35 | INFO | epoch=3 step=6086/8897 global_step=23880 loss=0.088090 gld=0.059293 lld=0.028664 ggd=0.028510 lr=1.000000e-05
2026-05-25 11:17:43 | INFO | epoch=3 step=6106/8897 global_step=23900 loss=0.108043 gld=0.074629 lld=0.032676 ggd=0.033086 lr=1.000000e-05
2026-05-25 11:17:50 | INFO | epoch=3 step=6126/8897 global_step=23920 loss=0.084537 gld=0.057226 lld=0.029316 ggd=0.027018 lr=1.000000e-05
2026-05-25 11:17:57 | INFO | epoch=3 step=6146/8897 global_step=23940 loss=0.112829 gld=0.079622 lld=0.032437 ggd=0.032883 lr=1.000000e-05
2026-05-25 11:18:05 | INFO | epoch=3 step=6166/8897 global_step=23960 loss=0.106431 gld=0.069045 lld=0.031591 ggd=0.037070 lr=1.000000e-05
2026-05-25 11:18:13 | INFO | epoch=3 step=6186/8897 global_step=23980 loss=0.114388 gld=0.079581 lld=0.033755 ggd=0.034469 lr=1.000000e-05
2026-05-25 11:18:20 | INFO | epoch=3 step=6206/8897 global_step=24000 loss=0.102782 gld=0.073307 lld=0.033155 ggd=0.029143 lr=1.000000e-05
2026-05-25 11:18:27 | INFO | epoch=3 step=6226/8897 global_step=24020 loss=0.093647 gld=0.061974 lld=0.031962 ggd=0.031353 lr=1.000000e-05
2026-05-25 11:18:35 | INFO | epoch=3 step=6246/8897 global_step=24040 loss=0.085530 gld=0.057215 lld=0.031137 ggd=0.028003 lr=1.000000e-05
2026-05-25 11:18:42 | INFO | epoch=3 step=6266/8897 global_step=24060 loss=0.096310 gld=0.069736 lld=0.032172 ggd=0.026253 lr=1.000000e-05
2026-05-25 11:18:50 | INFO | epoch=3 step=6286/8897 global_step=24080 loss=0.084925 gld=0.056573 lld=0.031379 ggd=0.028039 lr=1.000000e-05
2026-05-25 11:18:58 | INFO | epoch=3 step=6306/8897 global_step=24100 loss=0.079925 gld=0.055449 lld=0.028421 ggd=0.024191 lr=1.000000e-05
2026-05-25 11:19:06 | INFO | epoch=3 step=6326/8897 global_step=24120 loss=0.114585 gld=0.078456 lld=0.036519 ggd=0.035764 lr=1.000000e-05
2026-05-25 11:19:13 | INFO | epoch=3 step=6346/8897 global_step=24140 loss=0.088346 gld=0.059643 lld=0.032571 ggd=0.028377 lr=1.000000e-05
2026-05-25 11:19:20 | INFO | epoch=3 step=6366/8897 global_step=24160 loss=0.099246 gld=0.070236 lld=0.031749 ggd=0.028693 lr=1.000000e-05
2026-05-25 11:19:28 | INFO | epoch=3 step=6386/8897 global_step=24180 loss=0.083404 gld=0.056793 lld=0.035807 ggd=0.026253 lr=1.000000e-05
2026-05-25 11:19:35 | INFO | epoch=3 step=6406/8897 global_step=24200 loss=0.098580 gld=0.068147 lld=0.033237 ggd=0.030100 lr=1.000000e-05
2026-05-25 11:19:43 | INFO | epoch=3 step=6426/8897 global_step=24220 loss=0.098732 gld=0.069898 lld=0.032026 ggd=0.028514 lr=1.000000e-05
2026-05-25 11:19:51 | INFO | epoch=3 step=6446/8897 global_step=24240 loss=0.119823 gld=0.083538 lld=0.033964 ggd=0.035946 lr=1.000000e-05
2026-05-25 11:19:58 | INFO | epoch=3 step=6466/8897 global_step=24260 loss=0.094436 gld=0.059171 lld=0.031917 ggd=0.034945 lr=1.000000e-05
2026-05-25 11:20:05 | INFO | epoch=3 step=6486/8897 global_step=24280 loss=0.082699 gld=0.057209 lld=0.032737 ggd=0.025163 lr=1.000000e-05
2026-05-25 11:20:13 | INFO | epoch=3 step=6506/8897 global_step=24300 loss=0.119888 gld=0.086725 lld=0.033559 ggd=0.032827 lr=1.000000e-05
2026-05-25 11:20:21 | INFO | epoch=3 step=6526/8897 global_step=24320 loss=0.086247 gld=0.059511 lld=0.033837 ggd=0.026397 lr=1.000000e-05
2026-05-25 11:20:28 | INFO | epoch=3 step=6546/8897 global_step=24340 loss=0.075805 gld=0.053957 lld=0.031457 ggd=0.021533 lr=1.000000e-05
2026-05-25 11:20:35 | INFO | epoch=3 step=6566/8897 global_step=24360 loss=0.098873 gld=0.064407 lld=0.031945 ggd=0.034147 lr=1.000000e-05
2026-05-25 11:20:43 | INFO | epoch=3 step=6586/8897 global_step=24380 loss=0.114453 gld=0.077330 lld=0.034913 ggd=0.036774 lr=1.000000e-05
2026-05-25 11:20:51 | INFO | epoch=3 step=6606/8897 global_step=24400 loss=0.090523 gld=0.063803 lld=0.031987 ggd=0.026400 lr=1.000000e-05
2026-05-25 11:20:58 | INFO | epoch=3 step=6626/8897 global_step=24420 loss=0.104607 gld=0.074334 lld=0.030599 ggd=0.029967 lr=1.000000e-05
2026-05-25 11:21:06 | INFO | epoch=3 step=6646/8897 global_step=24440 loss=0.095864 gld=0.062105 lld=0.031791 ggd=0.033441 lr=1.000000e-05
2026-05-25 11:21:13 | INFO | epoch=3 step=6666/8897 global_step=24460 loss=0.082318 gld=0.057444 lld=0.032555 ggd=0.024548 lr=1.000000e-05
2026-05-25 11:21:21 | INFO | epoch=3 step=6686/8897 global_step=24480 loss=0.086913 gld=0.059317 lld=0.030043 ggd=0.027296 lr=1.000000e-05
2026-05-25 11:21:28 | INFO | epoch=3 step=6706/8897 global_step=24500 loss=0.092712 gld=0.060321 lld=0.032490 ggd=0.032066 lr=1.000000e-05
2026-05-25 11:21:36 | INFO | epoch=3 step=6726/8897 global_step=24520 loss=0.109397 gld=0.076599 lld=0.030559 ggd=0.032493 lr=1.000000e-05
2026-05-25 11:21:44 | INFO | epoch=3 step=6746/8897 global_step=24540 loss=0.090752 gld=0.062323 lld=0.033439 ggd=0.028094 lr=1.000000e-05
2026-05-25 11:21:51 | INFO | epoch=3 step=6766/8897 global_step=24560 loss=0.082492 gld=0.059584 lld=0.030083 ggd=0.022607 lr=1.000000e-05
2026-05-25 11:21:58 | INFO | epoch=3 step=6786/8897 global_step=24580 loss=0.094463 gld=0.065019 lld=0.030566 ggd=0.029138 lr=1.000000e-05
2026-05-25 11:22:06 | INFO | epoch=3 step=6806/8897 global_step=24600 loss=0.103667 gld=0.072390 lld=0.033415 ggd=0.030943 lr=1.000000e-05
2026-05-25 11:22:13 | INFO | epoch=3 step=6826/8897 global_step=24620 loss=0.091991 gld=0.065206 lld=0.030144 ggd=0.026484 lr=1.000000e-05
2026-05-25 11:22:21 | INFO | epoch=3 step=6846/8897 global_step=24640 loss=0.115268 gld=0.076854 lld=0.033695 ggd=0.038077 lr=1.000000e-05
2026-05-25 11:22:29 | INFO | epoch=3 step=6866/8897 global_step=24660 loss=0.112260 gld=0.072654 lld=0.033869 ggd=0.039268 lr=1.000000e-05
2026-05-25 11:22:36 | INFO | epoch=3 step=6886/8897 global_step=24680 loss=0.088938 gld=0.059340 lld=0.031723 ggd=0.029281 lr=1.000000e-05
2026-05-25 11:22:43 | INFO | epoch=3 step=6906/8897 global_step=24700 loss=0.102358 gld=0.071239 lld=0.031144 ggd=0.030808 lr=1.000000e-05
2026-05-25 11:22:51 | INFO | epoch=3 step=6926/8897 global_step=24720 loss=0.095666 gld=0.064853 lld=0.031479 ggd=0.030498 lr=1.000000e-05
2026-05-25 11:22:59 | INFO | epoch=3 step=6946/8897 global_step=24740 loss=0.124017 gld=0.086647 lld=0.034284 ggd=0.037027 lr=1.000000e-05
2026-05-25 11:23:06 | INFO | epoch=3 step=6966/8897 global_step=24760 loss=0.089947 gld=0.063514 lld=0.030286 ggd=0.026130 lr=1.000000e-05
2026-05-25 11:23:13 | INFO | epoch=3 step=6986/8897 global_step=24780 loss=0.076401 gld=0.051780 lld=0.030567 ggd=0.024315 lr=1.000000e-05
2026-05-25 11:23:21 | INFO | epoch=3 step=7006/8897 global_step=24800 loss=0.108728 gld=0.075211 lld=0.032369 ggd=0.033193 lr=1.000000e-05
2026-05-25 11:23:28 | INFO | epoch=3 step=7026/8897 global_step=24820 loss=0.116275 gld=0.078445 lld=0.036957 ggd=0.037461 lr=1.000000e-05
2026-05-25 11:23:36 | INFO | epoch=3 step=7046/8897 global_step=24840 loss=0.107971 gld=0.075339 lld=0.031245 ggd=0.032320 lr=1.000000e-05
2026-05-25 11:23:44 | INFO | epoch=3 step=7066/8897 global_step=24860 loss=0.113135 gld=0.080295 lld=0.030488 ggd=0.032536 lr=1.000000e-05
2026-05-25 11:23:51 | INFO | epoch=3 step=7086/8897 global_step=24880 loss=0.118922 gld=0.081117 lld=0.030944 ggd=0.037496 lr=1.000000e-05
2026-05-25 11:23:58 | INFO | epoch=3 step=7106/8897 global_step=24900 loss=0.086728 gld=0.059331 lld=0.034217 ggd=0.027055 lr=1.000000e-05
2026-05-25 11:24:06 | INFO | epoch=3 step=7126/8897 global_step=24920 loss=0.105367 gld=0.070150 lld=0.032154 ggd=0.034895 lr=1.000000e-05
2026-05-25 11:24:14 | INFO | epoch=3 step=7146/8897 global_step=24940 loss=0.088852 gld=0.059029 lld=0.032776 ggd=0.029495 lr=1.000000e-05
2026-05-25 11:24:21 | INFO | epoch=3 step=7166/8897 global_step=24960 loss=0.097266 gld=0.067020 lld=0.031220 ggd=0.029935 lr=1.000000e-05
2026-05-25 11:24:29 | INFO | epoch=3 step=7186/8897 global_step=24980 loss=0.125788 gld=0.086097 lld=0.031785 ggd=0.039374 lr=1.000000e-05
2026-05-25 11:24:36 | INFO | epoch=3 step=7206/8897 global_step=25000 loss=0.121118 gld=0.083191 lld=0.033902 ggd=0.037588 lr=1.000000e-05
2026-05-25 11:24:44 | INFO | epoch=3 step=7226/8897 global_step=25020 loss=0.118250 gld=0.078786 lld=0.034395 ggd=0.039120 lr=1.000000e-05
2026-05-25 11:24:51 | INFO | epoch=3 step=7246/8897 global_step=25040 loss=0.078544 gld=0.053372 lld=0.031026 ggd=0.024862 lr=1.000000e-05
2026-05-25 11:24:59 | INFO | epoch=3 step=7266/8897 global_step=25060 loss=0.105066 gld=0.072990 lld=0.028302 ggd=0.031792 lr=1.000000e-05
2026-05-25 11:25:07 | INFO | epoch=3 step=7286/8897 global_step=25080 loss=0.103071 gld=0.072394 lld=0.032153 ggd=0.030356 lr=1.000000e-05
2026-05-25 11:25:14 | INFO | epoch=3 step=7306/8897 global_step=25100 loss=0.095873 gld=0.064849 lld=0.031915 ggd=0.030705 lr=1.000000e-05
2026-05-25 11:25:21 | INFO | epoch=3 step=7326/8897 global_step=25120 loss=0.089304 gld=0.059654 lld=0.030268 ggd=0.029348 lr=1.000000e-05
2026-05-25 11:25:29 | INFO | epoch=3 step=7346/8897 global_step=25140 loss=0.093518 gld=0.063623 lld=0.032599 ggd=0.029569 lr=1.000000e-05
2026-05-25 11:25:37 | INFO | epoch=3 step=7366/8897 global_step=25160 loss=0.105589 gld=0.070507 lld=0.033110 ggd=0.034751 lr=1.000000e-05
2026-05-25 11:25:44 | INFO | epoch=3 step=7386/8897 global_step=25180 loss=0.091061 gld=0.061342 lld=0.032981 ggd=0.029389 lr=1.000000e-05
2026-05-25 11:25:52 | INFO | epoch=3 step=7406/8897 global_step=25200 loss=0.097499 gld=0.063861 lld=0.031147 ggd=0.033327 lr=1.000000e-05
2026-05-25 11:26:00 | INFO | epoch=3 step=7426/8897 global_step=25220 loss=0.096871 gld=0.066854 lld=0.033216 ggd=0.029685 lr=1.000000e-05
2026-05-25 11:26:07 | INFO | epoch=3 step=7446/8897 global_step=25240 loss=0.092223 gld=0.060937 lld=0.029015 ggd=0.030995 lr=1.000000e-05
2026-05-25 11:26:14 | INFO | epoch=3 step=7466/8897 global_step=25260 loss=0.103413 gld=0.068557 lld=0.030568 ggd=0.034551 lr=1.000000e-05
2026-05-25 11:26:22 | INFO | epoch=3 step=7486/8897 global_step=25280 loss=0.077042 gld=0.052023 lld=0.028804 ggd=0.024731 lr=1.000000e-05
2026-05-25 11:26:30 | INFO | epoch=3 step=7506/8897 global_step=25300 loss=0.104588 gld=0.075280 lld=0.030026 ggd=0.029008 lr=1.000000e-05
2026-05-25 11:26:37 | INFO | epoch=3 step=7526/8897 global_step=25320 loss=0.087451 gld=0.060070 lld=0.029930 ggd=0.027082 lr=1.000000e-05
2026-05-25 11:26:45 | INFO | epoch=3 step=7546/8897 global_step=25340 loss=0.083572 gld=0.057279 lld=0.030672 ggd=0.025987 lr=1.000000e-05
2026-05-25 11:26:52 | INFO | epoch=3 step=7566/8897 global_step=25360 loss=0.087699 gld=0.059988 lld=0.031480 ggd=0.027396 lr=1.000000e-05
2026-05-25 11:27:00 | INFO | epoch=3 step=7586/8897 global_step=25380 loss=0.087458 gld=0.057599 lld=0.030079 ggd=0.029559 lr=1.000000e-05
2026-05-25 11:27:07 | INFO | epoch=3 step=7606/8897 global_step=25400 loss=0.106256 gld=0.074210 lld=0.031300 ggd=0.031733 lr=1.000000e-05
2026-05-25 11:27:15 | INFO | epoch=3 step=7626/8897 global_step=25420 loss=0.100802 gld=0.068964 lld=0.031894 ggd=0.031519 lr=1.000000e-05
2026-05-25 11:27:20 | INFO | epoch=3 step=7646/8897 global_step=25440 loss=0.098954 gld=0.073219 lld=0.029649 ggd=0.025439 lr=1.000000e-05
2026-05-25 11:27:27 | INFO | epoch=3 step=7666/8897 global_step=25460 loss=0.102286 gld=0.070975 lld=0.031955 ggd=0.030991 lr=1.000000e-05
2026-05-25 11:27:35 | INFO | epoch=3 step=7686/8897 global_step=25480 loss=0.090259 gld=0.063817 lld=0.032054 ggd=0.026122 lr=1.000000e-05
2026-05-25 11:27:43 | INFO | epoch=3 step=7706/8897 global_step=25500 loss=0.091357 gld=0.061916 lld=0.033764 ggd=0.029103 lr=1.000000e-05
2026-05-25 11:27:50 | INFO | epoch=3 step=7726/8897 global_step=25520 loss=0.101794 gld=0.068403 lld=0.032521 ggd=0.033065 lr=1.000000e-05
2026-05-25 11:27:58 | INFO | epoch=3 step=7746/8897 global_step=25540 loss=0.116336 gld=0.080522 lld=0.034208 ggd=0.035472 lr=1.000000e-05
2026-05-25 11:28:05 | INFO | epoch=3 step=7766/8897 global_step=25560 loss=0.107000 gld=0.071868 lld=0.029478 ggd=0.034837 lr=1.000000e-05
2026-05-25 11:28:13 | INFO | epoch=3 step=7786/8897 global_step=25580 loss=0.097398 gld=0.065700 lld=0.031824 ggd=0.031380 lr=1.000000e-05
2026-05-25 11:28:20 | INFO | epoch=3 step=7806/8897 global_step=25600 loss=0.087501 gld=0.063027 lld=0.031697 ggd=0.024157 lr=1.000000e-05
2026-05-25 11:28:28 | INFO | epoch=3 step=7826/8897 global_step=25620 loss=0.099268 gld=0.070402 lld=0.033200 ggd=0.028534 lr=1.000000e-05
2026-05-25 11:28:36 | INFO | epoch=3 step=7846/8897 global_step=25640 loss=0.088679 gld=0.060326 lld=0.029844 ggd=0.028055 lr=1.000000e-05
2026-05-25 11:28:43 | INFO | epoch=3 step=7866/8897 global_step=25660 loss=0.100036 gld=0.067578 lld=0.030825 ggd=0.032150 lr=1.000000e-05
2026-05-25 11:28:50 | INFO | epoch=3 step=7886/8897 global_step=25680 loss=0.104111 gld=0.070488 lld=0.035065 ggd=0.033273 lr=1.000000e-05
2026-05-25 11:28:58 | INFO | epoch=3 step=7906/8897 global_step=25700 loss=0.075358 gld=0.051926 lld=0.031093 ggd=0.023121 lr=1.000000e-05
2026-05-25 11:29:06 | INFO | epoch=3 step=7926/8897 global_step=25720 loss=0.108430 gld=0.073064 lld=0.033958 ggd=0.035026 lr=1.000000e-05
2026-05-25 11:29:13 | INFO | epoch=3 step=7946/8897 global_step=25740 loss=0.085741 gld=0.059892 lld=0.030303 ggd=0.025546 lr=1.000000e-05
2026-05-25 11:29:20 | INFO | epoch=3 step=7966/8897 global_step=25760 loss=0.096156 gld=0.065563 lld=0.032663 ggd=0.030267 lr=1.000000e-05
2026-05-25 11:29:28 | INFO | epoch=3 step=7986/8897 global_step=25780 loss=0.095828 gld=0.066615 lld=0.034863 ggd=0.028865 lr=1.000000e-05
2026-05-25 11:29:36 | INFO | epoch=3 step=8006/8897 global_step=25800 loss=0.086651 gld=0.058336 lld=0.033314 ggd=0.027982 lr=1.000000e-05
2026-05-25 11:29:43 | INFO | epoch=3 step=8026/8897 global_step=25820 loss=0.081017 gld=0.052817 lld=0.031058 ggd=0.027890 lr=1.000000e-05
2026-05-25 11:29:51 | INFO | epoch=3 step=8046/8897 global_step=25840 loss=0.134611 gld=0.089618 lld=0.034247 ggd=0.044650 lr=1.000000e-05
2026-05-25 11:29:59 | INFO | epoch=3 step=8066/8897 global_step=25860 loss=0.097463 gld=0.065384 lld=0.032065 ggd=0.031759 lr=1.000000e-05
2026-05-25 11:30:06 | INFO | epoch=3 step=8086/8897 global_step=25880 loss=0.101090 gld=0.068875 lld=0.031603 ggd=0.031900 lr=1.000000e-05
2026-05-25 11:30:13 | INFO | epoch=3 step=8106/8897 global_step=25900 loss=0.101416 gld=0.067307 lld=0.034700 ggd=0.033762 lr=1.000000e-05
2026-05-25 11:30:21 | INFO | epoch=3 step=8126/8897 global_step=25920 loss=0.098611 gld=0.065896 lld=0.032117 ggd=0.032394 lr=1.000000e-05
2026-05-25 11:30:29 | INFO | epoch=3 step=8146/8897 global_step=25940 loss=0.123199 gld=0.081683 lld=0.033148 ggd=0.041185 lr=1.000000e-05
2026-05-25 11:30:36 | INFO | epoch=3 step=8166/8897 global_step=25960 loss=0.109572 gld=0.074238 lld=0.034173 ggd=0.034992 lr=1.000000e-05
2026-05-25 11:30:44 | INFO | epoch=3 step=8186/8897 global_step=25980 loss=0.098540 gld=0.065561 lld=0.033585 ggd=0.032642 lr=1.000000e-05
2026-05-25 11:30:51 | INFO | epoch=3 step=8206/8897 global_step=26000 loss=0.089922 gld=0.062073 lld=0.035611 ggd=0.027493 lr=1.000000e-05
2026-05-25 11:30:59 | INFO | epoch=3 step=8226/8897 global_step=26020 loss=0.137531 gld=0.101101 lld=0.033552 ggd=0.036094 lr=1.000000e-05
2026-05-25 11:31:06 | INFO | epoch=3 step=8246/8897 global_step=26040 loss=0.085382 gld=0.059296 lld=0.030607 ggd=0.025780 lr=1.000000e-05
2026-05-25 11:31:14 | INFO | epoch=3 step=8266/8897 global_step=26060 loss=0.122004 gld=0.081013 lld=0.036221 ggd=0.040629 lr=1.000000e-05
2026-05-25 11:31:22 | INFO | epoch=3 step=8286/8897 global_step=26080 loss=0.151099 gld=0.099020 lld=0.033633 ggd=0.051742 lr=1.000000e-05
2026-05-25 11:31:29 | INFO | epoch=3 step=8306/8897 global_step=26100 loss=0.091376 gld=0.064690 lld=0.029284 ggd=0.026392 lr=1.000000e-05
2026-05-25 11:31:37 | INFO | epoch=3 step=8326/8897 global_step=26120 loss=0.101516 gld=0.067335 lld=0.033731 ggd=0.033844 lr=1.000000e-05
2026-05-25 11:31:44 | INFO | epoch=3 step=8346/8897 global_step=26140 loss=0.083374 gld=0.058434 lld=0.031815 ggd=0.024622 lr=1.000000e-05
2026-05-25 11:31:52 | INFO | epoch=3 step=8366/8897 global_step=26160 loss=0.105040 gld=0.071773 lld=0.031369 ggd=0.032953 lr=1.000000e-05
2026-05-25 11:31:59 | INFO | epoch=3 step=8386/8897 global_step=26180 loss=0.090782 gld=0.063825 lld=0.029995 ggd=0.026657 lr=1.000000e-05
2026-05-25 11:32:07 | INFO | epoch=3 step=8406/8897 global_step=26200 loss=0.093031 gld=0.059863 lld=0.030576 ggd=0.032862 lr=1.000000e-05
2026-05-25 11:32:15 | INFO | epoch=3 step=8426/8897 global_step=26220 loss=0.105794 gld=0.070218 lld=0.034874 ggd=0.035227 lr=1.000000e-05
2026-05-25 11:32:22 | INFO | epoch=3 step=8446/8897 global_step=26240 loss=0.093729 gld=0.059207 lld=0.033278 ggd=0.034189 lr=1.000000e-05
2026-05-25 11:32:29 | INFO | epoch=3 step=8466/8897 global_step=26260 loss=0.134345 gld=0.091516 lld=0.033442 ggd=0.042494 lr=1.000000e-05
2026-05-25 11:32:37 | INFO | epoch=3 step=8486/8897 global_step=26280 loss=0.090232 gld=0.063483 lld=0.032327 ggd=0.026426 lr=1.000000e-05
2026-05-25 11:32:44 | INFO | epoch=3 step=8506/8897 global_step=26300 loss=0.115079 gld=0.081897 lld=0.031169 ggd=0.032870 lr=1.000000e-05
2026-05-25 11:32:52 | INFO | epoch=3 step=8526/8897 global_step=26320 loss=0.139025 gld=0.097335 lld=0.030681 ggd=0.041383 lr=1.000000e-05
2026-05-25 11:33:00 | INFO | epoch=3 step=8546/8897 global_step=26340 loss=0.099480 gld=0.068514 lld=0.033686 ggd=0.030630 lr=1.000000e-05
2026-05-25 11:33:07 | INFO | epoch=3 step=8566/8897 global_step=26360 loss=0.094641 gld=0.061142 lld=0.029791 ggd=0.033201 lr=1.000000e-05
2026-05-25 11:33:15 | INFO | epoch=3 step=8586/8897 global_step=26380 loss=0.091469 gld=0.063250 lld=0.032228 ggd=0.027896 lr=1.000000e-05
2026-05-25 11:33:22 | INFO | epoch=3 step=8606/8897 global_step=26400 loss=0.092453 gld=0.064941 lld=0.031465 ggd=0.027197 lr=1.000000e-05
2026-05-25 11:33:30 | INFO | epoch=3 step=8626/8897 global_step=26420 loss=0.106620 gld=0.072386 lld=0.037692 ggd=0.033857 lr=1.000000e-05
2026-05-25 11:33:38 | INFO | epoch=3 step=8646/8897 global_step=26440 loss=0.087382 gld=0.060109 lld=0.030293 ggd=0.026970 lr=1.000000e-05
2026-05-25 11:33:45 | INFO | epoch=3 step=8666/8897 global_step=26460 loss=0.074643 gld=0.051554 lld=0.032368 ggd=0.022766 lr=1.000000e-05
2026-05-25 11:33:52 | INFO | epoch=3 step=8686/8897 global_step=26480 loss=0.091464 gld=0.063521 lld=0.030442 ggd=0.027639 lr=1.000000e-05
2026-05-25 11:34:00 | INFO | epoch=3 step=8706/8897 global_step=26500 loss=0.119646 gld=0.076251 lld=0.034029 ggd=0.043056 lr=1.000000e-05
2026-05-25 11:34:07 | INFO | epoch=3 step=8726/8897 global_step=26520 loss=0.101707 gld=0.068197 lld=0.033951 ggd=0.033170 lr=1.000000e-05
2026-05-25 11:34:15 | INFO | epoch=3 step=8746/8897 global_step=26540 loss=0.083753 gld=0.056224 lld=0.033118 ggd=0.027198 lr=1.000000e-05
2026-05-25 11:34:23 | INFO | epoch=3 step=8766/8897 global_step=26560 loss=0.099771 gld=0.064497 lld=0.033372 ggd=0.034941 lr=1.000000e-05
2026-05-25 11:34:30 | INFO | epoch=3 step=8786/8897 global_step=26580 loss=0.083065 gld=0.052925 lld=0.032657 ggd=0.029814 lr=1.000000e-05
2026-05-25 11:34:37 | INFO | epoch=3 step=8806/8897 global_step=26600 loss=0.103692 gld=0.066975 lld=0.033801 ggd=0.036380 lr=1.000000e-05
2026-05-25 11:34:45 | INFO | epoch=3 step=8826/8897 global_step=26620 loss=0.086568 gld=0.061748 lld=0.031066 ggd=0.024509 lr=1.000000e-05
2026-05-25 11:34:53 | INFO | epoch=3 step=8846/8897 global_step=26640 loss=0.084105 gld=0.057405 lld=0.031896 ggd=0.026381 lr=1.000000e-05
2026-05-25 11:35:00 | INFO | epoch=3 step=8866/8897 global_step=26660 loss=0.105030 gld=0.068361 lld=0.035735 ggd=0.036312 lr=1.000000e-05
2026-05-25 11:35:08 | INFO | epoch=3 step=8886/8897 global_step=26680 loss=0.130936 gld=0.085797 lld=0.036597 ggd=0.044772 lr=1.000000e-05
2026-05-25 11:35:12 | INFO | [Epoch 3] avg_loss=0.099364 avg_gld=0.068409 avg_lld=0.031550 avg_ggd=0.030640
2026-05-25 11:35:13 | INFO | Saved checkpoint: outputs/pretrain/atas_epoch_3.pt
2026-05-25 11:35:17 | INFO | epoch=4 step=9/8897 global_step=26700 loss=0.087793 gld=0.060614 lld=0.031764 ggd=0.026862 lr=1.000000e-05
2026-05-25 11:35:25 | INFO | epoch=4 step=29/8897 global_step=26720 loss=0.115701 gld=0.082202 lld=0.031441 ggd=0.033184 lr=1.000000e-05
2026-05-25 11:35:32 | INFO | epoch=4 step=49/8897 global_step=26740 loss=0.086776 gld=0.059376 lld=0.031571 ggd=0.027084 lr=1.000000e-05
2026-05-25 11:35:40 | INFO | epoch=4 step=69/8897 global_step=26760 loss=0.102459 gld=0.071002 lld=0.031346 ggd=0.031144 lr=1.000000e-05
2026-05-25 11:35:47 | INFO | epoch=4 step=89/8897 global_step=26780 loss=0.082756 gld=0.054069 lld=0.033151 ggd=0.028355 lr=1.000000e-05
2026-05-25 11:35:55 | INFO | epoch=4 step=109/8897 global_step=26800 loss=0.092031 gld=0.062837 lld=0.033753 ggd=0.028856 lr=1.000000e-05
2026-05-25 11:36:02 | INFO | epoch=4 step=129/8897 global_step=26820 loss=0.086863 gld=0.058452 lld=0.031101 ggd=0.028100 lr=1.000000e-05
2026-05-25 11:36:10 | INFO | epoch=4 step=149/8897 global_step=26840 loss=0.074346 gld=0.048610 lld=0.034486 ggd=0.025391 lr=1.000000e-05
2026-05-25 11:36:17 | INFO | epoch=4 step=169/8897 global_step=26860 loss=0.066913 gld=0.045322 lld=0.031214 ggd=0.021278 lr=1.000000e-05
2026-05-25 11:36:25 | INFO | epoch=4 step=189/8897 global_step=26880 loss=0.110911 gld=0.073230 lld=0.030145 ggd=0.037380 lr=1.000000e-05
2026-05-25 11:36:33 | INFO | epoch=4 step=209/8897 global_step=26900 loss=0.088064 gld=0.057603 lld=0.034858 ggd=0.030113 lr=1.000000e-05
2026-05-25 11:36:40 | INFO | epoch=4 step=229/8897 global_step=26920 loss=0.106466 gld=0.068256 lld=0.034961 ggd=0.037860 lr=1.000000e-05
2026-05-25 11:36:47 | INFO | epoch=4 step=249/8897 global_step=26940 loss=0.133369 gld=0.087231 lld=0.034225 ggd=0.045796 lr=1.000000e-05
2026-05-25 11:36:55 | INFO | epoch=4 step=269/8897 global_step=26960 loss=0.082408 gld=0.059318 lld=0.032379 ggd=0.022766 lr=1.000000e-05
2026-05-25 11:37:02 | INFO | epoch=4 step=289/8897 global_step=26980 loss=0.127357 gld=0.090885 lld=0.033283 ggd=0.036139 lr=1.000000e-05
2026-05-25 11:37:10 | INFO | epoch=4 step=309/8897 global_step=27000 loss=0.109374 gld=0.072112 lld=0.032932 ggd=0.036932 lr=1.000000e-05
2026-05-25 11:37:18 | INFO | epoch=4 step=329/8897 global_step=27020 loss=0.104745 gld=0.071962 lld=0.031801 ggd=0.032465 lr=1.000000e-05
2026-05-25 11:37:25 | INFO | epoch=4 step=349/8897 global_step=27040 loss=0.093586 gld=0.060668 lld=0.032748 ggd=0.032590 lr=1.000000e-05
2026-05-25 11:37:32 | INFO | epoch=4 step=369/8897 global_step=27060 loss=0.080381 gld=0.054673 lld=0.033174 ggd=0.025376 lr=1.000000e-05
2026-05-25 11:37:40 | INFO | epoch=4 step=389/8897 global_step=27080 loss=0.093346 gld=0.062704 lld=0.030440 ggd=0.030337 lr=1.000000e-05
2026-05-25 11:37:48 | INFO | epoch=4 step=409/8897 global_step=27100 loss=0.099103 gld=0.066251 lld=0.035048 ggd=0.032502 lr=1.000000e-05
2026-05-25 11:37:55 | INFO | epoch=4 step=429/8897 global_step=27120 loss=0.108863 gld=0.071698 lld=0.030516 ggd=0.036860 lr=1.000000e-05
2026-05-25 11:38:02 | INFO | epoch=4 step=449/8897 global_step=27140 loss=0.094879 gld=0.062323 lld=0.032404 ggd=0.032233 lr=1.000000e-05
2026-05-25 11:38:10 | INFO | epoch=4 step=469/8897 global_step=27160 loss=0.108795 gld=0.072346 lld=0.033314 ggd=0.036116 lr=1.000000e-05
2026-05-25 11:38:18 | INFO | epoch=4 step=489/8897 global_step=27180 loss=0.080976 gld=0.054227 lld=0.030376 ggd=0.026445 lr=1.000000e-05
2026-05-25 11:38:25 | INFO | epoch=4 step=509/8897 global_step=27200 loss=0.088407 gld=0.056418 lld=0.031004 ggd=0.031679 lr=1.000000e-05
2026-05-25 11:38:33 | INFO | epoch=4 step=529/8897 global_step=27220 loss=0.101156 gld=0.067431 lld=0.032230 ggd=0.033403 lr=1.000000e-05
2026-05-25 11:38:40 | INFO | epoch=4 step=549/8897 global_step=27240 loss=0.098001 gld=0.065816 lld=0.031786 ggd=0.031868 lr=1.000000e-05
2026-05-25 11:38:48 | INFO | epoch=4 step=569/8897 global_step=27260 loss=0.089908 gld=0.059735 lld=0.032390 ggd=0.029849 lr=1.000000e-05
2026-05-25 11:38:55 | INFO | epoch=4 step=589/8897 global_step=27280 loss=0.139666 gld=0.096348 lld=0.037051 ggd=0.042947 lr=1.000000e-05
2026-05-25 11:39:03 | INFO | epoch=4 step=609/8897 global_step=27300 loss=0.079404 gld=0.053794 lld=0.030786 ggd=0.025303 lr=1.000000e-05
2026-05-25 11:39:11 | INFO | epoch=4 step=629/8897 global_step=27320 loss=0.094214 gld=0.064322 lld=0.030543 ggd=0.029587 lr=1.000000e-05
2026-05-25 11:39:18 | INFO | epoch=4 step=649/8897 global_step=27340 loss=0.095075 gld=0.063399 lld=0.035331 ggd=0.031323 lr=1.000000e-05
2026-05-25 11:39:25 | INFO | epoch=4 step=669/8897 global_step=27360 loss=0.070431 gld=0.046256 lld=0.031259 ggd=0.023862 lr=1.000000e-05
2026-05-25 11:39:33 | INFO | epoch=4 step=689/8897 global_step=27380 loss=0.098283 gld=0.069288 lld=0.030093 ggd=0.028693 lr=1.000000e-05
2026-05-25 11:39:41 | INFO | epoch=4 step=709/8897 global_step=27400 loss=0.073763 gld=0.050151 lld=0.031270 ggd=0.023300 lr=1.000000e-05
2026-05-25 11:39:48 | INFO | epoch=4 step=729/8897 global_step=27420 loss=0.100396 gld=0.069628 lld=0.034323 ggd=0.030424 lr=1.000000e-05
2026-05-25 11:39:56 | INFO | epoch=4 step=749/8897 global_step=27440 loss=0.108532 gld=0.073936 lld=0.033103 ggd=0.034265 lr=1.000000e-05
2026-05-25 11:40:04 | INFO | epoch=4 step=769/8897 global_step=27460 loss=0.089752 gld=0.059693 lld=0.032816 ggd=0.029730 lr=1.000000e-05
2026-05-25 11:40:11 | INFO | epoch=4 step=789/8897 global_step=27480 loss=0.091838 gld=0.062678 lld=0.030994 ggd=0.028850 lr=1.000000e-05
2026-05-25 11:40:18 | INFO | epoch=4 step=809/8897 global_step=27500 loss=0.090107 gld=0.062564 lld=0.034112 ggd=0.027202 lr=1.000000e-05
2026-05-25 11:40:26 | INFO | epoch=4 step=829/8897 global_step=27520 loss=0.074791 gld=0.051294 lld=0.031239 ggd=0.023184 lr=1.000000e-05
2026-05-25 11:40:34 | INFO | epoch=4 step=849/8897 global_step=27540 loss=0.111973 gld=0.080571 lld=0.034391 ggd=0.031059 lr=1.000000e-05
2026-05-25 11:40:41 | INFO | epoch=4 step=869/8897 global_step=27560 loss=0.086112 gld=0.060282 lld=0.030433 ggd=0.025526 lr=1.000000e-05
2026-05-25 11:40:48 | INFO | epoch=4 step=889/8897 global_step=27580 loss=0.085494 gld=0.058499 lld=0.031642 ggd=0.026679 lr=1.000000e-05
2026-05-25 11:40:56 | INFO | epoch=4 step=909/8897 global_step=27600 loss=0.096319 gld=0.065282 lld=0.031215 ggd=0.030725 lr=1.000000e-05
2026-05-25 11:41:03 | INFO | epoch=4 step=929/8897 global_step=27620 loss=0.082283 gld=0.058007 lld=0.031753 ggd=0.023959 lr=1.000000e-05
2026-05-25 11:41:11 | INFO | epoch=4 step=949/8897 global_step=27640 loss=0.092552 gld=0.064082 lld=0.033551 ggd=0.028134 lr=1.000000e-05
2026-05-25 11:41:18 | INFO | epoch=4 step=969/8897 global_step=27660 loss=0.094903 gld=0.067111 lld=0.030266 ggd=0.027489 lr=1.000000e-05
2026-05-25 11:41:26 | INFO | epoch=4 step=989/8897 global_step=27680 loss=0.089038 gld=0.059143 lld=0.031524 ggd=0.029580 lr=1.000000e-05
2026-05-25 11:41:33 | INFO | epoch=4 step=1009/8897 global_step=27700 loss=0.086671 gld=0.059698 lld=0.032141 ggd=0.026651 lr=1.000000e-05
2026-05-25 11:41:41 | INFO | epoch=4 step=1029/8897 global_step=27720 loss=0.085018 gld=0.057966 lld=0.031483 ggd=0.026738 lr=1.000000e-05
2026-05-25 11:41:49 | INFO | epoch=4 step=1049/8897 global_step=27740 loss=0.124951 gld=0.082744 lld=0.034305 ggd=0.041863 lr=1.000000e-05
2026-05-25 11:41:56 | INFO | epoch=4 step=1069/8897 global_step=27760 loss=0.095967 gld=0.060198 lld=0.030658 ggd=0.035463 lr=1.000000e-05
2026-05-25 11:42:03 | INFO | epoch=4 step=1089/8897 global_step=27780 loss=0.095677 gld=0.063975 lld=0.033184 ggd=0.031370 lr=1.000000e-05
2026-05-25 11:42:11 | INFO | epoch=4 step=1109/8897 global_step=27800 loss=0.093796 gld=0.065428 lld=0.034002 ggd=0.028028 lr=1.000000e-05
2026-05-25 11:42:19 | INFO | epoch=4 step=1129/8897 global_step=27820 loss=0.086457 gld=0.057297 lld=0.030519 ggd=0.028855 lr=1.000000e-05
2026-05-25 11:42:26 | INFO | epoch=4 step=1149/8897 global_step=27840 loss=0.102729 gld=0.065736 lld=0.036264 ggd=0.036630 lr=1.000000e-05
2026-05-25 11:42:34 | INFO | epoch=4 step=1169/8897 global_step=27860 loss=0.074222 gld=0.049548 lld=0.033559 ggd=0.024338 lr=1.000000e-05
2026-05-25 11:42:41 | INFO | epoch=4 step=1189/8897 global_step=27880 loss=0.086489 gld=0.058413 lld=0.032061 ggd=0.027755 lr=1.000000e-05
2026-05-25 11:42:49 | INFO | epoch=4 step=1209/8897 global_step=27900 loss=0.076642 gld=0.052924 lld=0.030149 ggd=0.023416 lr=1.000000e-05
2026-05-25 11:42:56 | INFO | epoch=4 step=1229/8897 global_step=27920 loss=0.087231 gld=0.059408 lld=0.032774 ggd=0.027495 lr=1.000000e-05
2026-05-25 11:43:04 | INFO | epoch=4 step=1249/8897 global_step=27940 loss=0.089468 gld=0.060264 lld=0.034748 ggd=0.028857 lr=1.000000e-05
2026-05-25 11:43:12 | INFO | epoch=4 step=1269/8897 global_step=27960 loss=0.100777 gld=0.066694 lld=0.035490 ggd=0.033728 lr=1.000000e-05
2026-05-25 11:43:19 | INFO | epoch=4 step=1289/8897 global_step=27980 loss=0.080705 gld=0.052204 lld=0.031439 ggd=0.028186 lr=1.000000e-05
2026-05-25 11:43:26 | INFO | epoch=4 step=1309/8897 global_step=28000 loss=0.138036 gld=0.095531 lld=0.034413 ggd=0.042161 lr=1.000000e-05
2026-05-25 11:43:34 | INFO | epoch=4 step=1329/8897 global_step=28020 loss=0.107788 gld=0.074096 lld=0.034861 ggd=0.033343 lr=1.000000e-05
2026-05-25 11:43:41 | INFO | epoch=4 step=1349/8897 global_step=28040 loss=0.114267 gld=0.077986 lld=0.032863 ggd=0.035952 lr=1.000000e-05
2026-05-25 11:43:49 | INFO | epoch=4 step=1369/8897 global_step=28060 loss=0.074878 gld=0.050095 lld=0.034370 ggd=0.024439 lr=1.000000e-05
2026-05-25 11:43:56 | INFO | epoch=4 step=1389/8897 global_step=28080 loss=0.082559 gld=0.054504 lld=0.030560 ggd=0.027750 lr=1.000000e-05
2026-05-25 11:44:04 | INFO | epoch=4 step=1409/8897 global_step=28100 loss=0.116529 gld=0.075557 lld=0.031005 ggd=0.040662 lr=1.000000e-05
2026-05-25 11:44:11 | INFO | epoch=4 step=1429/8897 global_step=28120 loss=0.107153 gld=0.076383 lld=0.031409 ggd=0.030456 lr=1.000000e-05
2026-05-25 11:44:19 | INFO | epoch=4 step=1449/8897 global_step=28140 loss=0.093598 gld=0.067545 lld=0.033126 ggd=0.025722 lr=1.000000e-05
2026-05-25 11:44:27 | INFO | epoch=4 step=1469/8897 global_step=28160 loss=0.098939 gld=0.068902 lld=0.031422 ggd=0.029723 lr=1.000000e-05
2026-05-25 11:44:34 | INFO | epoch=4 step=1489/8897 global_step=28180 loss=0.103583 gld=0.067518 lld=0.032870 ggd=0.035736 lr=1.000000e-05
2026-05-25 11:44:41 | INFO | epoch=4 step=1509/8897 global_step=28200 loss=0.085545 gld=0.059143 lld=0.030643 ggd=0.026095 lr=1.000000e-05
2026-05-25 11:44:49 | INFO | epoch=4 step=1529/8897 global_step=28220 loss=0.083822 gld=0.056751 lld=0.030110 ggd=0.026769 lr=1.000000e-05
2026-05-25 11:44:56 | INFO | epoch=4 step=1549/8897 global_step=28240 loss=0.099578 gld=0.069083 lld=0.030647 ggd=0.030188 lr=1.000000e-05
2026-05-25 11:45:04 | INFO | epoch=4 step=1569/8897 global_step=28260 loss=0.092320 gld=0.060259 lld=0.030394 ggd=0.031757 lr=1.000000e-05
2026-05-25 11:45:12 | INFO | epoch=4 step=1589/8897 global_step=28280 loss=0.102758 gld=0.070206 lld=0.033306 ggd=0.032219 lr=1.000000e-05
2026-05-25 11:45:19 | INFO | epoch=4 step=1609/8897 global_step=28300 loss=0.091593 gld=0.067139 lld=0.032169 ggd=0.024133 lr=1.000000e-05
2026-05-25 11:45:26 | INFO | epoch=4 step=1629/8897 global_step=28320 loss=0.123413 gld=0.085677 lld=0.033762 ggd=0.037398 lr=1.000000e-05
2026-05-25 11:45:34 | INFO | epoch=4 step=1649/8897 global_step=28340 loss=0.087475 gld=0.057876 lld=0.033772 ggd=0.029262 lr=1.000000e-05
2026-05-25 11:45:42 | INFO | epoch=4 step=1669/8897 global_step=28360 loss=0.092470 gld=0.065943 lld=0.029677 ggd=0.026229 lr=1.000000e-05
2026-05-25 11:45:49 | INFO | epoch=4 step=1689/8897 global_step=28380 loss=0.086671 gld=0.057439 lld=0.032238 ggd=0.028910 lr=1.000000e-05
2026-05-25 11:45:56 | INFO | epoch=4 step=1709/8897 global_step=28400 loss=0.082844 gld=0.056066 lld=0.033588 ggd=0.026443 lr=1.000000e-05
2026-05-25 11:46:04 | INFO | epoch=4 step=1729/8897 global_step=28420 loss=0.139901 gld=0.095112 lld=0.034695 ggd=0.044441 lr=1.000000e-05
2026-05-25 11:46:12 | INFO | epoch=4 step=1749/8897 global_step=28440 loss=0.101498 gld=0.068468 lld=0.029919 ggd=0.032730 lr=1.000000e-05
2026-05-25 11:46:19 | INFO | epoch=4 step=1769/8897 global_step=28460 loss=0.090426 gld=0.063255 lld=0.029691 ggd=0.026874 lr=1.000000e-05
2026-05-25 11:46:27 | INFO | epoch=4 step=1789/8897 global_step=28480 loss=0.081517 gld=0.056707 lld=0.031902 ggd=0.024491 lr=1.000000e-05
2026-05-25 11:46:34 | INFO | epoch=4 step=1809/8897 global_step=28500 loss=0.120857 gld=0.082861 lld=0.033312 ggd=0.037663 lr=1.000000e-05
2026-05-25 11:46:42 | INFO | epoch=4 step=1829/8897 global_step=28520 loss=0.084055 gld=0.053209 lld=0.033420 ggd=0.030512 lr=1.000000e-05
2026-05-25 11:46:49 | INFO | epoch=4 step=1849/8897 global_step=28540 loss=0.076386 gld=0.052101 lld=0.032715 ggd=0.023958 lr=1.000000e-05
2026-05-25 11:46:57 | INFO | epoch=4 step=1869/8897 global_step=28560 loss=0.109578 gld=0.075558 lld=0.035675 ggd=0.033664 lr=1.000000e-05
2026-05-25 11:47:05 | INFO | epoch=4 step=1889/8897 global_step=28580 loss=0.110595 gld=0.082544 lld=0.031062 ggd=0.027740 lr=1.000000e-05
2026-05-25 11:47:12 | INFO | epoch=4 step=1909/8897 global_step=28600 loss=0.098268 gld=0.070791 lld=0.032859 ggd=0.027149 lr=1.000000e-05
2026-05-25 11:47:19 | INFO | epoch=4 step=1929/8897 global_step=28620 loss=0.096555 gld=0.065570 lld=0.032134 ggd=0.030664 lr=1.000000e-05
2026-05-25 11:47:27 | INFO | epoch=4 step=1949/8897 global_step=28640 loss=0.094814 gld=0.064561 lld=0.033147 ggd=0.029922 lr=1.000000e-05
2026-05-25 11:47:34 | INFO | epoch=4 step=1969/8897 global_step=28660 loss=0.081664 gld=0.056642 lld=0.033107 ggd=0.024690 lr=1.000000e-05
2026-05-25 11:47:42 | INFO | epoch=4 step=1989/8897 global_step=28680 loss=0.108288 gld=0.073292 lld=0.031669 ggd=0.034679 lr=1.000000e-05
2026-05-25 11:47:49 | INFO | epoch=4 step=2009/8897 global_step=28700 loss=0.079844 gld=0.055760 lld=0.034276 ggd=0.023741 lr=1.000000e-05
2026-05-25 11:47:57 | INFO | epoch=4 step=2029/8897 global_step=28720 loss=0.089771 gld=0.061064 lld=0.033734 ggd=0.028369 lr=1.000000e-05
2026-05-25 11:48:04 | INFO | epoch=4 step=2049/8897 global_step=28740 loss=0.095867 gld=0.067188 lld=0.031352 ggd=0.028366 lr=1.000000e-05
2026-05-25 11:48:12 | INFO | epoch=4 step=2069/8897 global_step=28760 loss=0.099567 gld=0.068577 lld=0.032590 ggd=0.030664 lr=1.000000e-05
2026-05-25 11:48:20 | INFO | epoch=4 step=2089/8897 global_step=28780 loss=0.100561 gld=0.069297 lld=0.033962 ggd=0.030924 lr=1.000000e-05
2026-05-25 11:48:27 | INFO | epoch=4 step=2109/8897 global_step=28800 loss=0.118397 gld=0.083859 lld=0.035168 ggd=0.034186 lr=1.000000e-05
2026-05-25 11:48:34 | INFO | epoch=4 step=2129/8897 global_step=28820 loss=0.140193 gld=0.098500 lld=0.034093 ggd=0.041352 lr=1.000000e-05
2026-05-25 11:48:42 | INFO | epoch=4 step=2149/8897 global_step=28840 loss=0.103827 gld=0.069480 lld=0.035010 ggd=0.033997 lr=1.000000e-05
2026-05-25 11:48:50 | INFO | epoch=4 step=2169/8897 global_step=28860 loss=0.114766 gld=0.074192 lld=0.032993 ggd=0.040244 lr=1.000000e-05
2026-05-25 11:48:57 | INFO | epoch=4 step=2189/8897 global_step=28880 loss=0.074177 gld=0.048514 lld=0.031240 ggd=0.025351 lr=1.000000e-05
2026-05-25 11:49:05 | INFO | epoch=4 step=2209/8897 global_step=28900 loss=0.088291 gld=0.059709 lld=0.033281 ggd=0.028249 lr=1.000000e-05
2026-05-25 11:49:13 | INFO | epoch=4 step=2229/8897 global_step=28920 loss=0.087040 gld=0.061153 lld=0.031920 ggd=0.025568 lr=1.000000e-05
2026-05-25 11:49:20 | INFO | epoch=4 step=2249/8897 global_step=28940 loss=0.099014 gld=0.068973 lld=0.033045 ggd=0.029711 lr=1.000000e-05
2026-05-25 11:49:27 | INFO | epoch=4 step=2269/8897 global_step=28960 loss=0.096692 gld=0.070146 lld=0.029051 ggd=0.026256 lr=1.000000e-05
2026-05-25 11:49:35 | INFO | epoch=4 step=2289/8897 global_step=28980 loss=0.088849 gld=0.066519 lld=0.031199 ggd=0.022018 lr=1.000000e-05
2026-05-25 11:49:43 | INFO | epoch=4 step=2309/8897 global_step=29000 loss=0.126783 gld=0.087571 lld=0.033364 ggd=0.038879 lr=1.000000e-05
2026-05-25 11:49:50 | INFO | epoch=4 step=2329/8897 global_step=29020 loss=0.131548 gld=0.093119 lld=0.031097 ggd=0.038118 lr=1.000000e-05
2026-05-25 11:49:58 | INFO | epoch=4 step=2349/8897 global_step=29040 loss=0.099274 gld=0.066021 lld=0.036026 ggd=0.032893 lr=1.000000e-05
2026-05-25 11:50:05 | INFO | epoch=4 step=2369/8897 global_step=29060 loss=0.100139 gld=0.067052 lld=0.034978 ggd=0.032737 lr=1.000000e-05
2026-05-25 11:50:13 | INFO | epoch=4 step=2389/8897 global_step=29080 loss=0.080182 gld=0.052994 lld=0.034833 ggd=0.026840 lr=1.000000e-05
2026-05-25 11:50:20 | INFO | epoch=4 step=2409/8897 global_step=29100 loss=0.078227 gld=0.054008 lld=0.029990 ggd=0.023919 lr=1.000000e-05
2026-05-25 11:50:28 | INFO | epoch=4 step=2429/8897 global_step=29120 loss=0.075556 gld=0.051317 lld=0.031479 ggd=0.023924 lr=1.000000e-05
2026-05-25 11:50:36 | INFO | epoch=4 step=2449/8897 global_step=29140 loss=0.101449 gld=0.069799 lld=0.033212 ggd=0.031317 lr=1.000000e-05
2026-05-25 11:50:43 | INFO | epoch=4 step=2469/8897 global_step=29160 loss=0.079383 gld=0.051225 lld=0.033353 ggd=0.027824 lr=1.000000e-05
2026-05-25 11:50:50 | INFO | epoch=4 step=2489/8897 global_step=29180 loss=0.095039 gld=0.062524 lld=0.032895 ggd=0.032186 lr=1.000000e-05
2026-05-25 11:50:58 | INFO | epoch=4 step=2509/8897 global_step=29200 loss=0.099064 gld=0.065495 lld=0.035960 ggd=0.033210 lr=1.000000e-05
2026-05-25 11:51:06 | INFO | epoch=4 step=2529/8897 global_step=29220 loss=0.084618 gld=0.058642 lld=0.032722 ggd=0.025648 lr=1.000000e-05
2026-05-25 11:51:13 | INFO | epoch=4 step=2549/8897 global_step=29240 loss=0.091342 gld=0.059420 lld=0.031395 ggd=0.031608 lr=1.000000e-05
2026-05-25 11:51:21 | INFO | epoch=4 step=2569/8897 global_step=29260 loss=0.078161 gld=0.052476 lld=0.031691 ggd=0.025368 lr=1.000000e-05
2026-05-25 11:51:29 | INFO | epoch=4 step=2589/8897 global_step=29280 loss=0.092939 gld=0.063360 lld=0.033921 ggd=0.029240 lr=1.000000e-05
2026-05-25 11:51:36 | INFO | epoch=4 step=2609/8897 global_step=29300 loss=0.061165 gld=0.041653 lld=0.031090 ggd=0.019201 lr=1.000000e-05
2026-05-25 11:51:43 | INFO | epoch=4 step=2629/8897 global_step=29320 loss=0.098319 gld=0.063138 lld=0.037221 ggd=0.034808 lr=1.000000e-05
2026-05-25 11:51:51 | INFO | epoch=4 step=2649/8897 global_step=29340 loss=0.088523 gld=0.058812 lld=0.032583 ggd=0.029385 lr=1.000000e-05
2026-05-25 11:51:59 | INFO | epoch=4 step=2669/8897 global_step=29360 loss=0.084794 gld=0.056581 lld=0.032539 ggd=0.027888 lr=1.000000e-05
2026-05-25 11:52:06 | INFO | epoch=4 step=2689/8897 global_step=29380 loss=0.082426 gld=0.056160 lld=0.032659 ggd=0.025939 lr=1.000000e-05
2026-05-25 11:52:14 | INFO | epoch=4 step=2709/8897 global_step=29400 loss=0.104264 gld=0.070287 lld=0.035153 ggd=0.033625 lr=1.000000e-05
2026-05-25 11:52:21 | INFO | epoch=4 step=2729/8897 global_step=29420 loss=0.103817 gld=0.068217 lld=0.035309 ggd=0.035247 lr=1.000000e-05
2026-05-25 11:52:29 | INFO | epoch=4 step=2749/8897 global_step=29440 loss=0.092685 gld=0.064096 lld=0.032045 ggd=0.028269 lr=1.000000e-05
2026-05-25 11:52:36 | INFO | epoch=4 step=2769/8897 global_step=29460 loss=0.100081 gld=0.066743 lld=0.036421 ggd=0.032974 lr=1.000000e-05
2026-05-25 11:52:44 | INFO | epoch=4 step=2789/8897 global_step=29480 loss=0.085453 gld=0.058936 lld=0.031845 ggd=0.026199 lr=1.000000e-05
2026-05-25 11:52:52 | INFO | epoch=4 step=2809/8897 global_step=29500 loss=0.088249 gld=0.058450 lld=0.032345 ggd=0.029475 lr=1.000000e-05
2026-05-25 11:52:59 | INFO | epoch=4 step=2829/8897 global_step=29520 loss=0.086589 gld=0.060913 lld=0.030766 ggd=0.025369 lr=1.000000e-05
2026-05-25 11:53:06 | INFO | epoch=4 step=2849/8897 global_step=29540 loss=0.095096 gld=0.062745 lld=0.032913 ggd=0.032022 lr=1.000000e-05
2026-05-25 11:53:14 | INFO | epoch=4 step=2869/8897 global_step=29560 loss=0.089922 gld=0.059619 lld=0.033287 ggd=0.029970 lr=1.000000e-05
2026-05-25 11:53:21 | INFO | epoch=4 step=2889/8897 global_step=29580 loss=0.120389 gld=0.083187 lld=0.036748 ggd=0.036835 lr=1.000000e-05
2026-05-25 11:53:29 | INFO | epoch=4 step=2909/8897 global_step=29600 loss=0.114500 gld=0.080948 lld=0.037778 ggd=0.033175 lr=1.000000e-05
2026-05-25 11:53:37 | INFO | epoch=4 step=2929/8897 global_step=29620 loss=0.091286 gld=0.062960 lld=0.031990 ggd=0.028006 lr=1.000000e-05
2026-05-25 11:53:44 | INFO | epoch=4 step=2949/8897 global_step=29640 loss=0.092856 gld=0.060987 lld=0.031224 ggd=0.031556 lr=1.000000e-05
2026-05-25 11:53:51 | INFO | epoch=4 step=2969/8897 global_step=29660 loss=0.095195 gld=0.063311 lld=0.034013 ggd=0.031544 lr=1.000000e-05
2026-05-25 11:53:59 | INFO | epoch=4 step=2989/8897 global_step=29680 loss=0.097368 gld=0.066353 lld=0.033988 ggd=0.030675 lr=1.000000e-05
2026-05-25 11:54:07 | INFO | epoch=4 step=3009/8897 global_step=29700 loss=0.070607 gld=0.048031 lld=0.031287 ggd=0.022264 lr=1.000000e-05
2026-05-25 11:54:14 | INFO | epoch=4 step=3029/8897 global_step=29720 loss=0.083872 gld=0.057993 lld=0.031677 ggd=0.025562 lr=1.000000e-05
2026-05-25 11:54:22 | INFO | epoch=4 step=3049/8897 global_step=29740 loss=0.094844 gld=0.063110 lld=0.031930 ggd=0.031415 lr=1.000000e-05
2026-05-25 11:54:29 | INFO | epoch=4 step=3069/8897 global_step=29760 loss=0.079433 gld=0.053543 lld=0.031552 ggd=0.025574 lr=1.000000e-05
2026-05-25 11:54:37 | INFO | epoch=4 step=3089/8897 global_step=29780 loss=0.083135 gld=0.054972 lld=0.034305 ggd=0.027820 lr=1.000000e-05
2026-05-25 11:54:44 | INFO | epoch=4 step=3109/8897 global_step=29800 loss=0.084561 gld=0.054998 lld=0.032741 ggd=0.029235 lr=1.000000e-05
2026-05-25 11:54:52 | INFO | epoch=4 step=3129/8897 global_step=29820 loss=0.138936 gld=0.096161 lld=0.038424 ggd=0.042390 lr=1.000000e-05
2026-05-25 11:55:00 | INFO | epoch=4 step=3149/8897 global_step=29840 loss=0.090330 gld=0.060620 lld=0.033001 ggd=0.029380 lr=1.000000e-05
2026-05-25 11:55:07 | INFO | epoch=4 step=3169/8897 global_step=29860 loss=0.100349 gld=0.066638 lld=0.036048 ggd=0.033351 lr=1.000000e-05
2026-05-25 11:55:15 | INFO | epoch=4 step=3189/8897 global_step=29880 loss=0.090893 gld=0.061216 lld=0.033875 ggd=0.029339 lr=1.000000e-05
2026-05-25 11:55:22 | INFO | epoch=4 step=3209/8897 global_step=29900 loss=0.086534 gld=0.056699 lld=0.033067 ggd=0.029505 lr=1.000000e-05
2026-05-25 11:55:30 | INFO | epoch=4 step=3229/8897 global_step=29920 loss=0.088055 gld=0.058467 lld=0.032657 ggd=0.029261 lr=1.000000e-05
2026-05-25 11:55:37 | INFO | epoch=4 step=3249/8897 global_step=29940 loss=0.086140 gld=0.057515 lld=0.031672 ggd=0.028308 lr=1.000000e-05
2026-05-25 11:55:45 | INFO | epoch=4 step=3269/8897 global_step=29960 loss=0.091713 gld=0.058606 lld=0.033642 ggd=0.032770 lr=1.000000e-05
2026-05-25 11:55:53 | INFO | epoch=4 step=3289/8897 global_step=29980 loss=0.110154 gld=0.075716 lld=0.033524 ggd=0.034103 lr=1.000000e-05
2026-05-25 11:56:00 | INFO | epoch=4 step=3309/8897 global_step=30000 loss=0.085145 gld=0.057613 lld=0.031105 ggd=0.027222 lr=1.000000e-05
2026-05-25 11:56:07 | INFO | epoch=4 step=3329/8897 global_step=30020 loss=0.103895 gld=0.072578 lld=0.033331 ggd=0.030983 lr=1.000000e-05
2026-05-25 11:56:15 | INFO | epoch=4 step=3349/8897 global_step=30040 loss=0.113561 gld=0.080751 lld=0.031159 ggd=0.032498 lr=1.000000e-05
2026-05-25 11:56:23 | INFO | epoch=4 step=3369/8897 global_step=30060 loss=0.094699 gld=0.062859 lld=0.034374 ggd=0.031496 lr=1.000000e-05
2026-05-25 11:56:30 | INFO | epoch=4 step=3389/8897 global_step=30080 loss=0.110452 gld=0.073288 lld=0.032599 ggd=0.036839 lr=1.000000e-05
2026-05-25 11:56:38 | INFO | epoch=4 step=3409/8897 global_step=30100 loss=0.100619 gld=0.071867 lld=0.033433 ggd=0.028418 lr=1.000000e-05
2026-05-25 11:56:45 | INFO | epoch=4 step=3429/8897 global_step=30120 loss=0.087535 gld=0.059183 lld=0.034964 ggd=0.028002 lr=1.000000e-05
2026-05-25 11:56:53 | INFO | epoch=4 step=3449/8897 global_step=30140 loss=0.072385 gld=0.048232 lld=0.033080 ggd=0.023822 lr=1.000000e-05
2026-05-25 11:57:00 | INFO | epoch=4 step=3469/8897 global_step=30160 loss=0.077820 gld=0.052554 lld=0.032472 ggd=0.024942 lr=1.000000e-05
2026-05-25 11:57:08 | INFO | epoch=4 step=3489/8897 global_step=30180 loss=0.076470 gld=0.051777 lld=0.032416 ggd=0.024369 lr=1.000000e-05
2026-05-25 11:57:16 | INFO | epoch=4 step=3509/8897 global_step=30200 loss=0.101544 gld=0.068164 lld=0.032737 ggd=0.033052 lr=1.000000e-05
2026-05-25 11:57:23 | INFO | epoch=4 step=3529/8897 global_step=30220 loss=0.092805 gld=0.062744 lld=0.032448 ggd=0.029736 lr=1.000000e-05
2026-05-25 11:57:30 | INFO | epoch=4 step=3549/8897 global_step=30240 loss=0.101650 gld=0.067929 lld=0.033208 ggd=0.033389 lr=1.000000e-05
2026-05-25 11:57:38 | INFO | epoch=4 step=3569/8897 global_step=30260 loss=0.091000 gld=0.064927 lld=0.034397 ggd=0.025729 lr=1.000000e-05
2026-05-25 11:57:46 | INFO | epoch=4 step=3589/8897 global_step=30280 loss=0.095770 gld=0.064508 lld=0.033692 ggd=0.030925 lr=1.000000e-05
2026-05-25 11:57:53 | INFO | epoch=4 step=3609/8897 global_step=30300 loss=0.075596 gld=0.053588 lld=0.032676 ggd=0.021681 lr=1.000000e-05
2026-05-25 11:58:01 | INFO | epoch=4 step=3629/8897 global_step=30320 loss=0.081055 gld=0.052265 lld=0.031697 ggd=0.028473 lr=1.000000e-05
2026-05-25 11:58:08 | INFO | epoch=4 step=3649/8897 global_step=30340 loss=0.109213 gld=0.070999 lld=0.034303 ggd=0.037871 lr=1.000000e-05
2026-05-25 11:58:16 | INFO | epoch=4 step=3669/8897 global_step=30360 loss=0.103322 gld=0.069132 lld=0.037112 ggd=0.033819 lr=1.000000e-05
2026-05-25 11:58:23 | INFO | epoch=4 step=3689/8897 global_step=30380 loss=0.098961 gld=0.064650 lld=0.035803 ggd=0.033954 lr=1.000000e-05
2026-05-25 11:58:31 | INFO | epoch=4 step=3709/8897 global_step=30400 loss=0.089709 gld=0.062760 lld=0.032521 ggd=0.026624 lr=1.000000e-05
2026-05-25 11:58:39 | INFO | epoch=4 step=3729/8897 global_step=30420 loss=0.072398 gld=0.049737 lld=0.032647 ggd=0.022335 lr=1.000000e-05
2026-05-25 11:58:46 | INFO | epoch=4 step=3749/8897 global_step=30440 loss=0.091106 gld=0.060042 lld=0.036679 ggd=0.030698 lr=1.000000e-05
2026-05-25 11:58:53 | INFO | epoch=4 step=3769/8897 global_step=30460 loss=0.078836 gld=0.054018 lld=0.031702 ggd=0.024500 lr=1.000000e-05
2026-05-25 11:59:01 | INFO | epoch=4 step=3789/8897 global_step=30480 loss=0.101409 gld=0.064149 lld=0.037218 ggd=0.036888 lr=1.000000e-05
2026-05-25 11:59:08 | INFO | epoch=4 step=3809/8897 global_step=30500 loss=0.091652 gld=0.058865 lld=0.034499 ggd=0.032443 lr=1.000000e-05
2026-05-25 11:59:16 | INFO | epoch=4 step=3829/8897 global_step=30520 loss=0.098812 gld=0.066078 lld=0.032950 ggd=0.032405 lr=1.000000e-05
2026-05-25 11:59:24 | INFO | epoch=4 step=3849/8897 global_step=30540 loss=0.111699 gld=0.074711 lld=0.034650 ggd=0.036642 lr=1.000000e-05
2026-05-25 11:59:31 | INFO | epoch=4 step=3869/8897 global_step=30560 loss=0.093773 gld=0.065745 lld=0.033398 ggd=0.027694 lr=1.000000e-05
2026-05-25 11:59:38 | INFO | epoch=4 step=3889/8897 global_step=30580 loss=0.084538 gld=0.056029 lld=0.033665 ggd=0.028172 lr=1.000000e-05
2026-05-25 11:59:46 | INFO | epoch=4 step=3909/8897 global_step=30600 loss=0.102642 gld=0.069736 lld=0.036018 ggd=0.032546 lr=1.000000e-05
2026-05-25 11:59:54 | INFO | epoch=4 step=3929/8897 global_step=30620 loss=0.103645 gld=0.072825 lld=0.032001 ggd=0.030500 lr=1.000000e-05
2026-05-25 12:00:01 | INFO | epoch=4 step=3949/8897 global_step=30640 loss=0.088113 gld=0.059751 lld=0.034544 ggd=0.028017 lr=1.000000e-05
2026-05-25 12:00:09 | INFO | epoch=4 step=3969/8897 global_step=30660 loss=0.073745 gld=0.052044 lld=0.032739 ggd=0.021374 lr=1.000000e-05
2026-05-25 12:00:16 | INFO | epoch=4 step=3989/8897 global_step=30680 loss=0.102388 gld=0.067901 lld=0.033734 ggd=0.034150 lr=1.000000e-05
2026-05-25 12:00:24 | INFO | epoch=4 step=4009/8897 global_step=30700 loss=0.092323 gld=0.061518 lld=0.037254 ggd=0.030432 lr=1.000000e-05
2026-05-25 12:00:31 | INFO | epoch=4 step=4029/8897 global_step=30720 loss=0.095193 gld=0.065889 lld=0.033123 ggd=0.028973 lr=1.000000e-05
2026-05-25 12:00:39 | INFO | epoch=4 step=4049/8897 global_step=30740 loss=0.092694 gld=0.061994 lld=0.033004 ggd=0.030370 lr=1.000000e-05
2026-05-25 12:00:47 | INFO | epoch=4 step=4069/8897 global_step=30760 loss=0.096150 gld=0.064743 lld=0.034673 ggd=0.031061 lr=1.000000e-05
2026-05-25 12:00:54 | INFO | epoch=4 step=4089/8897 global_step=30780 loss=0.117258 gld=0.075927 lld=0.038080 ggd=0.040951 lr=1.000000e-05
2026-05-25 12:01:01 | INFO | epoch=4 step=4109/8897 global_step=30800 loss=0.095765 gld=0.065862 lld=0.033587 ggd=0.029568 lr=1.000000e-05
2026-05-25 12:01:09 | INFO | epoch=4 step=4129/8897 global_step=30820 loss=0.097585 gld=0.062748 lld=0.033803 ggd=0.034499 lr=1.000000e-05
2026-05-25 12:01:17 | INFO | epoch=4 step=4149/8897 global_step=30840 loss=0.095087 gld=0.064057 lld=0.031884 ggd=0.030711 lr=1.000000e-05
2026-05-25 12:01:24 | INFO | epoch=4 step=4169/8897 global_step=30860 loss=0.134521 gld=0.095715 lld=0.034343 ggd=0.038463 lr=1.000000e-05
2026-05-25 12:01:32 | INFO | epoch=4 step=4189/8897 global_step=30880 loss=0.095565 gld=0.063700 lld=0.032656 ggd=0.031539 lr=1.000000e-05
2026-05-25 12:01:39 | INFO | epoch=4 step=4209/8897 global_step=30900 loss=0.074943 gld=0.050198 lld=0.031844 ggd=0.024427 lr=1.000000e-05
2026-05-25 12:01:47 | INFO | epoch=4 step=4229/8897 global_step=30920 loss=0.088654 gld=0.059723 lld=0.031869 ggd=0.028612 lr=1.000000e-05
2026-05-25 12:01:54 | INFO | epoch=4 step=4249/8897 global_step=30940 loss=0.086338 gld=0.057911 lld=0.035724 ggd=0.028069 lr=1.000000e-05
2026-05-25 12:02:02 | INFO | epoch=4 step=4269/8897 global_step=30960 loss=0.094643 gld=0.064869 lld=0.033730 ggd=0.029437 lr=1.000000e-05
2026-05-25 12:02:09 | INFO | epoch=4 step=4289/8897 global_step=30980 loss=0.109686 gld=0.074388 lld=0.034279 ggd=0.034955 lr=1.000000e-05
2026-05-25 12:02:17 | INFO | epoch=4 step=4309/8897 global_step=31000 loss=0.085273 gld=0.061987 lld=0.031276 ggd=0.022973 lr=1.000000e-05
2026-05-25 12:02:24 | INFO | epoch=4 step=4329/8897 global_step=31020 loss=0.095000 gld=0.067164 lld=0.032240 ggd=0.027513 lr=1.000000e-05
2026-05-25 12:02:32 | INFO | epoch=4 step=4349/8897 global_step=31040 loss=0.088299 gld=0.061092 lld=0.032240 ggd=0.026885 lr=1.000000e-05
2026-05-25 12:02:39 | INFO | epoch=4 step=4369/8897 global_step=31060 loss=0.091490 gld=0.061833 lld=0.034133 ggd=0.029315 lr=1.000000e-05
2026-05-25 12:02:47 | INFO | epoch=4 step=4389/8897 global_step=31080 loss=0.076930 gld=0.050100 lld=0.032198 ggd=0.026508 lr=1.000000e-05
2026-05-25 12:02:54 | INFO | epoch=4 step=4409/8897 global_step=31100 loss=0.101898 gld=0.070448 lld=0.035424 ggd=0.031096 lr=1.000000e-05
2026-05-25 12:03:02 | INFO | epoch=4 step=4429/8897 global_step=31120 loss=0.070706 gld=0.046709 lld=0.030454 ggd=0.023692 lr=1.000000e-05
2026-05-25 12:03:09 | INFO | epoch=4 step=4449/8897 global_step=31140 loss=0.083912 gld=0.056266 lld=0.031949 ggd=0.027326 lr=1.000000e-05
2026-05-25 12:03:17 | INFO | epoch=4 step=4469/8897 global_step=31160 loss=0.110743 gld=0.077566 lld=0.033483 ggd=0.032842 lr=1.000000e-05
2026-05-25 12:03:25 | INFO | epoch=4 step=4489/8897 global_step=31180 loss=0.078043 gld=0.053345 lld=0.033545 ggd=0.024363 lr=1.000000e-05
2026-05-25 12:03:32 | INFO | epoch=4 step=4509/8897 global_step=31200 loss=0.081418 gld=0.052054 lld=0.034456 ggd=0.029019 lr=1.000000e-05
2026-05-25 12:03:40 | INFO | epoch=4 step=4529/8897 global_step=31220 loss=0.080677 gld=0.055868 lld=0.031551 ggd=0.024494 lr=1.000000e-05
2026-05-25 12:03:47 | INFO | epoch=4 step=4549/8897 global_step=31240 loss=0.106630 gld=0.073298 lld=0.034745 ggd=0.032985 lr=1.000000e-05
2026-05-25 12:03:55 | INFO | epoch=4 step=4569/8897 global_step=31260 loss=0.116598 gld=0.077080 lld=0.037628 ggd=0.039142 lr=1.000000e-05
2026-05-25 12:04:02 | INFO | epoch=4 step=4589/8897 global_step=31280 loss=0.120012 gld=0.080519 lld=0.034467 ggd=0.039148 lr=1.000000e-05
2026-05-25 12:04:10 | INFO | epoch=4 step=4609/8897 global_step=31300 loss=0.071323 gld=0.048001 lld=0.033740 ggd=0.022985 lr=1.000000e-05
2026-05-25 12:04:18 | INFO | epoch=4 step=4629/8897 global_step=31320 loss=0.093044 gld=0.061085 lld=0.035172 ggd=0.031607 lr=1.000000e-05
2026-05-25 12:04:25 | INFO | epoch=4 step=4649/8897 global_step=31340 loss=0.079345 gld=0.052665 lld=0.033967 ggd=0.026339 lr=1.000000e-05
2026-05-25 12:04:32 | INFO | epoch=4 step=4669/8897 global_step=31360 loss=0.096345 gld=0.066119 lld=0.033893 ggd=0.029887 lr=1.000000e-05
2026-05-25 12:04:40 | INFO | epoch=4 step=4689/8897 global_step=31380 loss=0.100876 gld=0.065448 lld=0.035446 ggd=0.035073 lr=1.000000e-05
2026-05-25 12:04:48 | INFO | epoch=4 step=4709/8897 global_step=31400 loss=0.133406 gld=0.092377 lld=0.036511 ggd=0.040664 lr=1.000000e-05
2026-05-25 12:04:55 | INFO | epoch=4 step=4729/8897 global_step=31420 loss=0.098388 gld=0.066010 lld=0.036483 ggd=0.032014 lr=1.000000e-05
2026-05-25 12:05:02 | INFO | epoch=4 step=4749/8897 global_step=31440 loss=0.106272 gld=0.069645 lld=0.034626 ggd=0.036282 lr=1.000000e-05
2026-05-25 12:05:10 | INFO | epoch=4 step=4769/8897 global_step=31460 loss=0.090683 gld=0.062715 lld=0.032737 ggd=0.027641 lr=1.000000e-05
2026-05-25 12:05:17 | INFO | epoch=4 step=4789/8897 global_step=31480 loss=0.109048 gld=0.075808 lld=0.034694 ggd=0.032893 lr=1.000000e-05
2026-05-25 12:05:25 | INFO | epoch=4 step=4809/8897 global_step=31500 loss=0.096389 gld=0.067126 lld=0.034381 ggd=0.028919 lr=1.000000e-05
2026-05-25 12:05:33 | INFO | epoch=4 step=4829/8897 global_step=31520 loss=0.082961 gld=0.055298 lld=0.034385 ggd=0.027318 lr=1.000000e-05
2026-05-25 12:05:40 | INFO | epoch=4 step=4849/8897 global_step=31540 loss=0.095899 gld=0.069127 lld=0.031199 ggd=0.026460 lr=1.000000e-05
2026-05-25 12:05:47 | INFO | epoch=4 step=4869/8897 global_step=31560 loss=0.092777 gld=0.063203 lld=0.037266 ggd=0.029202 lr=1.000000e-05
2026-05-25 12:05:55 | INFO | epoch=4 step=4889/8897 global_step=31580 loss=0.104263 gld=0.069550 lld=0.036705 ggd=0.034346 lr=1.000000e-05
2026-05-25 12:06:03 | INFO | epoch=4 step=4909/8897 global_step=31600 loss=0.105585 gld=0.073031 lld=0.031966 ggd=0.032235 lr=1.000000e-05
2026-05-25 12:06:10 | INFO | epoch=4 step=4929/8897 global_step=31620 loss=0.086211 gld=0.056896 lld=0.034375 ggd=0.028971 lr=1.000000e-05
2026-05-25 12:06:17 | INFO | epoch=4 step=4949/8897 global_step=31640 loss=0.121898 gld=0.078345 lld=0.037661 ggd=0.043176 lr=1.000000e-05
2026-05-25 12:06:25 | INFO | epoch=4 step=4969/8897 global_step=31660 loss=0.095941 gld=0.064636 lld=0.036822 ggd=0.030937 lr=1.000000e-05
2026-05-25 12:06:33 | INFO | epoch=4 step=4989/8897 global_step=31680 loss=0.078385 gld=0.053143 lld=0.037044 ggd=0.024871 lr=1.000000e-05
2026-05-25 12:06:40 | INFO | epoch=4 step=5009/8897 global_step=31700 loss=0.076673 gld=0.050389 lld=0.035280 ggd=0.025931 lr=1.000000e-05
2026-05-25 12:06:48 | INFO | epoch=4 step=5029/8897 global_step=31720 loss=0.089014 gld=0.065617 lld=0.033181 ggd=0.023066 lr=1.000000e-05
2026-05-25 12:06:55 | INFO | epoch=4 step=5049/8897 global_step=31740 loss=0.097072 gld=0.066023 lld=0.034342 ggd=0.030706 lr=1.000000e-05
2026-05-25 12:07:03 | INFO | epoch=4 step=5069/8897 global_step=31760 loss=0.090628 gld=0.058694 lld=0.031292 ggd=0.031621 lr=1.000000e-05
2026-05-25 12:07:10 | INFO | epoch=4 step=5089/8897 global_step=31780 loss=0.092110 gld=0.060421 lld=0.034126 ggd=0.031348 lr=1.000000e-05
2026-05-25 12:07:18 | INFO | epoch=4 step=5109/8897 global_step=31800 loss=0.087130 gld=0.057373 lld=0.035126 ggd=0.029407 lr=1.000000e-05
2026-05-25 12:07:26 | INFO | epoch=4 step=5129/8897 global_step=31820 loss=0.089682 gld=0.059505 lld=0.033220 ggd=0.029844 lr=1.000000e-05
2026-05-25 12:07:33 | INFO | epoch=4 step=5149/8897 global_step=31840 loss=0.090929 gld=0.060278 lld=0.035905 ggd=0.030293 lr=1.000000e-05
2026-05-25 12:07:41 | INFO | epoch=4 step=5169/8897 global_step=31860 loss=0.070814 gld=0.046280 lld=0.031527 ggd=0.024219 lr=1.000000e-05
2026-05-25 12:07:48 | INFO | epoch=4 step=5189/8897 global_step=31880 loss=0.098800 gld=0.066145 lld=0.035438 ggd=0.032301 lr=1.000000e-05
2026-05-25 12:07:56 | INFO | epoch=4 step=5209/8897 global_step=31900 loss=0.088252 gld=0.057273 lld=0.034616 ggd=0.030633 lr=1.000000e-05
2026-05-25 12:08:03 | INFO | epoch=4 step=5229/8897 global_step=31920 loss=0.097526 gld=0.067316 lld=0.035545 ggd=0.029855 lr=1.000000e-05
2026-05-25 12:08:11 | INFO | epoch=4 step=5249/8897 global_step=31940 loss=0.114238 gld=0.075110 lld=0.037859 ggd=0.038750 lr=1.000000e-05
2026-05-25 12:08:18 | INFO | epoch=4 step=5269/8897 global_step=31960 loss=0.089443 gld=0.059120 lld=0.036307 ggd=0.029960 lr=1.000000e-05
2026-05-25 12:08:25 | INFO | epoch=4 step=5289/8897 global_step=31980 loss=0.084920 gld=0.059108 lld=0.035784 ggd=0.025454 lr=1.000000e-05
2026-05-25 12:08:33 | INFO | epoch=4 step=5309/8897 global_step=32000 loss=0.093994 gld=0.062645 lld=0.032835 ggd=0.031021 lr=1.000000e-05
2026-05-25 12:08:41 | INFO | epoch=4 step=5329/8897 global_step=32020 loss=0.086115 gld=0.056785 lld=0.035749 ggd=0.028972 lr=1.000000e-05
2026-05-25 12:08:48 | INFO | epoch=4 step=5349/8897 global_step=32040 loss=0.100081 gld=0.073508 lld=0.033571 ggd=0.026237 lr=1.000000e-05
2026-05-25 12:08:56 | INFO | epoch=4 step=5369/8897 global_step=32060 loss=0.094991 gld=0.063095 lld=0.037935 ggd=0.031517 lr=1.000000e-05
2026-05-25 12:09:03 | INFO | epoch=4 step=5389/8897 global_step=32080 loss=0.083758 gld=0.056355 lld=0.032717 ggd=0.027075 lr=1.000000e-05
2026-05-25 12:09:11 | INFO | epoch=4 step=5409/8897 global_step=32100 loss=0.085779 gld=0.057700 lld=0.032476 ggd=0.027754 lr=1.000000e-05
2026-05-25 12:09:18 | INFO | epoch=4 step=5429/8897 global_step=32120 loss=0.096712 gld=0.064638 lld=0.037637 ggd=0.031697 lr=1.000000e-05
2026-05-25 12:09:26 | INFO | epoch=4 step=5449/8897 global_step=32140 loss=0.097748 gld=0.068420 lld=0.037001 ggd=0.028958 lr=1.000000e-05
2026-05-25 12:09:34 | INFO | epoch=4 step=5469/8897 global_step=32160 loss=0.085857 gld=0.056596 lld=0.033439 ggd=0.028927 lr=1.000000e-05
2026-05-25 12:09:41 | INFO | epoch=4 step=5489/8897 global_step=32180 loss=0.114009 gld=0.077178 lld=0.034680 ggd=0.036484 lr=1.000000e-05
2026-05-25 12:09:48 | INFO | epoch=4 step=5509/8897 global_step=32200 loss=0.111515 gld=0.081967 lld=0.036166 ggd=0.029186 lr=1.000000e-05
2026-05-25 12:09:56 | INFO | epoch=4 step=5529/8897 global_step=32220 loss=0.102741 gld=0.069470 lld=0.033814 ggd=0.032933 lr=1.000000e-05
2026-05-25 12:10:04 | INFO | epoch=4 step=5549/8897 global_step=32240 loss=0.083449 gld=0.054656 lld=0.036230 ggd=0.028431 lr=1.000000e-05
2026-05-25 12:10:11 | INFO | epoch=4 step=5569/8897 global_step=32260 loss=0.086778 gld=0.057650 lld=0.032908 ggd=0.028800 lr=1.000000e-05
2026-05-25 12:10:18 | INFO | epoch=4 step=5589/8897 global_step=32280 loss=0.100621 gld=0.068562 lld=0.034913 ggd=0.031710 lr=1.000000e-05
2026-05-25 12:10:26 | INFO | epoch=4 step=5609/8897 global_step=32300 loss=0.095096 gld=0.061785 lld=0.034514 ggd=0.032965 lr=1.000000e-05
2026-05-25 12:10:33 | INFO | epoch=4 step=5629/8897 global_step=32320 loss=0.109894 gld=0.073282 lld=0.034242 ggd=0.036270 lr=1.000000e-05
2026-05-25 12:10:41 | INFO | epoch=4 step=5649/8897 global_step=32340 loss=0.073020 gld=0.046899 lld=0.035961 ggd=0.025761 lr=1.000000e-05
2026-05-25 12:10:49 | INFO | epoch=4 step=5669/8897 global_step=32360 loss=0.097127 gld=0.062074 lld=0.037106 ggd=0.034681 lr=1.000000e-05
2026-05-25 12:10:56 | INFO | epoch=4 step=5689/8897 global_step=32380 loss=0.101904 gld=0.071226 lld=0.035691 ggd=0.030321 lr=1.000000e-05
2026-05-25 12:11:04 | INFO | epoch=4 step=5709/8897 global_step=32400 loss=0.089966 gld=0.058394 lld=0.035710 ggd=0.031214 lr=1.000000e-05
2026-05-25 12:11:11 | INFO | epoch=4 step=5729/8897 global_step=32420 loss=0.070443 gld=0.046485 lld=0.032477 ggd=0.023633 lr=1.000000e-05
2026-05-25 12:11:19 | INFO | epoch=4 step=5749/8897 global_step=32440 loss=0.103754 gld=0.072582 lld=0.037280 ggd=0.030799 lr=1.000000e-05
2026-05-25 12:11:26 | INFO | epoch=4 step=5769/8897 global_step=32460 loss=0.105465 gld=0.069235 lld=0.035556 ggd=0.035875 lr=1.000000e-05
2026-05-25 12:11:34 | INFO | epoch=4 step=5789/8897 global_step=32480 loss=0.090125 gld=0.062703 lld=0.032213 ggd=0.027099 lr=1.000000e-05
2026-05-25 12:11:41 | INFO | epoch=4 step=5809/8897 global_step=32500 loss=0.085257 gld=0.057544 lld=0.037548 ggd=0.027337 lr=1.000000e-05
2026-05-25 12:11:49 | INFO | epoch=4 step=5829/8897 global_step=32520 loss=0.079840 gld=0.052015 lld=0.035761 ggd=0.027467 lr=1.000000e-05
2026-05-25 12:11:56 | INFO | epoch=4 step=5849/8897 global_step=32540 loss=0.111109 gld=0.074117 lld=0.036966 ggd=0.036623 lr=1.000000e-05
2026-05-25 12:12:04 | INFO | epoch=4 step=5869/8897 global_step=32560 loss=0.083634 gld=0.052132 lld=0.034486 ggd=0.031157 lr=1.000000e-05
2026-05-25 12:12:12 | INFO | epoch=4 step=5889/8897 global_step=32580 loss=0.110190 gld=0.077909 lld=0.038017 ggd=0.031901 lr=1.000000e-05
2026-05-25 12:12:19 | INFO | epoch=4 step=5909/8897 global_step=32600 loss=0.120865 gld=0.081035 lld=0.035536 ggd=0.039475 lr=1.000000e-05
2026-05-25 12:12:26 | INFO | epoch=4 step=5929/8897 global_step=32620 loss=0.091401 gld=0.062208 lld=0.034834 ggd=0.028844 lr=1.000000e-05
2026-05-25 12:12:34 | INFO | epoch=4 step=5949/8897 global_step=32640 loss=0.119655 gld=0.077435 lld=0.036879 ggd=0.041852 lr=1.000000e-05
2026-05-25 12:12:42 | INFO | epoch=4 step=5969/8897 global_step=32660 loss=0.090655 gld=0.061361 lld=0.032724 ggd=0.028966 lr=1.000000e-05
2026-05-25 12:12:49 | INFO | epoch=4 step=5989/8897 global_step=32680 loss=0.097973 gld=0.065591 lld=0.035509 ggd=0.032027 lr=1.000000e-05
2026-05-25 12:12:57 | INFO | epoch=4 step=6009/8897 global_step=32700 loss=0.082076 gld=0.055638 lld=0.034497 ggd=0.026093 lr=1.000000e-05
2026-05-25 12:13:04 | INFO | epoch=4 step=6029/8897 global_step=32720 loss=0.078145 gld=0.051219 lld=0.034833 ggd=0.026578 lr=1.000000e-05
2026-05-25 12:13:11 | INFO | epoch=4 step=6049/8897 global_step=32740 loss=0.127145 gld=0.088957 lld=0.038038 ggd=0.037808 lr=1.000000e-05
2026-05-25 12:13:19 | INFO | epoch=4 step=6069/8897 global_step=32760 loss=0.131766 gld=0.085861 lld=0.040008 ggd=0.045505 lr=1.000000e-05
2026-05-25 12:13:27 | INFO | epoch=4 step=6089/8897 global_step=32780 loss=0.083241 gld=0.053686 lld=0.031584 ggd=0.029239 lr=1.000000e-05
2026-05-25 12:13:35 | INFO | epoch=4 step=6109/8897 global_step=32800 loss=0.077069 gld=0.054025 lld=0.033256 ggd=0.022712 lr=1.000000e-05
2026-05-25 12:13:42 | INFO | epoch=4 step=6129/8897 global_step=32820 loss=0.080166 gld=0.050868 lld=0.032084 ggd=0.028978 lr=1.000000e-05
2026-05-25 12:13:49 | INFO | epoch=4 step=6149/8897 global_step=32840 loss=0.098341 gld=0.065583 lld=0.036498 ggd=0.032394 lr=1.000000e-05
2026-05-25 12:13:57 | INFO | epoch=4 step=6169/8897 global_step=32860 loss=0.099925 gld=0.068000 lld=0.030639 ggd=0.031618 lr=1.000000e-05
2026-05-25 12:14:04 | INFO | epoch=4 step=6189/8897 global_step=32880 loss=0.130946 gld=0.089503 lld=0.036528 ggd=0.041077 lr=1.000000e-05
2026-05-25 12:14:12 | INFO | epoch=4 step=6209/8897 global_step=32900 loss=0.112955 gld=0.074158 lld=0.036794 ggd=0.038429 lr=1.000000e-05
2026-05-25 12:14:20 | INFO | epoch=4 step=6229/8897 global_step=32920 loss=0.087919 gld=0.059521 lld=0.036355 ggd=0.028035 lr=1.000000e-05
2026-05-25 12:14:27 | INFO | epoch=4 step=6249/8897 global_step=32940 loss=0.114329 gld=0.078026 lld=0.035401 ggd=0.035949 lr=1.000000e-05
2026-05-25 12:14:34 | INFO | epoch=4 step=6269/8897 global_step=32960 loss=0.123071 gld=0.083375 lld=0.037498 ggd=0.039321 lr=1.000000e-05
2026-05-25 12:14:42 | INFO | epoch=4 step=6289/8897 global_step=32980 loss=0.102456 gld=0.067382 lld=0.034632 ggd=0.034728 lr=1.000000e-05
2026-05-25 12:14:50 | INFO | epoch=4 step=6309/8897 global_step=33000 loss=0.094187 gld=0.062850 lld=0.035227 ggd=0.030985 lr=1.000000e-05
2026-05-25 12:14:57 | INFO | epoch=4 step=6329/8897 global_step=33020 loss=0.089357 gld=0.057927 lld=0.036002 ggd=0.031070 lr=1.000000e-05
2026-05-25 12:15:04 | INFO | epoch=4 step=6349/8897 global_step=33040 loss=0.081559 gld=0.056377 lld=0.034653 ggd=0.024835 lr=1.000000e-05
2026-05-25 12:15:12 | INFO | epoch=4 step=6369/8897 global_step=33060 loss=0.093519 gld=0.064517 lld=0.032707 ggd=0.028676 lr=1.000000e-05
2026-05-25 12:15:19 | INFO | epoch=4 step=6389/8897 global_step=33080 loss=0.103193 gld=0.071340 lld=0.036030 ggd=0.031493 lr=1.000000e-05
2026-05-25 12:15:27 | INFO | epoch=4 step=6409/8897 global_step=33100 loss=0.088849 gld=0.060737 lld=0.033845 ggd=0.027774 lr=1.000000e-05
2026-05-25 12:15:35 | INFO | epoch=4 step=6429/8897 global_step=33120 loss=0.094894 gld=0.065515 lld=0.034302 ggd=0.029036 lr=1.000000e-05
2026-05-25 12:15:42 | INFO | epoch=4 step=6449/8897 global_step=33140 loss=0.119399 gld=0.080174 lld=0.038345 ggd=0.038842 lr=1.000000e-05
2026-05-25 12:15:49 | INFO | epoch=4 step=6469/8897 global_step=33160 loss=0.106217 gld=0.068538 lld=0.038923 ggd=0.037290 lr=1.000000e-05
2026-05-25 12:15:56 | INFO | epoch=4 step=6489/8897 global_step=33180 loss=0.082021 gld=0.054498 lld=0.033950 ggd=0.027183 lr=1.000000e-05
2026-05-25 12:16:03 | INFO | epoch=4 step=6509/8897 global_step=33200 loss=0.093651 gld=0.064562 lld=0.035107 ggd=0.028738 lr=1.000000e-05
2026-05-25 12:16:11 | INFO | epoch=4 step=6529/8897 global_step=33220 loss=0.092069 gld=0.060873 lld=0.036290 ggd=0.030833 lr=1.000000e-05
2026-05-25 12:16:18 | INFO | epoch=4 step=6549/8897 global_step=33240 loss=0.074759 gld=0.048912 lld=0.034087 ggd=0.025506 lr=1.000000e-05
2026-05-25 12:16:26 | INFO | epoch=4 step=6569/8897 global_step=33260 loss=0.107998 gld=0.075098 lld=0.040197 ggd=0.032498 lr=1.000000e-05
2026-05-25 12:16:33 | INFO | epoch=4 step=6589/8897 global_step=33280 loss=0.097924 gld=0.065330 lld=0.035023 ggd=0.032244 lr=1.000000e-05
2026-05-25 12:16:41 | INFO | epoch=4 step=6609/8897 global_step=33300 loss=0.070314 gld=0.047276 lld=0.031112 ggd=0.022727 lr=1.000000e-05
2026-05-25 12:16:49 | INFO | epoch=4 step=6629/8897 global_step=33320 loss=0.106489 gld=0.070411 lld=0.036946 ggd=0.035708 lr=1.000000e-05
2026-05-25 12:16:56 | INFO | epoch=4 step=6649/8897 global_step=33340 loss=0.090753 gld=0.060336 lld=0.038727 ggd=0.030030 lr=1.000000e-05
2026-05-25 12:17:03 | INFO | epoch=4 step=6669/8897 global_step=33360 loss=0.108328 gld=0.068557 lld=0.040882 ggd=0.039363 lr=1.000000e-05
2026-05-25 12:17:11 | INFO | epoch=4 step=6689/8897 global_step=33380 loss=0.107793 gld=0.070990 lld=0.038491 ggd=0.036418 lr=1.000000e-05
2026-05-25 12:17:19 | INFO | epoch=4 step=6709/8897 global_step=33400 loss=0.075788 gld=0.052270 lld=0.035180 ggd=0.023166 lr=1.000000e-05
2026-05-25 12:17:26 | INFO | epoch=4 step=6729/8897 global_step=33420 loss=0.081207 gld=0.053568 lld=0.035807 ggd=0.027281 lr=1.000000e-05
2026-05-25 12:17:34 | INFO | epoch=4 step=6749/8897 global_step=33440 loss=0.119097 gld=0.083534 lld=0.036879 ggd=0.035194 lr=1.000000e-05
2026-05-25 12:17:41 | INFO | epoch=4 step=6769/8897 global_step=33460 loss=0.100195 gld=0.064791 lld=0.037204 ggd=0.035033 lr=1.000000e-05
2026-05-25 12:17:49 | INFO | epoch=4 step=6789/8897 global_step=33480 loss=0.110431 gld=0.073391 lld=0.032183 ggd=0.036718 lr=1.000000e-05
2026-05-25 12:17:56 | INFO | epoch=4 step=6809/8897 global_step=33500 loss=0.103718 gld=0.072060 lld=0.035246 ggd=0.031305 lr=1.000000e-05
2026-05-25 12:18:04 | INFO | epoch=4 step=6829/8897 global_step=33520 loss=0.114403 gld=0.084075 lld=0.038747 ggd=0.029941 lr=1.000000e-05
2026-05-25 12:18:11 | INFO | epoch=4 step=6849/8897 global_step=33540 loss=0.075795 gld=0.051557 lld=0.036524 ggd=0.023873 lr=1.000000e-05
2026-05-25 12:18:19 | INFO | epoch=4 step=6869/8897 global_step=33560 loss=0.087187 gld=0.056952 lld=0.035058 ggd=0.029885 lr=1.000000e-05
2026-05-25 12:18:27 | INFO | epoch=4 step=6889/8897 global_step=33580 loss=0.071912 gld=0.046456 lld=0.035447 ggd=0.025102 lr=1.000000e-05
2026-05-25 12:18:34 | INFO | epoch=4 step=6909/8897 global_step=33600 loss=0.110884 gld=0.074447 lld=0.035892 ggd=0.036077 lr=1.000000e-05
2026-05-25 12:18:41 | INFO | epoch=4 step=6929/8897 global_step=33620 loss=0.088706 gld=0.063010 lld=0.035357 ggd=0.025343 lr=1.000000e-05
2026-05-25 12:18:49 | INFO | epoch=4 step=6949/8897 global_step=33640 loss=0.099129 gld=0.063731 lld=0.035460 ggd=0.035043 lr=1.000000e-05
2026-05-25 12:18:57 | INFO | epoch=4 step=6969/8897 global_step=33660 loss=0.116487 gld=0.076682 lld=0.038155 ggd=0.039423 lr=1.000000e-05
2026-05-25 12:19:04 | INFO | epoch=4 step=6989/8897 global_step=33680 loss=0.079488 gld=0.052498 lld=0.033349 ggd=0.026656 lr=1.000000e-05
2026-05-25 12:19:12 | INFO | epoch=4 step=7009/8897 global_step=33700 loss=0.099790 gld=0.066306 lld=0.035485 ggd=0.033129 lr=1.000000e-05
2026-05-25 12:19:19 | INFO | epoch=4 step=7029/8897 global_step=33720 loss=0.107723 gld=0.076461 lld=0.034578 ggd=0.030916 lr=1.000000e-05
2026-05-25 12:19:27 | INFO | epoch=4 step=7049/8897 global_step=33740 loss=0.111145 gld=0.073030 lld=0.036434 ggd=0.037751 lr=1.000000e-05
2026-05-25 12:19:34 | INFO | epoch=4 step=7069/8897 global_step=33760 loss=0.087965 gld=0.060558 lld=0.036096 ggd=0.027046 lr=1.000000e-05
2026-05-25 12:19:42 | INFO | epoch=4 step=7089/8897 global_step=33780 loss=0.105449 gld=0.071942 lld=0.037558 ggd=0.033132 lr=1.000000e-05
2026-05-25 12:19:49 | INFO | epoch=4 step=7109/8897 global_step=33800 loss=0.085013 gld=0.056177 lld=0.036777 ggd=0.028468 lr=1.000000e-05
2026-05-25 12:19:57 | INFO | epoch=4 step=7129/8897 global_step=33820 loss=0.078219 gld=0.051279 lld=0.037774 ggd=0.026562 lr=1.000000e-05
2026-05-25 12:20:04 | INFO | epoch=4 step=7149/8897 global_step=33840 loss=0.092006 gld=0.062284 lld=0.036620 ggd=0.029355 lr=1.000000e-05
2026-05-25 12:20:12 | INFO | epoch=4 step=7169/8897 global_step=33860 loss=0.074794 gld=0.051186 lld=0.034782 ggd=0.023261 lr=1.000000e-05
2026-05-25 12:20:20 | INFO | epoch=4 step=7189/8897 global_step=33880 loss=0.103187 gld=0.069047 lld=0.036066 ggd=0.033780 lr=1.000000e-05
2026-05-25 12:20:27 | INFO | epoch=4 step=7209/8897 global_step=33900 loss=0.104788 gld=0.070280 lld=0.036026 ggd=0.034147 lr=1.000000e-05
2026-05-25 12:20:34 | INFO | epoch=4 step=7229/8897 global_step=33920 loss=0.098462 gld=0.066096 lld=0.036915 ggd=0.031997 lr=1.000000e-05
2026-05-25 12:20:42 | INFO | epoch=4 step=7249/8897 global_step=33940 loss=0.088916 gld=0.059943 lld=0.034567 ggd=0.028627 lr=1.000000e-05
2026-05-25 12:20:50 | INFO | epoch=4 step=7269/8897 global_step=33960 loss=0.076872 gld=0.051361 lld=0.032803 ggd=0.025183 lr=1.000000e-05
2026-05-25 12:20:57 | INFO | epoch=4 step=7289/8897 global_step=33980 loss=0.088536 gld=0.058530 lld=0.036161 ggd=0.029645 lr=1.000000e-05
2026-05-25 12:21:05 | INFO | epoch=4 step=7309/8897 global_step=34000 loss=0.073277 gld=0.048019 lld=0.033989 ggd=0.024918 lr=1.000000e-05
2026-05-25 12:21:12 | INFO | epoch=4 step=7329/8897 global_step=34020 loss=0.080636 gld=0.051776 lld=0.031310 ggd=0.028547 lr=1.000000e-05
2026-05-25 12:21:20 | INFO | epoch=4 step=7349/8897 global_step=34040 loss=0.076412 gld=0.051932 lld=0.035725 ggd=0.024123 lr=1.000000e-05
2026-05-25 12:21:27 | INFO | epoch=4 step=7369/8897 global_step=34060 loss=0.091925 gld=0.062482 lld=0.038463 ggd=0.029058 lr=1.000000e-05
2026-05-25 12:21:35 | INFO | epoch=4 step=7389/8897 global_step=34080 loss=0.101649 gld=0.066124 lld=0.035320 ggd=0.035172 lr=1.000000e-05
2026-05-25 12:21:43 | INFO | epoch=4 step=7409/8897 global_step=34100 loss=0.118406 gld=0.082910 lld=0.037273 ggd=0.035123 lr=1.000000e-05
2026-05-25 12:21:50 | INFO | epoch=4 step=7429/8897 global_step=34120 loss=0.092693 gld=0.059756 lld=0.034501 ggd=0.032592 lr=1.000000e-05
2026-05-25 12:21:58 | INFO | epoch=4 step=7449/8897 global_step=34140 loss=0.093674 gld=0.065457 lld=0.035554 ggd=0.027862 lr=1.000000e-05
2026-05-25 12:22:05 | INFO | epoch=4 step=7469/8897 global_step=34160 loss=0.123994 gld=0.080663 lld=0.037330 ggd=0.042958 lr=1.000000e-05
2026-05-25 12:22:13 | INFO | epoch=4 step=7489/8897 global_step=34180 loss=0.079671 gld=0.054008 lld=0.032462 ggd=0.025339 lr=1.000000e-05
2026-05-25 12:22:20 | INFO | epoch=4 step=7509/8897 global_step=34200 loss=0.097693 gld=0.065477 lld=0.036436 ggd=0.031852 lr=1.000000e-05
2026-05-25 12:22:28 | INFO | epoch=4 step=7529/8897 global_step=34220 loss=0.104241 gld=0.071295 lld=0.037524 ggd=0.032570 lr=1.000000e-05
2026-05-25 12:22:36 | INFO | epoch=4 step=7549/8897 global_step=34240 loss=0.108613 gld=0.075359 lld=0.035741 ggd=0.032896 lr=1.000000e-05
2026-05-25 12:22:43 | INFO | epoch=4 step=7569/8897 global_step=34260 loss=0.093210 gld=0.065357 lld=0.038110 ggd=0.027472 lr=1.000000e-05
2026-05-25 12:22:50 | INFO | epoch=4 step=7589/8897 global_step=34280 loss=0.087101 gld=0.061312 lld=0.034818 ggd=0.025441 lr=1.000000e-05
2026-05-25 12:22:58 | INFO | epoch=4 step=7609/8897 global_step=34300 loss=0.102356 gld=0.066650 lld=0.039247 ggd=0.035314 lr=1.000000e-05
2026-05-25 12:23:05 | INFO | epoch=4 step=7629/8897 global_step=34320 loss=0.090209 gld=0.058718 lld=0.036355 ggd=0.031128 lr=1.000000e-05
2026-05-25 12:23:13 | INFO | epoch=4 step=7649/8897 global_step=34340 loss=0.090722 gld=0.060137 lld=0.037414 ggd=0.030211 lr=1.000000e-05
2026-05-25 12:23:20 | INFO | epoch=4 step=7669/8897 global_step=34360 loss=0.095096 gld=0.063544 lld=0.035801 ggd=0.031193 lr=1.000000e-05
2026-05-25 12:23:28 | INFO | epoch=4 step=7689/8897 global_step=34380 loss=0.095584 gld=0.065275 lld=0.034763 ggd=0.029962 lr=1.000000e-05
2026-05-25 12:23:35 | INFO | epoch=4 step=7709/8897 global_step=34400 loss=0.100416 gld=0.069933 lld=0.034705 ggd=0.030136 lr=1.000000e-05
2026-05-25 12:23:43 | INFO | epoch=4 step=7729/8897 global_step=34420 loss=0.103135 gld=0.071631 lld=0.038089 ggd=0.031123 lr=1.000000e-05
2026-05-25 12:23:51 | INFO | epoch=4 step=7749/8897 global_step=34440 loss=0.085882 gld=0.059090 lld=0.036140 ggd=0.026430 lr=1.000000e-05
2026-05-25 12:23:58 | INFO | epoch=4 step=7769/8897 global_step=34460 loss=0.090902 gld=0.061210 lld=0.034172 ggd=0.029350 lr=1.000000e-05
2026-05-25 12:24:06 | INFO | epoch=4 step=7789/8897 global_step=34480 loss=0.091793 gld=0.063718 lld=0.035593 ggd=0.027720 lr=1.000000e-05
2026-05-25 12:24:13 | INFO | epoch=4 step=7809/8897 global_step=34500 loss=0.094329 gld=0.060734 lld=0.038988 ggd=0.033205 lr=1.000000e-05
2026-05-25 12:24:21 | INFO | epoch=4 step=7829/8897 global_step=34520 loss=0.105669 gld=0.075246 lld=0.037402 ggd=0.030049 lr=1.000000e-05
2026-05-25 12:24:28 | INFO | epoch=4 step=7849/8897 global_step=34540 loss=0.084074 gld=0.054420 lld=0.038070 ggd=0.029274 lr=1.000000e-05
2026-05-25 12:24:36 | INFO | epoch=4 step=7869/8897 global_step=34560 loss=0.082943 gld=0.057287 lld=0.037769 ggd=0.025278 lr=1.000000e-05
2026-05-25 12:24:44 | INFO | epoch=4 step=7889/8897 global_step=34580 loss=0.110723 gld=0.070623 lld=0.039490 ggd=0.039705 lr=1.000000e-05
2026-05-25 12:24:51 | INFO | epoch=4 step=7909/8897 global_step=34600 loss=0.107942 gld=0.074274 lld=0.039357 ggd=0.033275 lr=1.000000e-05
2026-05-25 12:24:59 | INFO | epoch=4 step=7929/8897 global_step=34620 loss=0.098830 gld=0.067380 lld=0.036842 ggd=0.031082 lr=1.000000e-05
2026-05-25 12:25:06 | INFO | epoch=4 step=7949/8897 global_step=34640 loss=0.091691 gld=0.061361 lld=0.035699 ggd=0.029973 lr=1.000000e-05
2026-05-25 12:25:14 | INFO | epoch=4 step=7969/8897 global_step=34660 loss=0.075405 gld=0.050051 lld=0.033454 ggd=0.025020 lr=1.000000e-05
2026-05-25 12:25:21 | INFO | epoch=4 step=7989/8897 global_step=34680 loss=0.108239 gld=0.070596 lld=0.035965 ggd=0.037283 lr=1.000000e-05
2026-05-25 12:25:29 | INFO | epoch=4 step=8009/8897 global_step=34700 loss=0.101628 gld=0.068416 lld=0.034716 ggd=0.032865 lr=1.000000e-05
2026-05-25 12:25:37 | INFO | epoch=4 step=8029/8897 global_step=34720 loss=0.082422 gld=0.057190 lld=0.036304 ggd=0.024869 lr=1.000000e-05
2026-05-25 12:25:44 | INFO | epoch=4 step=8049/8897 global_step=34740 loss=0.096851 gld=0.063910 lld=0.037226 ggd=0.032569 lr=1.000000e-05
2026-05-25 12:25:51 | INFO | epoch=4 step=8069/8897 global_step=34760 loss=0.117795 gld=0.082144 lld=0.039094 ggd=0.035260 lr=1.000000e-05
2026-05-25 12:25:59 | INFO | epoch=4 step=8089/8897 global_step=34780 loss=0.094609 gld=0.063749 lld=0.036634 ggd=0.030494 lr=1.000000e-05
2026-05-25 12:26:07 | INFO | epoch=4 step=8109/8897 global_step=34800 loss=0.105546 gld=0.070049 lld=0.035327 ggd=0.035144 lr=1.000000e-05
2026-05-25 12:26:14 | INFO | epoch=4 step=8129/8897 global_step=34820 loss=0.081532 gld=0.054392 lld=0.034353 ggd=0.026797 lr=1.000000e-05
2026-05-25 12:26:22 | INFO | epoch=4 step=8149/8897 global_step=34840 loss=0.117440 gld=0.079056 lld=0.037323 ggd=0.038011 lr=1.000000e-05
2026-05-25 12:26:29 | INFO | epoch=4 step=8169/8897 global_step=34860 loss=0.093179 gld=0.061813 lld=0.038280 ggd=0.030984 lr=1.000000e-05
2026-05-25 12:26:37 | INFO | epoch=4 step=8189/8897 global_step=34880 loss=0.114060 gld=0.073690 lld=0.038633 ggd=0.039984 lr=1.000000e-05
2026-05-25 12:26:44 | INFO | epoch=4 step=8209/8897 global_step=34900 loss=0.072549 gld=0.047929 lld=0.039353 ggd=0.024227 lr=1.000000e-05
2026-05-25 12:26:52 | INFO | epoch=4 step=8229/8897 global_step=34920 loss=0.101246 gld=0.068368 lld=0.036114 ggd=0.032517 lr=1.000000e-05
2026-05-25 12:26:59 | INFO | epoch=4 step=8249/8897 global_step=34940 loss=0.070808 gld=0.047560 lld=0.034215 ggd=0.022906 lr=1.000000e-05
2026-05-25 12:27:06 | INFO | epoch=4 step=8269/8897 global_step=34960 loss=0.087789 gld=0.059475 lld=0.036404 ggd=0.027949 lr=1.000000e-05
2026-05-25 12:27:14 | INFO | epoch=4 step=8289/8897 global_step=34980 loss=0.080822 gld=0.053504 lld=0.035837 ggd=0.026959 lr=1.000000e-05
2026-05-25 12:27:22 | INFO | epoch=4 step=8309/8897 global_step=35000 loss=0.092176 gld=0.064555 lld=0.034812 ggd=0.027273 lr=1.000000e-05
2026-05-25 12:27:30 | INFO | epoch=4 step=8329/8897 global_step=35020 loss=0.079715 gld=0.055168 lld=0.033679 ggd=0.024210 lr=1.000000e-05
2026-05-25 12:27:37 | INFO | epoch=4 step=8349/8897 global_step=35040 loss=0.110137 gld=0.069347 lld=0.037835 ggd=0.040411 lr=1.000000e-05
2026-05-25 12:27:44 | INFO | epoch=4 step=8369/8897 global_step=35060 loss=0.088314 gld=0.059035 lld=0.036994 ggd=0.028910 lr=1.000000e-05
2026-05-25 12:27:52 | INFO | epoch=4 step=8389/8897 global_step=35080 loss=0.106718 gld=0.071135 lld=0.041394 ggd=0.035169 lr=1.000000e-05
2026-05-25 12:27:59 | INFO | epoch=4 step=8409/8897 global_step=35100 loss=0.078325 gld=0.054273 lld=0.035757 ggd=0.023695 lr=1.000000e-05
2026-05-25 12:28:07 | INFO | epoch=4 step=8429/8897 global_step=35120 loss=0.103869 gld=0.067876 lld=0.041503 ggd=0.035578 lr=1.000000e-05
2026-05-25 12:28:14 | INFO | epoch=4 step=8449/8897 global_step=35140 loss=0.096414 gld=0.064792 lld=0.037282 ggd=0.031250 lr=1.000000e-05
2026-05-25 12:28:22 | INFO | epoch=4 step=8469/8897 global_step=35160 loss=0.100944 gld=0.069316 lld=0.039773 ggd=0.031230 lr=1.000000e-05
2026-05-25 12:28:29 | INFO | epoch=4 step=8489/8897 global_step=35180 loss=0.076967 gld=0.050515 lld=0.034883 ggd=0.026103 lr=1.000000e-05
2026-05-25 12:28:37 | INFO | epoch=4 step=8509/8897 global_step=35200 loss=0.085220 gld=0.055161 lld=0.037804 ggd=0.029680 lr=1.000000e-05
2026-05-25 12:28:45 | INFO | epoch=4 step=8529/8897 global_step=35220 loss=0.085422 gld=0.055350 lld=0.039006 ggd=0.029682 lr=1.000000e-05
2026-05-25 12:28:52 | INFO | epoch=4 step=8549/8897 global_step=35240 loss=0.095767 gld=0.068159 lld=0.033540 ggd=0.027273 lr=1.000000e-05
2026-05-25 12:28:59 | INFO | epoch=4 step=8569/8897 global_step=35260 loss=0.097132 gld=0.064291 lld=0.037340 ggd=0.032467 lr=1.000000e-05
2026-05-25 12:29:07 | INFO | epoch=4 step=8589/8897 global_step=35280 loss=0.095087 gld=0.064653 lld=0.037357 ggd=0.030060 lr=1.000000e-05
2026-05-25 12:29:15 | INFO | epoch=4 step=8609/8897 global_step=35300 loss=0.101511 gld=0.070793 lld=0.036182 ggd=0.030356 lr=1.000000e-05
2026-05-25 12:29:22 | INFO | epoch=4 step=8629/8897 global_step=35320 loss=0.075854 gld=0.049827 lld=0.038832 ggd=0.025638 lr=1.000000e-05
2026-05-25 12:29:29 | INFO | epoch=4 step=8649/8897 global_step=35340 loss=0.103698 gld=0.069147 lld=0.036057 ggd=0.034190 lr=1.000000e-05
2026-05-25 12:29:37 | INFO | epoch=4 step=8669/8897 global_step=35360 loss=0.067033 gld=0.044740 lld=0.033270 ggd=0.021961 lr=1.000000e-05
2026-05-25 12:29:44 | INFO | epoch=4 step=8689/8897 global_step=35380 loss=0.075779 gld=0.050605 lld=0.037564 ggd=0.024799 lr=1.000000e-05
2026-05-25 12:29:52 | INFO | epoch=4 step=8709/8897 global_step=35400 loss=0.093183 gld=0.063448 lld=0.036639 ggd=0.029368 lr=1.000000e-05
2026-05-25 12:30:00 | INFO | epoch=4 step=8729/8897 global_step=35420 loss=0.097209 gld=0.063636 lld=0.036569 ggd=0.033208 lr=1.000000e-05
2026-05-25 12:30:07 | INFO | epoch=4 step=8749/8897 global_step=35440 loss=0.119494 gld=0.085975 lld=0.042858 ggd=0.033091 lr=1.000000e-05
2026-05-25 12:30:14 | INFO | epoch=4 step=8769/8897 global_step=35460 loss=0.101042 gld=0.063789 lld=0.035179 ggd=0.036901 lr=1.000000e-05
2026-05-25 12:30:22 | INFO | epoch=4 step=8789/8897 global_step=35480 loss=0.100434 gld=0.069756 lld=0.039419 ggd=0.030284 lr=1.000000e-05
2026-05-25 12:30:30 | INFO | epoch=4 step=8809/8897 global_step=35500 loss=0.133560 gld=0.091870 lld=0.039829 ggd=0.041292 lr=1.000000e-05
2026-05-25 12:30:37 | INFO | epoch=4 step=8829/8897 global_step=35520 loss=0.103063 gld=0.070607 lld=0.036217 ggd=0.032094 lr=1.000000e-05
2026-05-25 12:30:45 | INFO | epoch=4 step=8849/8897 global_step=35540 loss=0.093423 gld=0.067917 lld=0.039352 ggd=0.025113 lr=1.000000e-05
2026-05-25 12:30:53 | INFO | epoch=4 step=8869/8897 global_step=35560 loss=0.097227 gld=0.065959 lld=0.035333 ggd=0.030915 lr=1.000000e-05
2026-05-25 12:31:00 | INFO | epoch=4 step=8889/8897 global_step=35580 loss=0.085242 gld=0.058828 lld=0.036382 ggd=0.026051 lr=1.000000e-05
2026-05-25 12:31:03 | INFO | [Epoch 4] avg_loss=0.095337 avg_gld=0.064278 avg_lld=0.034426 avg_ggd=0.030714
2026-05-25 12:31:05 | INFO | Saved checkpoint: outputs/pretrain/atas_epoch_4.pt
2026-05-25 12:31:10 | INFO | epoch=5 step=12/8897 global_step=35600 loss=0.080628 gld=0.055034 lld=0.037145 ggd=0.025223 lr=1.000000e-05
2026-05-25 12:31:17 | INFO | epoch=5 step=32/8897 global_step=35620 loss=0.071606 gld=0.047341 lld=0.031922 ggd=0.023945 lr=1.000000e-05
2026-05-25 12:31:25 | INFO | epoch=5 step=52/8897 global_step=35640 loss=0.086571 gld=0.059813 lld=0.035676 ggd=0.026401 lr=1.000000e-05
2026-05-25 12:31:32 | INFO | epoch=5 step=72/8897 global_step=35660 loss=0.099275 gld=0.064475 lld=0.037921 ggd=0.034420 lr=1.000000e-05
2026-05-25 12:31:40 | INFO | epoch=5 step=92/8897 global_step=35680 loss=0.112281 gld=0.076284 lld=0.040613 ggd=0.035591 lr=1.000000e-05
2026-05-25 12:31:48 | INFO | epoch=5 step=112/8897 global_step=35700 loss=0.090210 gld=0.056178 lld=0.036103 ggd=0.033671 lr=1.000000e-05
2026-05-25 12:31:55 | INFO | epoch=5 step=132/8897 global_step=35720 loss=0.093404 gld=0.060831 lld=0.037118 ggd=0.032202 lr=1.000000e-05
2026-05-25 12:32:02 | INFO | epoch=5 step=152/8897 global_step=35740 loss=0.099694 gld=0.066900 lld=0.041103 ggd=0.032384 lr=1.000000e-05
2026-05-25 12:32:10 | INFO | epoch=5 step=172/8897 global_step=35760 loss=0.104528 gld=0.067620 lld=0.038965 ggd=0.036519 lr=1.000000e-05
2026-05-25 12:32:17 | INFO | epoch=5 step=192/8897 global_step=35780 loss=0.094206 gld=0.062143 lld=0.037202 ggd=0.031690 lr=1.000000e-05
2026-05-25 12:32:25 | INFO | epoch=5 step=212/8897 global_step=35800 loss=0.080152 gld=0.055427 lld=0.037117 ggd=0.024354 lr=1.000000e-05
2026-05-25 12:32:33 | INFO | epoch=5 step=232/8897 global_step=35820 loss=0.077040 gld=0.051609 lld=0.033342 ggd=0.025098 lr=1.000000e-05
2026-05-25 12:32:40 | INFO | epoch=5 step=252/8897 global_step=35840 loss=0.079609 gld=0.055299 lld=0.032681 ggd=0.023983 lr=1.000000e-05
2026-05-25 12:32:47 | INFO | epoch=5 step=272/8897 global_step=35860 loss=0.089149 gld=0.058885 lld=0.039424 ggd=0.029870 lr=1.000000e-05
2026-05-25 12:32:55 | INFO | epoch=5 step=292/8897 global_step=35880 loss=0.124104 gld=0.079924 lld=0.034964 ggd=0.043830 lr=1.000000e-05
2026-05-25 12:33:03 | INFO | epoch=5 step=312/8897 global_step=35900 loss=0.082604 gld=0.054176 lld=0.035006 ggd=0.028079 lr=1.000000e-05
2026-05-25 12:33:10 | INFO | epoch=5 step=332/8897 global_step=35920 loss=0.101371 gld=0.066816 lld=0.040613 ggd=0.034148 lr=1.000000e-05
2026-05-25 12:33:18 | INFO | epoch=5 step=352/8897 global_step=35940 loss=0.087140 gld=0.057861 lld=0.036437 ggd=0.028914 lr=1.000000e-05
2026-05-25 12:33:25 | INFO | epoch=5 step=372/8897 global_step=35960 loss=0.107937 gld=0.069391 lld=0.038219 ggd=0.038164 lr=1.000000e-05
2026-05-25 12:33:33 | INFO | epoch=5 step=392/8897 global_step=35980 loss=0.103542 gld=0.069841 lld=0.040576 ggd=0.033295 lr=1.000000e-05
2026-05-25 12:33:40 | INFO | epoch=5 step=412/8897 global_step=36000 loss=0.111190 gld=0.074867 lld=0.040045 ggd=0.035923 lr=1.000000e-05
2026-05-25 12:33:48 | INFO | epoch=5 step=432/8897 global_step=36020 loss=0.090384 gld=0.060513 lld=0.038601 ggd=0.029485 lr=1.000000e-05
2026-05-25 12:33:56 | INFO | epoch=5 step=452/8897 global_step=36040 loss=0.095666 gld=0.062086 lld=0.037891 ggd=0.033201 lr=1.000000e-05
2026-05-25 12:34:03 | INFO | epoch=5 step=472/8897 global_step=36060 loss=0.098370 gld=0.063742 lld=0.038476 ggd=0.034244 lr=1.000000e-05
2026-05-25 12:34:10 | INFO | epoch=5 step=492/8897 global_step=36080 loss=0.097441 gld=0.064237 lld=0.037379 ggd=0.032830 lr=1.000000e-05
2026-05-25 12:34:18 | INFO | epoch=5 step=512/8897 global_step=36100 loss=0.093937 gld=0.061282 lld=0.034805 ggd=0.032307 lr=1.000000e-05
2026-05-25 12:34:26 | INFO | epoch=5 step=532/8897 global_step=36120 loss=0.100227 gld=0.066014 lld=0.036328 ggd=0.033850 lr=1.000000e-05
2026-05-25 12:34:33 | INFO | epoch=5 step=552/8897 global_step=36140 loss=0.092509 gld=0.064214 lld=0.039055 ggd=0.027904 lr=1.000000e-05
2026-05-25 12:34:41 | INFO | epoch=5 step=572/8897 global_step=36160 loss=0.127774 gld=0.083743 lld=0.036338 ggd=0.043667 lr=1.000000e-05
2026-05-25 12:34:48 | INFO | epoch=5 step=592/8897 global_step=36180 loss=0.099608 gld=0.065949 lld=0.039561 ggd=0.033263 lr=1.000000e-05
2026-05-25 12:34:55 | INFO | epoch=5 step=612/8897 global_step=36200 loss=0.091197 gld=0.063943 lld=0.034083 ggd=0.026913 lr=1.000000e-05
2026-05-25 12:35:03 | INFO | epoch=5 step=632/8897 global_step=36220 loss=0.120490 gld=0.082245 lld=0.039640 ggd=0.037848 lr=1.000000e-05
2026-05-25 12:35:11 | INFO | epoch=5 step=652/8897 global_step=36240 loss=0.100983 gld=0.067016 lld=0.036960 ggd=0.033598 lr=1.000000e-05
2026-05-25 12:35:18 | INFO | epoch=5 step=672/8897 global_step=36260 loss=0.075565 gld=0.051060 lld=0.034912 ggd=0.024156 lr=1.000000e-05
2026-05-25 12:35:26 | INFO | epoch=5 step=692/8897 global_step=36280 loss=0.096139 gld=0.066326 lld=0.037684 ggd=0.029436 lr=1.000000e-05
2026-05-25 12:35:33 | INFO | epoch=5 step=712/8897 global_step=36300 loss=0.090548 gld=0.058487 lld=0.036628 ggd=0.031695 lr=1.000000e-05
2026-05-25 12:35:41 | INFO | epoch=5 step=732/8897 global_step=36320 loss=0.093095 gld=0.060106 lld=0.036912 ggd=0.032620 lr=1.000000e-05
2026-05-25 12:35:48 | INFO | epoch=5 step=752/8897 global_step=36340 loss=0.138034 gld=0.092960 lld=0.037936 ggd=0.044695 lr=1.000000e-05
2026-05-25 12:35:56 | INFO | epoch=5 step=772/8897 global_step=36360 loss=0.091310 gld=0.061751 lld=0.038911 ggd=0.029170 lr=1.000000e-05
2026-05-25 12:36:03 | INFO | epoch=5 step=792/8897 global_step=36380 loss=0.103346 gld=0.069462 lld=0.037634 ggd=0.033507 lr=1.000000e-05
2026-05-25 12:36:11 | INFO | epoch=5 step=812/8897 global_step=36400 loss=0.104417 gld=0.067615 lld=0.037040 ggd=0.036431 lr=1.000000e-05
2026-05-25 12:36:18 | INFO | epoch=5 step=832/8897 global_step=36420 loss=0.110026 gld=0.075616 lld=0.035988 ggd=0.034050 lr=1.000000e-05
2026-05-25 12:36:26 | INFO | epoch=5 step=852/8897 global_step=36440 loss=0.077003 gld=0.051976 lld=0.036286 ggd=0.024664 lr=1.000000e-05
2026-05-25 12:36:34 | INFO | epoch=5 step=872/8897 global_step=36460 loss=0.087476 gld=0.055761 lld=0.036726 ggd=0.031348 lr=1.000000e-05
2026-05-25 12:36:41 | INFO | epoch=5 step=892/8897 global_step=36480 loss=0.066562 gld=0.044484 lld=0.034273 ggd=0.021735 lr=1.000000e-05
2026-05-25 12:36:48 | INFO | epoch=5 step=912/8897 global_step=36500 loss=0.108470 gld=0.078195 lld=0.036745 ggd=0.029908 lr=1.000000e-05
2026-05-25 12:36:56 | INFO | epoch=5 step=932/8897 global_step=36520 loss=0.092398 gld=0.063675 lld=0.035247 ggd=0.028370 lr=1.000000e-05
2026-05-25 12:37:04 | INFO | epoch=5 step=952/8897 global_step=36540 loss=0.088492 gld=0.058684 lld=0.037122 ggd=0.029437 lr=1.000000e-05
2026-05-25 12:37:11 | INFO | epoch=5 step=972/8897 global_step=36560 loss=0.080434 gld=0.054471 lld=0.034818 ggd=0.025614 lr=1.000000e-05
2026-05-25 12:37:19 | INFO | epoch=5 step=992/8897 global_step=36580 loss=0.099221 gld=0.065910 lld=0.037495 ggd=0.032937 lr=1.000000e-05
2026-05-25 12:37:27 | INFO | epoch=5 step=1012/8897 global_step=36600 loss=0.115274 gld=0.075213 lld=0.037069 ggd=0.039690 lr=1.000000e-05
2026-05-25 12:37:34 | INFO | epoch=5 step=1032/8897 global_step=36620 loss=0.092006 gld=0.061135 lld=0.038022 ggd=0.030491 lr=1.000000e-05
2026-05-25 12:37:41 | INFO | epoch=5 step=1052/8897 global_step=36640 loss=0.096784 gld=0.065667 lld=0.035478 ggd=0.030762 lr=1.000000e-05
2026-05-25 12:37:49 | INFO | epoch=5 step=1072/8897 global_step=36660 loss=0.101752 gld=0.068392 lld=0.037594 ggd=0.032985 lr=1.000000e-05
2026-05-25 12:37:57 | INFO | epoch=5 step=1092/8897 global_step=36680 loss=0.090618 gld=0.062424 lld=0.036562 ggd=0.027829 lr=1.000000e-05
2026-05-25 12:38:04 | INFO | epoch=5 step=1112/8897 global_step=36700 loss=0.072127 gld=0.049038 lld=0.036799 ggd=0.022722 lr=1.000000e-05
2026-05-25 12:38:12 | INFO | epoch=5 step=1132/8897 global_step=36720 loss=0.096234 gld=0.061683 lld=0.036459 ggd=0.034186 lr=1.000000e-05
2026-05-25 12:38:19 | INFO | epoch=5 step=1152/8897 global_step=36740 loss=0.085432 gld=0.056674 lld=0.038781 ggd=0.028370 lr=1.000000e-05
2026-05-25 12:38:27 | INFO | epoch=5 step=1172/8897 global_step=36760 loss=0.086337 gld=0.058329 lld=0.037443 ggd=0.027634 lr=1.000000e-05
2026-05-25 12:38:34 | INFO | epoch=5 step=1192/8897 global_step=36780 loss=0.102639 gld=0.069212 lld=0.038098 ggd=0.033046 lr=1.000000e-05
2026-05-25 12:38:42 | INFO | epoch=5 step=1212/8897 global_step=36800 loss=0.084880 gld=0.056305 lld=0.036555 ggd=0.028209 lr=1.000000e-05
2026-05-25 12:38:50 | INFO | epoch=5 step=1232/8897 global_step=36820 loss=0.094938 gld=0.061613 lld=0.038031 ggd=0.032945 lr=1.000000e-05
2026-05-25 12:38:57 | INFO | epoch=5 step=1252/8897 global_step=36840 loss=0.095693 gld=0.064718 lld=0.037352 ggd=0.030601 lr=1.000000e-05
2026-05-25 12:39:04 | INFO | epoch=5 step=1272/8897 global_step=36860 loss=0.098223 gld=0.065940 lld=0.038532 ggd=0.031897 lr=1.000000e-05
2026-05-25 12:39:12 | INFO | epoch=5 step=1292/8897 global_step=36880 loss=0.084196 gld=0.056474 lld=0.037821 ggd=0.027343 lr=1.000000e-05
2026-05-25 12:39:20 | INFO | epoch=5 step=1312/8897 global_step=36900 loss=0.092249 gld=0.061434 lld=0.037161 ggd=0.030444 lr=1.000000e-05
2026-05-25 12:39:27 | INFO | epoch=5 step=1332/8897 global_step=36920 loss=0.084381 gld=0.056512 lld=0.036601 ggd=0.027503 lr=1.000000e-05
2026-05-25 12:39:35 | INFO | epoch=5 step=1352/8897 global_step=36940 loss=0.090900 gld=0.063337 lld=0.037290 ggd=0.027190 lr=1.000000e-05
2026-05-25 12:39:42 | INFO | epoch=5 step=1372/8897 global_step=36960 loss=0.088759 gld=0.060029 lld=0.033799 ggd=0.028391 lr=1.000000e-05
2026-05-25 12:39:49 | INFO | epoch=5 step=1392/8897 global_step=36980 loss=0.090930 gld=0.061291 lld=0.038166 ggd=0.029257 lr=1.000000e-05
2026-05-25 12:39:57 | INFO | epoch=5 step=1412/8897 global_step=37000 loss=0.076914 gld=0.049430 lld=0.036442 ggd=0.027120 lr=1.000000e-05
2026-05-25 12:40:05 | INFO | epoch=5 step=1432/8897 global_step=37020 loss=0.095311 gld=0.061820 lld=0.041176 ggd=0.033079 lr=1.000000e-05
2026-05-25 12:40:13 | INFO | epoch=5 step=1452/8897 global_step=37040 loss=0.087158 gld=0.057215 lld=0.039131 ggd=0.029552 lr=1.000000e-05
2026-05-25 12:40:20 | INFO | epoch=5 step=1472/8897 global_step=37060 loss=0.092408 gld=0.062603 lld=0.038633 ggd=0.029419 lr=1.000000e-05
2026-05-25 12:40:27 | INFO | epoch=5 step=1492/8897 global_step=37080 loss=0.078447 gld=0.049177 lld=0.036528 ggd=0.028905 lr=1.000000e-05
2026-05-25 12:40:35 | INFO | epoch=5 step=1512/8897 global_step=37100 loss=0.101829 gld=0.068773 lld=0.040951 ggd=0.032647 lr=1.000000e-05
2026-05-25 12:40:42 | INFO | epoch=5 step=1532/8897 global_step=37120 loss=0.091582 gld=0.061165 lld=0.037616 ggd=0.030041 lr=1.000000e-05
2026-05-25 12:40:50 | INFO | epoch=5 step=1552/8897 global_step=37140 loss=0.087367 gld=0.059653 lld=0.039212 ggd=0.027322 lr=1.000000e-05
2026-05-25 12:40:58 | INFO | epoch=5 step=1572/8897 global_step=37160 loss=0.096317 gld=0.062450 lld=0.036497 ggd=0.033502 lr=1.000000e-05
2026-05-25 12:41:05 | INFO | epoch=5 step=1592/8897 global_step=37180 loss=0.091593 gld=0.061253 lld=0.036210 ggd=0.029978 lr=1.000000e-05
2026-05-25 12:41:12 | INFO | epoch=5 step=1612/8897 global_step=37200 loss=0.087146 gld=0.057896 lld=0.036772 ggd=0.028883 lr=1.000000e-05
2026-05-25 12:41:20 | INFO | epoch=5 step=1632/8897 global_step=37220 loss=0.088038 gld=0.058829 lld=0.038149 ggd=0.028827 lr=1.000000e-05
2026-05-25 12:41:28 | INFO | epoch=5 step=1652/8897 global_step=37240 loss=0.080173 gld=0.052135 lld=0.037483 ggd=0.027663 lr=1.000000e-05
2026-05-25 12:41:35 | INFO | epoch=5 step=1672/8897 global_step=37260 loss=0.104688 gld=0.073887 lld=0.038246 ggd=0.030419 lr=1.000000e-05
2026-05-25 12:41:43 | INFO | epoch=5 step=1692/8897 global_step=37280 loss=0.080039 gld=0.052619 lld=0.037569 ggd=0.027045 lr=1.000000e-05
2026-05-25 12:41:50 | INFO | epoch=5 step=1712/8897 global_step=37300 loss=0.095046 gld=0.062625 lld=0.039711 ggd=0.032024 lr=1.000000e-05
2026-05-25 12:41:58 | INFO | epoch=5 step=1732/8897 global_step=37320 loss=0.088269 gld=0.058324 lld=0.035384 ggd=0.029592 lr=1.000000e-05
2026-05-25 12:42:05 | INFO | epoch=5 step=1752/8897 global_step=37340 loss=0.078192 gld=0.051092 lld=0.034248 ggd=0.026758 lr=1.000000e-05
2026-05-25 12:42:13 | INFO | epoch=5 step=1772/8897 global_step=37360 loss=0.076827 gld=0.048425 lld=0.036002 ggd=0.028042 lr=1.000000e-05
2026-05-25 12:42:21 | INFO | epoch=5 step=1792/8897 global_step=37380 loss=0.113796 gld=0.075488 lld=0.041493 ggd=0.037893 lr=1.000000e-05
2026-05-25 12:42:28 | INFO | epoch=5 step=1812/8897 global_step=37400 loss=0.103197 gld=0.071857 lld=0.039691 ggd=0.030943 lr=1.000000e-05
2026-05-25 12:42:35 | INFO | epoch=5 step=1832/8897 global_step=37420 loss=0.093174 gld=0.059078 lld=0.036113 ggd=0.033735 lr=1.000000e-05
2026-05-25 12:42:43 | INFO | epoch=5 step=1852/8897 global_step=37440 loss=0.078911 gld=0.052610 lld=0.034495 ggd=0.025956 lr=1.000000e-05
2026-05-25 12:42:51 | INFO | epoch=5 step=1872/8897 global_step=37460 loss=0.068760 gld=0.044803 lld=0.034229 ggd=0.023615 lr=1.000000e-05
2026-05-25 12:42:58 | INFO | epoch=5 step=1892/8897 global_step=37480 loss=0.133400 gld=0.081707 lld=0.041301 ggd=0.051280 lr=1.000000e-05
2026-05-25 12:43:05 | INFO | epoch=5 step=1912/8897 global_step=37500 loss=0.089863 gld=0.061242 lld=0.037945 ggd=0.028242 lr=1.000000e-05
2026-05-25 12:43:13 | INFO | epoch=5 step=1932/8897 global_step=37520 loss=0.091772 gld=0.060117 lld=0.039873 ggd=0.031256 lr=1.000000e-05
2026-05-25 12:43:21 | INFO | epoch=5 step=1952/8897 global_step=37540 loss=0.096781 gld=0.062459 lld=0.040567 ggd=0.033917 lr=1.000000e-05
2026-05-25 12:43:28 | INFO | epoch=5 step=1972/8897 global_step=37560 loss=0.087208 gld=0.057387 lld=0.038584 ggd=0.029435 lr=1.000000e-05
2026-05-25 12:43:36 | INFO | epoch=5 step=1992/8897 global_step=37580 loss=0.105235 gld=0.073173 lld=0.035938 ggd=0.031702 lr=1.000000e-05
2026-05-25 12:43:43 | INFO | epoch=5 step=2012/8897 global_step=37600 loss=0.121212 gld=0.083520 lld=0.038293 ggd=0.037309 lr=1.000000e-05
2026-05-25 12:43:50 | INFO | epoch=5 step=2032/8897 global_step=37620 loss=0.084862 gld=0.059083 lld=0.036356 ggd=0.025415 lr=1.000000e-05
2026-05-25 12:43:58 | INFO | epoch=5 step=2052/8897 global_step=37640 loss=0.084633 gld=0.057781 lld=0.035160 ggd=0.026500 lr=1.000000e-05
2026-05-25 12:44:06 | INFO | epoch=5 step=2072/8897 global_step=37660 loss=0.090046 gld=0.059796 lld=0.037246 ggd=0.029878 lr=1.000000e-05
2026-05-25 12:44:14 | INFO | epoch=5 step=2092/8897 global_step=37680 loss=0.085112 gld=0.057524 lld=0.038139 ggd=0.027207 lr=1.000000e-05
2026-05-25 12:44:21 | INFO | epoch=5 step=2112/8897 global_step=37700 loss=0.090450 gld=0.063550 lld=0.037913 ggd=0.026521 lr=1.000000e-05
2026-05-25 12:44:28 | INFO | epoch=5 step=2132/8897 global_step=37720 loss=0.087638 gld=0.058746 lld=0.039351 ggd=0.028499 lr=1.000000e-05
2026-05-25 12:44:36 | INFO | epoch=5 step=2152/8897 global_step=37740 loss=0.100689 gld=0.068350 lld=0.039942 ggd=0.031939 lr=1.000000e-05
2026-05-25 12:44:43 | INFO | epoch=5 step=2172/8897 global_step=37760 loss=0.095972 gld=0.063981 lld=0.040557 ggd=0.031586 lr=1.000000e-05
2026-05-25 12:44:51 | INFO | epoch=5 step=2192/8897 global_step=37780 loss=0.076058 gld=0.050609 lld=0.037176 ggd=0.025077 lr=1.000000e-05
2026-05-25 12:44:59 | INFO | epoch=5 step=2212/8897 global_step=37800 loss=0.078216 gld=0.055653 lld=0.036095 ggd=0.022202 lr=1.000000e-05
2026-05-25 12:45:06 | INFO | epoch=5 step=2232/8897 global_step=37820 loss=0.091903 gld=0.061285 lld=0.037908 ggd=0.030238 lr=1.000000e-05
2026-05-25 12:45:14 | INFO | epoch=5 step=2252/8897 global_step=37840 loss=0.089926 gld=0.059873 lld=0.038016 ggd=0.029673 lr=1.000000e-05
2026-05-25 12:45:21 | INFO | epoch=5 step=2272/8897 global_step=37860 loss=0.089387 gld=0.059491 lld=0.037397 ggd=0.029522 lr=1.000000e-05
2026-05-25 12:45:29 | INFO | epoch=5 step=2292/8897 global_step=37880 loss=0.109812 gld=0.072192 lld=0.036933 ggd=0.037251 lr=1.000000e-05
2026-05-25 12:45:37 | INFO | epoch=5 step=2312/8897 global_step=37900 loss=0.079104 gld=0.053879 lld=0.036675 ggd=0.024858 lr=1.000000e-05
2026-05-25 12:45:44 | INFO | epoch=5 step=2332/8897 global_step=37920 loss=0.093594 gld=0.062925 lld=0.037160 ggd=0.030298 lr=1.000000e-05
2026-05-25 12:45:52 | INFO | epoch=5 step=2352/8897 global_step=37940 loss=0.095331 gld=0.061725 lld=0.041897 ggd=0.033187 lr=1.000000e-05
2026-05-25 12:45:59 | INFO | epoch=5 step=2372/8897 global_step=37960 loss=0.073229 gld=0.048660 lld=0.037863 ggd=0.024190 lr=1.000000e-05
2026-05-25 12:46:07 | INFO | epoch=5 step=2392/8897 global_step=37980 loss=0.090253 gld=0.063378 lld=0.035039 ggd=0.026524 lr=1.000000e-05
2026-05-25 12:46:14 | INFO | epoch=5 step=2412/8897 global_step=38000 loss=0.090516 gld=0.061985 lld=0.037867 ggd=0.028152 lr=1.000000e-05
2026-05-25 12:46:22 | INFO | epoch=5 step=2432/8897 global_step=38020 loss=0.074245 gld=0.047964 lld=0.036320 ggd=0.025918 lr=1.000000e-05
2026-05-25 12:46:30 | INFO | epoch=5 step=2452/8897 global_step=38040 loss=0.107513 gld=0.071004 lld=0.037979 ggd=0.036129 lr=1.000000e-05
2026-05-25 12:46:37 | INFO | epoch=5 step=2472/8897 global_step=38060 loss=0.072504 gld=0.047069 lld=0.035322 ggd=0.025081 lr=1.000000e-05
2026-05-25 12:46:45 | INFO | epoch=5 step=2492/8897 global_step=38080 loss=0.101635 gld=0.072774 lld=0.033955 ggd=0.028521 lr=1.000000e-05
2026-05-25 12:46:52 | INFO | epoch=5 step=2512/8897 global_step=38100 loss=0.091167 gld=0.061160 lld=0.037077 ggd=0.029636 lr=1.000000e-05
2026-05-25 12:46:59 | INFO | epoch=5 step=2532/8897 global_step=38120 loss=0.091349 gld=0.061746 lld=0.038279 ggd=0.029220 lr=1.000000e-05
2026-05-25 12:47:07 | INFO | epoch=5 step=2552/8897 global_step=38140 loss=0.082140 gld=0.052427 lld=0.039343 ggd=0.029319 lr=1.000000e-05
2026-05-25 12:47:15 | INFO | epoch=5 step=2572/8897 global_step=38160 loss=0.089821 gld=0.059186 lld=0.038692 ggd=0.030249 lr=1.000000e-05
2026-05-25 12:47:22 | INFO | epoch=5 step=2592/8897 global_step=38180 loss=0.125373 gld=0.086397 lld=0.038633 ggd=0.038590 lr=1.000000e-05
2026-05-25 12:47:30 | INFO | epoch=5 step=2612/8897 global_step=38200 loss=0.098993 gld=0.068557 lld=0.037613 ggd=0.030059 lr=1.000000e-05
2026-05-25 12:47:37 | INFO | epoch=5 step=2632/8897 global_step=38220 loss=0.098373 gld=0.063924 lld=0.037445 ggd=0.034075 lr=1.000000e-05
2026-05-25 12:47:45 | INFO | epoch=5 step=2652/8897 global_step=38240 loss=0.074893 gld=0.051822 lld=0.033174 ggd=0.022739 lr=1.000000e-05
2026-05-25 12:47:52 | INFO | epoch=5 step=2672/8897 global_step=38260 loss=0.078129 gld=0.052046 lld=0.036629 ggd=0.025717 lr=1.000000e-05
2026-05-25 12:48:00 | INFO | epoch=5 step=2692/8897 global_step=38280 loss=0.098867 gld=0.067867 lld=0.033672 ggd=0.030664 lr=1.000000e-05
2026-05-25 12:48:07 | INFO | epoch=5 step=2712/8897 global_step=38300 loss=0.079002 gld=0.051789 lld=0.035632 ggd=0.026856 lr=1.000000e-05
2026-05-25 12:48:15 | INFO | epoch=5 step=2732/8897 global_step=38320 loss=0.093576 gld=0.062925 lld=0.038592 ggd=0.030265 lr=1.000000e-05
2026-05-25 12:48:22 | INFO | epoch=5 step=2752/8897 global_step=38340 loss=0.106270 gld=0.073563 lld=0.040368 ggd=0.032303 lr=1.000000e-05
2026-05-25 12:48:30 | INFO | epoch=5 step=2772/8897 global_step=38360 loss=0.095116 gld=0.062589 lld=0.037260 ggd=0.032154 lr=1.000000e-05
2026-05-25 12:48:38 | INFO | epoch=5 step=2792/8897 global_step=38380 loss=0.087863 gld=0.057736 lld=0.038670 ggd=0.029740 lr=1.000000e-05
2026-05-25 12:48:46 | INFO | epoch=5 step=2812/8897 global_step=38400 loss=0.071057 gld=0.046864 lld=0.034935 ggd=0.023844 lr=1.000000e-05
2026-05-25 12:48:53 | INFO | epoch=5 step=2832/8897 global_step=38420 loss=0.067365 gld=0.045320 lld=0.035139 ggd=0.021693 lr=1.000000e-05
2026-05-25 12:49:00 | INFO | epoch=5 step=2852/8897 global_step=38440 loss=0.074580 gld=0.046931 lld=0.036980 ggd=0.027279 lr=1.000000e-05
2026-05-25 12:49:08 | INFO | epoch=5 step=2872/8897 global_step=38460 loss=0.091547 gld=0.058565 lld=0.038320 ggd=0.032599 lr=1.000000e-05
2026-05-25 12:49:15 | INFO | epoch=5 step=2892/8897 global_step=38480 loss=0.109867 gld=0.071877 lld=0.039795 ggd=0.037591 lr=1.000000e-05
2026-05-25 12:49:23 | INFO | epoch=5 step=2912/8897 global_step=38500 loss=0.111016 gld=0.074791 lld=0.041289 ggd=0.035812 lr=1.000000e-05
2026-05-25 12:49:31 | INFO | epoch=5 step=2932/8897 global_step=38520 loss=0.089176 gld=0.059637 lld=0.038916 ggd=0.029150 lr=1.000000e-05
2026-05-25 12:49:38 | INFO | epoch=5 step=2952/8897 global_step=38540 loss=0.095907 gld=0.063096 lld=0.037872 ggd=0.032432 lr=1.000000e-05
2026-05-25 12:49:45 | INFO | epoch=5 step=2972/8897 global_step=38560 loss=0.077963 gld=0.050315 lld=0.040683 ggd=0.027240 lr=1.000000e-05
2026-05-25 12:49:53 | INFO | epoch=5 step=2992/8897 global_step=38580 loss=0.096175 gld=0.066545 lld=0.036483 ggd=0.029265 lr=1.000000e-05
2026-05-25 12:50:01 | INFO | epoch=5 step=3012/8897 global_step=38600 loss=0.108789 gld=0.073814 lld=0.038598 ggd=0.034588 lr=1.000000e-05
2026-05-25 12:50:08 | INFO | epoch=5 step=3032/8897 global_step=38620 loss=0.084085 gld=0.055334 lld=0.036739 ggd=0.028383 lr=1.000000e-05
2026-05-25 12:50:16 | INFO | epoch=5 step=3052/8897 global_step=38640 loss=0.101733 gld=0.068515 lld=0.036900 ggd=0.032849 lr=1.000000e-05
2026-05-25 12:50:24 | INFO | epoch=5 step=3072/8897 global_step=38660 loss=0.105937 gld=0.067266 lld=0.041717 ggd=0.038254 lr=1.000000e-05
2026-05-25 12:50:31 | INFO | epoch=5 step=3092/8897 global_step=38680 loss=0.108908 gld=0.073980 lld=0.037139 ggd=0.034557 lr=1.000000e-05
2026-05-25 12:50:39 | INFO | epoch=5 step=3112/8897 global_step=38700 loss=0.092480 gld=0.062846 lld=0.038153 ggd=0.029253 lr=1.000000e-05
2026-05-25 12:50:46 | INFO | epoch=5 step=3132/8897 global_step=38720 loss=0.093522 gld=0.066809 lld=0.034806 ggd=0.026365 lr=1.000000e-05
2026-05-25 12:50:54 | INFO | epoch=5 step=3152/8897 global_step=38740 loss=0.098256 gld=0.066495 lld=0.039465 ggd=0.031367 lr=1.000000e-05
2026-05-25 12:51:01 | INFO | epoch=5 step=3172/8897 global_step=38760 loss=0.091117 gld=0.061345 lld=0.041154 ggd=0.029360 lr=1.000000e-05
2026-05-25 12:51:09 | INFO | epoch=5 step=3192/8897 global_step=38780 loss=0.112672 gld=0.080413 lld=0.039225 ggd=0.031866 lr=1.000000e-05
2026-05-25 12:51:17 | INFO | epoch=5 step=3212/8897 global_step=38800 loss=0.092029 gld=0.060536 lld=0.038725 ggd=0.031105 lr=1.000000e-05
2026-05-25 12:51:24 | INFO | epoch=5 step=3232/8897 global_step=38820 loss=0.089236 gld=0.058855 lld=0.037281 ggd=0.030008 lr=1.000000e-05
2026-05-25 12:51:31 | INFO | epoch=5 step=3252/8897 global_step=38840 loss=0.070478 gld=0.046289 lld=0.035374 ggd=0.023836 lr=1.000000e-05
2026-05-25 12:51:39 | INFO | epoch=5 step=3272/8897 global_step=38860 loss=0.096077 gld=0.063240 lld=0.039420 ggd=0.032442 lr=1.000000e-05
2026-05-25 12:51:47 | INFO | epoch=5 step=3292/8897 global_step=38880 loss=0.069459 gld=0.044406 lld=0.037570 ggd=0.024677 lr=1.000000e-05
2026-05-25 12:51:54 | INFO | epoch=5 step=3312/8897 global_step=38900 loss=0.086216 gld=0.055978 lld=0.040091 ggd=0.029837 lr=1.000000e-05
2026-05-25 12:52:02 | INFO | epoch=5 step=3332/8897 global_step=38920 loss=0.087208 gld=0.057913 lld=0.040076 ggd=0.028895 lr=1.000000e-05
2026-05-25 12:52:09 | INFO | epoch=5 step=3352/8897 global_step=38940 loss=0.095060 gld=0.064288 lld=0.039460 ggd=0.030377 lr=1.000000e-05
2026-05-25 12:52:17 | INFO | epoch=5 step=3372/8897 global_step=38960 loss=0.076625 gld=0.049274 lld=0.036131 ggd=0.026990 lr=1.000000e-05
2026-05-25 12:52:24 | INFO | epoch=5 step=3392/8897 global_step=38980 loss=0.121999 gld=0.080258 lld=0.040356 ggd=0.041337 lr=1.000000e-05
2026-05-25 12:52:32 | INFO | epoch=5 step=3412/8897 global_step=39000 loss=0.098492 gld=0.065193 lld=0.037414 ggd=0.032925 lr=1.000000e-05
2026-05-25 12:52:39 | INFO | epoch=5 step=3432/8897 global_step=39020 loss=0.088085 gld=0.059868 lld=0.040660 ggd=0.027810 lr=1.000000e-05
2026-05-25 12:52:47 | INFO | epoch=5 step=3452/8897 global_step=39040 loss=0.075082 gld=0.050254 lld=0.035027 ggd=0.024478 lr=1.000000e-05
2026-05-25 12:52:54 | INFO | epoch=5 step=3472/8897 global_step=39060 loss=0.071412 gld=0.045984 lld=0.035995 ggd=0.025068 lr=1.000000e-05
2026-05-25 12:53:02 | INFO | epoch=5 step=3492/8897 global_step=39080 loss=0.089536 gld=0.059490 lld=0.036948 ggd=0.029677 lr=1.000000e-05
2026-05-25 12:53:10 | INFO | epoch=5 step=3512/8897 global_step=39100 loss=0.128365 gld=0.086649 lld=0.042239 ggd=0.041293 lr=1.000000e-05
2026-05-25 12:53:17 | INFO | epoch=5 step=3532/8897 global_step=39120 loss=0.089782 gld=0.061428 lld=0.039197 ggd=0.027963 lr=1.000000e-05
2026-05-25 12:53:24 | INFO | epoch=5 step=3552/8897 global_step=39140 loss=0.091099 gld=0.061950 lld=0.037588 ggd=0.028772 lr=1.000000e-05
2026-05-25 12:53:32 | INFO | epoch=5 step=3572/8897 global_step=39160 loss=0.096154 gld=0.061394 lld=0.040716 ggd=0.034353 lr=1.000000e-05
2026-05-25 12:53:39 | INFO | epoch=5 step=3592/8897 global_step=39180 loss=0.084576 gld=0.059938 lld=0.038028 ggd=0.024259 lr=1.000000e-05
2026-05-25 12:53:47 | INFO | epoch=5 step=3612/8897 global_step=39200 loss=0.085191 gld=0.055944 lld=0.037198 ggd=0.028875 lr=1.000000e-05
2026-05-25 12:53:55 | INFO | epoch=5 step=3632/8897 global_step=39220 loss=0.100573 gld=0.066718 lld=0.036658 ggd=0.033488 lr=1.000000e-05
2026-05-25 12:54:03 | INFO | epoch=5 step=3652/8897 global_step=39240 loss=0.083760 gld=0.053397 lld=0.035997 ggd=0.030003 lr=1.000000e-05
2026-05-25 12:54:10 | INFO | epoch=5 step=3672/8897 global_step=39260 loss=0.086759 gld=0.057449 lld=0.037929 ggd=0.028930 lr=1.000000e-05
2026-05-25 12:54:17 | INFO | epoch=5 step=3692/8897 global_step=39280 loss=0.105464 gld=0.067628 lld=0.044722 ggd=0.037389 lr=1.000000e-05
2026-05-25 12:54:25 | INFO | epoch=5 step=3712/8897 global_step=39300 loss=0.084102 gld=0.055387 lld=0.037292 ggd=0.028342 lr=1.000000e-05
2026-05-25 12:54:32 | INFO | epoch=5 step=3732/8897 global_step=39320 loss=0.092036 gld=0.061437 lld=0.040132 ggd=0.030197 lr=1.000000e-05
2026-05-25 12:54:40 | INFO | epoch=5 step=3752/8897 global_step=39340 loss=0.072536 gld=0.048536 lld=0.036486 ggd=0.023635 lr=1.000000e-05
2026-05-25 12:54:48 | INFO | epoch=5 step=3772/8897 global_step=39360 loss=0.096935 gld=0.064523 lld=0.038632 ggd=0.032026 lr=1.000000e-05
2026-05-25 12:54:55 | INFO | epoch=5 step=3792/8897 global_step=39380 loss=0.101537 gld=0.065073 lld=0.040413 ggd=0.036060 lr=1.000000e-05
2026-05-25 12:55:02 | INFO | epoch=5 step=3812/8897 global_step=39400 loss=0.096581 gld=0.066006 lld=0.041944 ggd=0.030155 lr=1.000000e-05
2026-05-25 12:55:10 | INFO | epoch=5 step=3832/8897 global_step=39420 loss=0.108900 gld=0.078088 lld=0.035771 ggd=0.030455 lr=1.000000e-05
2026-05-25 12:55:18 | INFO | epoch=5 step=3852/8897 global_step=39440 loss=0.090275 gld=0.062156 lld=0.036136 ggd=0.027758 lr=1.000000e-05
2026-05-25 12:55:25 | INFO | epoch=5 step=3872/8897 global_step=39460 loss=0.062761 gld=0.041387 lld=0.035802 ggd=0.021016 lr=1.000000e-05
2026-05-25 12:55:32 | INFO | epoch=5 step=3892/8897 global_step=39480 loss=0.070953 gld=0.047649 lld=0.037538 ggd=0.022928 lr=1.000000e-05
2026-05-25 12:55:40 | INFO | epoch=5 step=3912/8897 global_step=39500 loss=0.090475 gld=0.059681 lld=0.037551 ggd=0.030419 lr=1.000000e-05
2026-05-25 12:55:48 | INFO | epoch=5 step=3932/8897 global_step=39520 loss=0.071756 gld=0.048634 lld=0.036558 ggd=0.022756 lr=1.000000e-05
2026-05-25 12:55:55 | INFO | epoch=5 step=3952/8897 global_step=39540 loss=0.101581 gld=0.067824 lld=0.041936 ggd=0.033338 lr=1.000000e-05
2026-05-25 12:56:03 | INFO | epoch=5 step=3972/8897 global_step=39560 loss=0.107763 gld=0.072720 lld=0.043006 ggd=0.034612 lr=1.000000e-05
2026-05-25 12:56:10 | INFO | epoch=5 step=3992/8897 global_step=39580 loss=0.086441 gld=0.055951 lld=0.039756 ggd=0.030092 lr=1.000000e-05
2026-05-25 12:56:17 | INFO | epoch=5 step=4012/8897 global_step=39600 loss=0.072427 gld=0.046826 lld=0.036701 ggd=0.025234 lr=1.000000e-05
2026-05-25 12:56:25 | INFO | epoch=5 step=4032/8897 global_step=39620 loss=0.073475 gld=0.048985 lld=0.036949 ggd=0.024120 lr=1.000000e-05
2026-05-25 12:56:33 | INFO | epoch=5 step=4052/8897 global_step=39640 loss=0.099593 gld=0.063084 lld=0.043554 ggd=0.036073 lr=1.000000e-05
2026-05-25 12:56:41 | INFO | epoch=5 step=4072/8897 global_step=39660 loss=0.121154 gld=0.078553 lld=0.044326 ggd=0.042158 lr=1.000000e-05
2026-05-25 12:56:48 | INFO | epoch=5 step=4092/8897 global_step=39680 loss=0.086382 gld=0.056989 lld=0.036164 ggd=0.029031 lr=1.000000e-05
2026-05-25 12:56:55 | INFO | epoch=5 step=4112/8897 global_step=39700 loss=0.091278 gld=0.062345 lld=0.039139 ggd=0.028542 lr=1.000000e-05
2026-05-25 12:57:03 | INFO | epoch=5 step=4132/8897 global_step=39720 loss=0.103344 gld=0.065358 lld=0.039461 ggd=0.037591 lr=1.000000e-05
2026-05-25 12:57:11 | INFO | epoch=5 step=4152/8897 global_step=39740 loss=0.110173 gld=0.073625 lld=0.038446 ggd=0.036163 lr=1.000000e-05
2026-05-25 12:57:18 | INFO | epoch=5 step=4172/8897 global_step=39760 loss=0.073726 gld=0.051716 lld=0.036393 ggd=0.021646 lr=1.000000e-05
2026-05-25 12:57:26 | INFO | epoch=5 step=4192/8897 global_step=39780 loss=0.075934 gld=0.051234 lld=0.038795 ggd=0.024312 lr=1.000000e-05
2026-05-25 12:57:33 | INFO | epoch=5 step=4212/8897 global_step=39800 loss=0.081359 gld=0.053485 lld=0.037751 ggd=0.027497 lr=1.000000e-05
2026-05-25 12:57:41 | INFO | epoch=5 step=4232/8897 global_step=39820 loss=0.092860 gld=0.059724 lld=0.040385 ggd=0.032732 lr=1.000000e-05
2026-05-25 12:57:48 | INFO | epoch=5 step=4252/8897 global_step=39840 loss=0.097026 gld=0.064330 lld=0.041940 ggd=0.032276 lr=1.000000e-05
2026-05-25 12:57:56 | INFO | epoch=5 step=4272/8897 global_step=39860 loss=0.094269 gld=0.061351 lld=0.041880 ggd=0.032500 lr=1.000000e-05
2026-05-25 12:58:04 | INFO | epoch=5 step=4292/8897 global_step=39880 loss=0.090603 gld=0.062610 lld=0.038395 ggd=0.027608 lr=1.000000e-05
2026-05-25 12:58:11 | INFO | epoch=5 step=4312/8897 global_step=39900 loss=0.072584 gld=0.047620 lld=0.037283 ggd=0.024592 lr=1.000000e-05
2026-05-25 12:58:19 | INFO | epoch=5 step=4332/8897 global_step=39920 loss=0.100903 gld=0.067009 lld=0.041340 ggd=0.033480 lr=1.000000e-05
2026-05-25 12:58:26 | INFO | epoch=5 step=4352/8897 global_step=39940 loss=0.088878 gld=0.058900 lld=0.038016 ggd=0.029598 lr=1.000000e-05
2026-05-25 12:58:33 | INFO | epoch=5 step=4372/8897 global_step=39960 loss=0.090739 gld=0.060623 lld=0.037920 ggd=0.029737 lr=1.000000e-05
2026-05-25 12:58:41 | INFO | epoch=5 step=4392/8897 global_step=39980 loss=0.073477 gld=0.048107 lld=0.037562 ggd=0.024994 lr=1.000000e-05
2026-05-25 12:58:49 | INFO | epoch=5 step=4412/8897 global_step=40000 loss=0.088049 gld=0.059038 lld=0.037773 ggd=0.028633 lr=1.000000e-05
2026-05-25 12:58:56 | INFO | epoch=5 step=4432/8897 global_step=40020 loss=0.101343 gld=0.067613 lld=0.037188 ggd=0.033358 lr=1.000000e-05
2026-05-25 12:59:03 | INFO | epoch=5 step=4452/8897 global_step=40040 loss=0.099440 gld=0.063974 lld=0.040296 ggd=0.035063 lr=1.000000e-05
2026-05-25 12:59:11 | INFO | epoch=5 step=4472/8897 global_step=40060 loss=0.102179 gld=0.065260 lld=0.042305 ggd=0.036496 lr=1.000000e-05
2026-05-25 12:59:19 | INFO | epoch=5 step=4492/8897 global_step=40080 loss=0.086623 gld=0.058100 lld=0.038509 ggd=0.028137 lr=1.000000e-05
2026-05-25 12:59:26 | INFO | epoch=5 step=4512/8897 global_step=40100 loss=0.114796 gld=0.085055 lld=0.040700 ggd=0.029333 lr=1.000000e-05
2026-05-25 12:59:34 | INFO | epoch=5 step=4532/8897 global_step=40120 loss=0.091804 gld=0.060445 lld=0.040900 ggd=0.030950 lr=1.000000e-05
2026-05-25 12:59:41 | INFO | epoch=5 step=4552/8897 global_step=40140 loss=0.098685 gld=0.067420 lld=0.038483 ggd=0.030880 lr=1.000000e-05
2026-05-25 12:59:48 | INFO | epoch=5 step=4572/8897 global_step=40160 loss=0.071540 gld=0.046559 lld=0.038004 ggd=0.024602 lr=1.000000e-05
2026-05-25 12:59:56 | INFO | epoch=5 step=4592/8897 global_step=40180 loss=0.082500 gld=0.052521 lld=0.036439 ggd=0.029615 lr=1.000000e-05
2026-05-25 13:00:04 | INFO | epoch=5 step=4612/8897 global_step=40200 loss=0.087945 gld=0.056985 lld=0.038699 ggd=0.030573 lr=1.000000e-05
2026-05-25 13:00:11 | INFO | epoch=5 step=4632/8897 global_step=40220 loss=0.103187 gld=0.067732 lld=0.043153 ggd=0.035023 lr=1.000000e-05
2026-05-25 13:00:18 | INFO | epoch=5 step=4652/8897 global_step=40240 loss=0.085793 gld=0.057736 lld=0.038502 ggd=0.027671 lr=1.000000e-05
2026-05-25 13:00:26 | INFO | epoch=5 step=4672/8897 global_step=40260 loss=0.094617 gld=0.062965 lld=0.041988 ggd=0.031232 lr=1.000000e-05
2026-05-25 13:00:34 | INFO | epoch=5 step=4692/8897 global_step=40280 loss=0.111782 gld=0.073164 lld=0.037581 ggd=0.038242 lr=1.000000e-05
2026-05-25 13:00:41 | INFO | epoch=5 step=4712/8897 global_step=40300 loss=0.098778 gld=0.065611 lld=0.038842 ggd=0.032778 lr=1.000000e-05
2026-05-25 13:00:49 | INFO | epoch=5 step=4732/8897 global_step=40320 loss=0.128644 gld=0.082606 lld=0.043317 ggd=0.045605 lr=1.000000e-05
2026-05-25 13:00:56 | INFO | epoch=5 step=4752/8897 global_step=40340 loss=0.094692 gld=0.066236 lld=0.040332 ggd=0.028052 lr=1.000000e-05
2026-05-25 13:01:04 | INFO | epoch=5 step=4772/8897 global_step=40360 loss=0.107234 gld=0.069614 lld=0.038974 ggd=0.037230 lr=1.000000e-05
2026-05-25 13:01:11 | INFO | epoch=5 step=4792/8897 global_step=40380 loss=0.073510 gld=0.047619 lld=0.038265 ggd=0.025509 lr=1.000000e-05
2026-05-25 13:01:19 | INFO | epoch=5 step=4812/8897 global_step=40400 loss=0.086671 gld=0.058143 lld=0.038928 ggd=0.028138 lr=1.000000e-05
2026-05-25 13:01:26 | INFO | epoch=5 step=4832/8897 global_step=40420 loss=0.092400 gld=0.061625 lld=0.037016 ggd=0.030405 lr=1.000000e-05
2026-05-25 13:01:34 | INFO | epoch=5 step=4852/8897 global_step=40440 loss=0.092883 gld=0.067946 lld=0.037329 ggd=0.024564 lr=1.000000e-05
2026-05-25 13:01:41 | INFO | epoch=5 step=4872/8897 global_step=40460 loss=0.080196 gld=0.052705 lld=0.041386 ggd=0.027077 lr=1.000000e-05
2026-05-25 13:01:49 | INFO | epoch=5 step=4892/8897 global_step=40480 loss=0.075861 gld=0.051384 lld=0.039573 ggd=0.024081 lr=1.000000e-05
2026-05-25 13:01:57 | INFO | epoch=5 step=4912/8897 global_step=40500 loss=0.105188 gld=0.071108 lld=0.037502 ggd=0.033706 lr=1.000000e-05
2026-05-25 13:02:04 | INFO | epoch=5 step=4932/8897 global_step=40520 loss=0.080092 gld=0.052207 lld=0.038170 ggd=0.027503 lr=1.000000e-05
2026-05-25 13:02:11 | INFO | epoch=5 step=4952/8897 global_step=40540 loss=0.086288 gld=0.057603 lld=0.037529 ggd=0.028310 lr=1.000000e-05
2026-05-25 13:02:19 | INFO | epoch=5 step=4972/8897 global_step=40560 loss=0.106645 gld=0.069645 lld=0.038123 ggd=0.036620 lr=1.000000e-05
2026-05-25 13:02:26 | INFO | epoch=5 step=4992/8897 global_step=40580 loss=0.072296 gld=0.047292 lld=0.036648 ggd=0.024637 lr=1.000000e-05
2026-05-25 13:02:34 | INFO | epoch=5 step=5012/8897 global_step=40600 loss=0.070814 gld=0.047394 lld=0.037994 ggd=0.023040 lr=1.000000e-05
2026-05-25 13:02:42 | INFO | epoch=5 step=5032/8897 global_step=40620 loss=0.088152 gld=0.056970 lld=0.039243 ggd=0.030790 lr=1.000000e-05
2026-05-25 13:02:49 | INFO | epoch=5 step=5052/8897 global_step=40640 loss=0.081348 gld=0.052470 lld=0.040208 ggd=0.028476 lr=1.000000e-05
2026-05-25 13:02:56 | INFO | epoch=5 step=5072/8897 global_step=40660 loss=0.102368 gld=0.068716 lld=0.041619 ggd=0.033236 lr=1.000000e-05
2026-05-25 13:03:04 | INFO | epoch=5 step=5092/8897 global_step=40680 loss=0.095466 gld=0.062675 lld=0.040860 ggd=0.032382 lr=1.000000e-05
2026-05-25 13:03:12 | INFO | epoch=5 step=5112/8897 global_step=40700 loss=0.078872 gld=0.052710 lld=0.036177 ggd=0.025800 lr=1.000000e-05
2026-05-25 13:03:19 | INFO | epoch=5 step=5132/8897 global_step=40720 loss=0.081086 gld=0.053632 lld=0.036547 ggd=0.027089 lr=1.000000e-05
2026-05-25 13:03:27 | INFO | epoch=5 step=5152/8897 global_step=40740 loss=0.084793 gld=0.055619 lld=0.038097 ggd=0.028793 lr=1.000000e-05
2026-05-25 13:03:34 | INFO | epoch=5 step=5172/8897 global_step=40760 loss=0.075117 gld=0.049536 lld=0.037555 ggd=0.025205 lr=1.000000e-05
2026-05-25 13:03:42 | INFO | epoch=5 step=5192/8897 global_step=40780 loss=0.108366 gld=0.071262 lld=0.039387 ggd=0.036710 lr=1.000000e-05
2026-05-25 13:03:49 | INFO | epoch=5 step=5212/8897 global_step=40800 loss=0.098244 gld=0.065515 lld=0.039927 ggd=0.032329 lr=1.000000e-05
2026-05-25 13:03:57 | INFO | epoch=5 step=5232/8897 global_step=40820 loss=0.097559 gld=0.064530 lld=0.039830 ggd=0.032631 lr=1.000000e-05
2026-05-25 13:04:05 | INFO | epoch=5 step=5252/8897 global_step=40840 loss=0.111474 gld=0.073939 lld=0.041165 ggd=0.037123 lr=1.000000e-05
2026-05-25 13:04:12 | INFO | epoch=5 step=5272/8897 global_step=40860 loss=0.093673 gld=0.062422 lld=0.041597 ggd=0.030835 lr=1.000000e-05
2026-05-25 13:04:19 | INFO | epoch=5 step=5292/8897 global_step=40880 loss=0.089942 gld=0.062992 lld=0.037878 ggd=0.026572 lr=1.000000e-05
2026-05-25 13:04:25 | INFO | epoch=5 step=5312/8897 global_step=40900 loss=0.085823 gld=0.057216 lld=0.038449 ggd=0.028222 lr=1.000000e-05
2026-05-25 13:04:32 | INFO | epoch=5 step=5332/8897 global_step=40920 loss=0.111811 gld=0.070763 lld=0.046015 ggd=0.040587 lr=1.000000e-05
2026-05-25 13:04:39 | INFO | epoch=5 step=5352/8897 global_step=40940 loss=0.081176 gld=0.053301 lld=0.038993 ggd=0.027484 lr=1.000000e-05
2026-05-25 13:04:47 | INFO | epoch=5 step=5372/8897 global_step=40960 loss=0.083485 gld=0.056888 lld=0.037735 ggd=0.026220 lr=1.000000e-05
2026-05-25 13:04:54 | INFO | epoch=5 step=5392/8897 global_step=40980 loss=0.102348 gld=0.065583 lld=0.040043 ggd=0.036365 lr=1.000000e-05
2026-05-25 13:05:02 | INFO | epoch=5 step=5412/8897 global_step=41000 loss=0.075873 gld=0.048020 lld=0.037072 ggd=0.027482 lr=1.000000e-05
2026-05-25 13:05:10 | INFO | epoch=5 step=5432/8897 global_step=41020 loss=0.090139 gld=0.062309 lld=0.038230 ggd=0.027448 lr=1.000000e-05
2026-05-25 13:05:18 | INFO | epoch=5 step=5452/8897 global_step=41040 loss=0.066378 gld=0.042620 lld=0.037040 ggd=0.023388 lr=1.000000e-05
2026-05-25 13:05:25 | INFO | epoch=5 step=5472/8897 global_step=41060 loss=0.088120 gld=0.058750 lld=0.035095 ggd=0.029019 lr=1.000000e-05
2026-05-25 13:05:32 | INFO | epoch=5 step=5492/8897 global_step=41080 loss=0.081594 gld=0.056186 lld=0.036826 ggd=0.025040 lr=1.000000e-05
2026-05-25 13:05:40 | INFO | epoch=5 step=5512/8897 global_step=41100 loss=0.084450 gld=0.056597 lld=0.038645 ggd=0.027466 lr=1.000000e-05
2026-05-25 13:05:47 | INFO | epoch=5 step=5532/8897 global_step=41120 loss=0.086330 gld=0.058295 lld=0.038637 ggd=0.027649 lr=1.000000e-05
2026-05-25 13:05:55 | INFO | epoch=5 step=5552/8897 global_step=41140 loss=0.094730 gld=0.063230 lld=0.041912 ggd=0.031081 lr=1.000000e-05
2026-05-25 13:06:03 | INFO | epoch=5 step=5572/8897 global_step=41160 loss=0.105282 gld=0.070189 lld=0.040609 ggd=0.034687 lr=1.000000e-05
2026-05-25 13:06:10 | INFO | epoch=5 step=5592/8897 global_step=41180 loss=0.090695 gld=0.062085 lld=0.039481 ggd=0.028215 lr=1.000000e-05
2026-05-25 13:06:17 | INFO | epoch=5 step=5612/8897 global_step=41200 loss=0.106437 gld=0.066145 lld=0.039835 ggd=0.039893 lr=1.000000e-05
2026-05-25 13:06:25 | INFO | epoch=5 step=5632/8897 global_step=41220 loss=0.110928 gld=0.073175 lld=0.039096 ggd=0.037362 lr=1.000000e-05
2026-05-25 13:06:33 | INFO | epoch=5 step=5652/8897 global_step=41240 loss=0.093102 gld=0.059011 lld=0.038663 ggd=0.033705 lr=1.000000e-05
2026-05-25 13:06:40 | INFO | epoch=5 step=5672/8897 global_step=41260 loss=0.083837 gld=0.053852 lld=0.037799 ggd=0.029608 lr=1.000000e-05
2026-05-25 13:06:48 | INFO | epoch=5 step=5692/8897 global_step=41280 loss=0.080800 gld=0.056499 lld=0.039658 ggd=0.023904 lr=1.000000e-05
2026-05-25 13:06:55 | INFO | epoch=5 step=5712/8897 global_step=41300 loss=0.092382 gld=0.062204 lld=0.040761 ggd=0.029770 lr=1.000000e-05
2026-05-25 13:07:03 | INFO | epoch=5 step=5732/8897 global_step=41320 loss=0.083120 gld=0.054291 lld=0.038901 ggd=0.028440 lr=1.000000e-05
2026-05-25 13:07:10 | INFO | epoch=5 step=5752/8897 global_step=41340 loss=0.102430 gld=0.065809 lld=0.038811 ggd=0.036233 lr=1.000000e-05
2026-05-25 13:07:18 | INFO | epoch=5 step=5772/8897 global_step=41360 loss=0.103474 gld=0.065940 lld=0.039952 ggd=0.037134 lr=1.000000e-05
2026-05-25 13:07:26 | INFO | epoch=5 step=5792/8897 global_step=41380 loss=0.082041 gld=0.053813 lld=0.037044 ggd=0.027857 lr=1.000000e-05
2026-05-25 13:07:33 | INFO | epoch=5 step=5812/8897 global_step=41400 loss=0.098708 gld=0.064283 lld=0.042058 ggd=0.034005 lr=1.000000e-05
2026-05-25 13:07:40 | INFO | epoch=5 step=5832/8897 global_step=41420 loss=0.082566 gld=0.051215 lld=0.038384 ggd=0.030967 lr=1.000000e-05
2026-05-25 13:07:48 | INFO | epoch=5 step=5852/8897 global_step=41440 loss=0.109157 gld=0.070777 lld=0.041116 ggd=0.037969 lr=1.000000e-05
2026-05-25 13:07:56 | INFO | epoch=5 step=5872/8897 global_step=41460 loss=0.103039 gld=0.068879 lld=0.038972 ggd=0.033771 lr=1.000000e-05
2026-05-25 13:08:03 | INFO | epoch=5 step=5892/8897 global_step=41480 loss=0.116946 gld=0.073932 lld=0.041113 ggd=0.042603 lr=1.000000e-05
2026-05-25 13:08:11 | INFO | epoch=5 step=5912/8897 global_step=41500 loss=0.086935 gld=0.056634 lld=0.038141 ggd=0.029919 lr=1.000000e-05
2026-05-25 13:08:18 | INFO | epoch=5 step=5932/8897 global_step=41520 loss=0.095494 gld=0.068170 lld=0.041235 ggd=0.026912 lr=1.000000e-05
2026-05-25 13:08:26 | INFO | epoch=5 step=5952/8897 global_step=41540 loss=0.130889 gld=0.085309 lld=0.046118 ggd=0.045120 lr=1.000000e-05
2026-05-25 13:08:33 | INFO | epoch=5 step=5972/8897 global_step=41560 loss=0.084980 gld=0.053146 lld=0.037624 ggd=0.031457 lr=1.000000e-05
2026-05-25 13:08:41 | INFO | epoch=5 step=5992/8897 global_step=41580 loss=0.086293 gld=0.056411 lld=0.036348 ggd=0.029518 lr=1.000000e-05
2026-05-25 13:08:48 | INFO | epoch=5 step=6012/8897 global_step=41600 loss=0.089632 gld=0.059942 lld=0.044713 ggd=0.029243 lr=1.000000e-05
2026-05-25 13:08:56 | INFO | epoch=5 step=6032/8897 global_step=41620 loss=0.118364 gld=0.077153 lld=0.043944 ggd=0.040772 lr=1.000000e-05
2026-05-25 13:09:03 | INFO | epoch=5 step=6052/8897 global_step=41640 loss=0.093946 gld=0.066976 lld=0.039889 ggd=0.026571 lr=1.000000e-05
2026-05-25 13:09:11 | INFO | epoch=5 step=6072/8897 global_step=41660 loss=0.077885 gld=0.050223 lld=0.038171 ggd=0.027280 lr=1.000000e-05
2026-05-25 13:09:18 | INFO | epoch=5 step=6092/8897 global_step=41680 loss=0.092832 gld=0.062255 lld=0.041043 ggd=0.030167 lr=1.000000e-05
2026-05-25 13:09:26 | INFO | epoch=5 step=6112/8897 global_step=41700 loss=0.109358 gld=0.070508 lld=0.038946 ggd=0.038460 lr=1.000000e-05
2026-05-25 13:09:33 | INFO | epoch=5 step=6132/8897 global_step=41720 loss=0.081453 gld=0.054761 lld=0.036784 ggd=0.026324 lr=1.000000e-05
2026-05-25 13:09:41 | INFO | epoch=5 step=6152/8897 global_step=41740 loss=0.101529 gld=0.069612 lld=0.039940 ggd=0.031517 lr=1.000000e-05
2026-05-25 13:09:48 | INFO | epoch=5 step=6172/8897 global_step=41760 loss=0.081330 gld=0.055273 lld=0.039413 ggd=0.025663 lr=1.000000e-05
2026-05-25 13:09:56 | INFO | epoch=5 step=6192/8897 global_step=41780 loss=0.078589 gld=0.052008 lld=0.036699 ggd=0.026214 lr=1.000000e-05
2026-05-25 13:10:04 | INFO | epoch=5 step=6212/8897 global_step=41800 loss=0.088681 gld=0.058959 lld=0.042721 ggd=0.029295 lr=1.000000e-05
2026-05-25 13:10:11 | INFO | epoch=5 step=6232/8897 global_step=41820 loss=0.085757 gld=0.056501 lld=0.042482 ggd=0.028832 lr=1.000000e-05
2026-05-25 13:10:18 | INFO | epoch=5 step=6252/8897 global_step=41840 loss=0.100566 gld=0.067220 lld=0.039691 ggd=0.032949 lr=1.000000e-05
2026-05-25 13:10:26 | INFO | epoch=5 step=6272/8897 global_step=41860 loss=0.088082 gld=0.059088 lld=0.034548 ggd=0.028648 lr=1.000000e-05
2026-05-25 13:10:34 | INFO | epoch=5 step=6292/8897 global_step=41880 loss=0.116905 gld=0.076014 lld=0.038562 ggd=0.040506 lr=1.000000e-05
2026-05-25 13:10:41 | INFO | epoch=5 step=6312/8897 global_step=41900 loss=0.071749 gld=0.049053 lld=0.038794 ggd=0.022308 lr=1.000000e-05
2026-05-25 13:10:49 | INFO | epoch=5 step=6332/8897 global_step=41920 loss=0.084809 gld=0.056772 lld=0.034171 ggd=0.027696 lr=1.000000e-05
2026-05-25 13:10:56 | INFO | epoch=5 step=6352/8897 global_step=41940 loss=0.083372 gld=0.053263 lld=0.038922 ggd=0.029719 lr=1.000000e-05
2026-05-25 13:11:04 | INFO | epoch=5 step=6372/8897 global_step=41960 loss=0.089593 gld=0.057940 lld=0.038054 ggd=0.031273 lr=1.000000e-05
2026-05-25 13:11:11 | INFO | epoch=5 step=6392/8897 global_step=41980 loss=0.095731 gld=0.063852 lld=0.039206 ggd=0.031487 lr=1.000000e-05
2026-05-25 13:11:19 | INFO | epoch=5 step=6412/8897 global_step=42000 loss=0.111840 gld=0.077097 lld=0.041906 ggd=0.034324 lr=1.000000e-05
2026-05-25 13:11:27 | INFO | epoch=5 step=6432/8897 global_step=42020 loss=0.069973 gld=0.044790 lld=0.037339 ggd=0.024810 lr=1.000000e-05
2026-05-25 13:11:34 | INFO | epoch=5 step=6452/8897 global_step=42040 loss=0.089683 gld=0.057783 lld=0.039106 ggd=0.031509 lr=1.000000e-05
2026-05-25 13:11:41 | INFO | epoch=5 step=6472/8897 global_step=42060 loss=0.089996 gld=0.059246 lld=0.038705 ggd=0.030363 lr=1.000000e-05
2026-05-25 13:11:49 | INFO | epoch=5 step=6492/8897 global_step=42080 loss=0.080353 gld=0.053585 lld=0.038492 ggd=0.026383 lr=1.000000e-05
2026-05-25 13:11:56 | INFO | epoch=5 step=6512/8897 global_step=42100 loss=0.082399 gld=0.053020 lld=0.038832 ggd=0.028991 lr=1.000000e-05
2026-05-25 13:12:04 | INFO | epoch=5 step=6532/8897 global_step=42120 loss=0.077954 gld=0.051788 lld=0.036349 ggd=0.025802 lr=1.000000e-05
2026-05-25 13:12:12 | INFO | epoch=5 step=6552/8897 global_step=42140 loss=0.082261 gld=0.052469 lld=0.039119 ggd=0.029401 lr=1.000000e-05
2026-05-25 13:12:19 | INFO | epoch=5 step=6572/8897 global_step=42160 loss=0.082700 gld=0.054198 lld=0.038144 ggd=0.028121 lr=1.000000e-05
2026-05-25 13:12:27 | INFO | epoch=5 step=6592/8897 global_step=42180 loss=0.093943 gld=0.060714 lld=0.045726 ggd=0.032772 lr=1.000000e-05
2026-05-25 13:12:34 | INFO | epoch=5 step=6612/8897 global_step=42200 loss=0.091468 gld=0.062773 lld=0.039575 ggd=0.028299 lr=1.000000e-05
2026-05-25 13:12:42 | INFO | epoch=5 step=6632/8897 global_step=42220 loss=0.076173 gld=0.050166 lld=0.038776 ggd=0.025619 lr=1.000000e-05
2026-05-25 13:12:49 | INFO | epoch=5 step=6652/8897 global_step=42240 loss=0.104619 gld=0.070079 lld=0.040939 ggd=0.034130 lr=1.000000e-05
2026-05-25 13:12:57 | INFO | epoch=5 step=6672/8897 global_step=42260 loss=0.090937 gld=0.057191 lld=0.042937 ggd=0.033317 lr=1.000000e-05
2026-05-25 13:13:04 | INFO | epoch=5 step=6692/8897 global_step=42280 loss=0.107738 gld=0.070880 lld=0.043968 ggd=0.036418 lr=1.000000e-05
2026-05-25 13:13:12 | INFO | epoch=5 step=6712/8897 global_step=42300 loss=0.099723 gld=0.069475 lld=0.038284 ggd=0.029865 lr=1.000000e-05
2026-05-25 13:13:19 | INFO | epoch=5 step=6732/8897 global_step=42320 loss=0.082480 gld=0.052846 lld=0.038031 ggd=0.029254 lr=1.000000e-05
2026-05-25 13:13:27 | INFO | epoch=5 step=6752/8897 global_step=42340 loss=0.090899 gld=0.058671 lld=0.038424 ggd=0.031844 lr=1.000000e-05
2026-05-25 13:13:34 | INFO | epoch=5 step=6772/8897 global_step=42360 loss=0.095044 gld=0.064185 lld=0.040996 ggd=0.030449 lr=1.000000e-05
2026-05-25 13:13:42 | INFO | epoch=5 step=6792/8897 global_step=42380 loss=0.101437 gld=0.066916 lld=0.041685 ggd=0.034104 lr=1.000000e-05
2026-05-25 13:13:49 | INFO | epoch=5 step=6812/8897 global_step=42400 loss=0.098648 gld=0.062732 lld=0.042902 ggd=0.035487 lr=1.000000e-05
2026-05-25 13:13:57 | INFO | epoch=5 step=6832/8897 global_step=42420 loss=0.095535 gld=0.062982 lld=0.040445 ggd=0.032148 lr=1.000000e-05
2026-05-25 13:14:04 | INFO | epoch=5 step=6852/8897 global_step=42440 loss=0.079109 gld=0.053802 lld=0.041733 ggd=0.024890 lr=1.000000e-05
2026-05-25 13:14:12 | INFO | epoch=5 step=6872/8897 global_step=42460 loss=0.089458 gld=0.058303 lld=0.037936 ggd=0.030776 lr=1.000000e-05
2026-05-25 13:14:20 | INFO | epoch=5 step=6892/8897 global_step=42480 loss=0.079205 gld=0.050762 lld=0.038233 ggd=0.028061 lr=1.000000e-05
2026-05-25 13:14:27 | INFO | epoch=5 step=6912/8897 global_step=42500 loss=0.107892 gld=0.071164 lld=0.040441 ggd=0.036324 lr=1.000000e-05
2026-05-25 13:14:34 | INFO | epoch=5 step=6932/8897 global_step=42520 loss=0.097278 gld=0.067301 lld=0.041505 ggd=0.029562 lr=1.000000e-05
2026-05-25 13:14:42 | INFO | epoch=5 step=6952/8897 global_step=42540 loss=0.081395 gld=0.053679 lld=0.035913 ggd=0.027358 lr=1.000000e-05
2026-05-25 13:14:50 | INFO | epoch=5 step=6972/8897 global_step=42560 loss=0.073268 gld=0.047631 lld=0.038263 ggd=0.025254 lr=1.000000e-05
2026-05-25 13:14:57 | INFO | epoch=5 step=6992/8897 global_step=42580 loss=0.077324 gld=0.050129 lld=0.041214 ggd=0.026783 lr=1.000000e-05
2026-05-25 13:15:05 | INFO | epoch=5 step=7012/8897 global_step=42600 loss=0.102874 gld=0.071367 lld=0.046566 ggd=0.031041 lr=1.000000e-05
2026-05-25 13:15:12 | INFO | epoch=5 step=7032/8897 global_step=42620 loss=0.074825 gld=0.047510 lld=0.039881 ggd=0.026917 lr=1.000000e-05
2026-05-25 13:15:20 | INFO | epoch=5 step=7052/8897 global_step=42640 loss=0.107913 gld=0.077386 lld=0.040672 ggd=0.030120 lr=1.000000e-05
2026-05-25 13:15:27 | INFO | epoch=5 step=7072/8897 global_step=42660 loss=0.113023 gld=0.075731 lld=0.043575 ggd=0.036856 lr=1.000000e-05
2026-05-25 13:15:35 | INFO | epoch=5 step=7092/8897 global_step=42680 loss=0.084663 gld=0.057371 lld=0.042667 ggd=0.026865 lr=1.000000e-05
2026-05-25 13:15:43 | INFO | epoch=5 step=7112/8897 global_step=42700 loss=0.111235 gld=0.074795 lld=0.041152 ggd=0.036029 lr=1.000000e-05
2026-05-25 13:15:50 | INFO | epoch=5 step=7132/8897 global_step=42720 loss=0.085587 gld=0.056327 lld=0.039336 ggd=0.028866 lr=1.000000e-05
2026-05-25 13:15:57 | INFO | epoch=5 step=7152/8897 global_step=42740 loss=0.087982 gld=0.058265 lld=0.040406 ggd=0.029313 lr=1.000000e-05
2026-05-25 13:16:05 | INFO | epoch=5 step=7172/8897 global_step=42760 loss=0.081702 gld=0.053239 lld=0.039218 ggd=0.028071 lr=1.000000e-05
2026-05-25 13:16:13 | INFO | epoch=5 step=7192/8897 global_step=42780 loss=0.075938 gld=0.050326 lld=0.038675 ggd=0.025226 lr=1.000000e-05
2026-05-25 13:16:20 | INFO | epoch=5 step=7212/8897 global_step=42800 loss=0.075590 gld=0.047887 lld=0.039342 ggd=0.027310 lr=1.000000e-05
2026-05-25 13:16:28 | INFO | epoch=5 step=7232/8897 global_step=42820 loss=0.088744 gld=0.057984 lld=0.040435 ggd=0.030356 lr=1.000000e-05
2026-05-25 13:16:36 | INFO | epoch=5 step=7252/8897 global_step=42840 loss=0.102918 gld=0.066648 lld=0.038353 ggd=0.035886 lr=1.000000e-05
2026-05-25 13:16:43 | INFO | epoch=5 step=7272/8897 global_step=42860 loss=0.083783 gld=0.054261 lld=0.040866 ggd=0.029114 lr=1.000000e-05
2026-05-25 13:16:50 | INFO | epoch=5 step=7292/8897 global_step=42880 loss=0.077108 gld=0.051866 lld=0.037998 ggd=0.024863 lr=1.000000e-05
2026-05-25 13:16:58 | INFO | epoch=5 step=7312/8897 global_step=42900 loss=0.094532 gld=0.063159 lld=0.041521 ggd=0.030958 lr=1.000000e-05
2026-05-25 13:17:06 | INFO | epoch=5 step=7332/8897 global_step=42920 loss=0.088323 gld=0.057014 lld=0.041157 ggd=0.030897 lr=1.000000e-05
2026-05-25 13:17:13 | INFO | epoch=5 step=7352/8897 global_step=42940 loss=0.080470 gld=0.055999 lld=0.040667 ggd=0.024064 lr=1.000000e-05
2026-05-25 13:17:21 | INFO | epoch=5 step=7372/8897 global_step=42960 loss=0.099575 gld=0.066858 lld=0.039117 ggd=0.032325 lr=1.000000e-05
2026-05-25 13:17:28 | INFO | epoch=5 step=7392/8897 global_step=42980 loss=0.097356 gld=0.068843 lld=0.038648 ggd=0.028126 lr=1.000000e-05
2026-05-25 13:17:36 | INFO | epoch=5 step=7412/8897 global_step=43000 loss=0.090743 gld=0.062599 lld=0.037786 ggd=0.027767 lr=1.000000e-05
2026-05-25 13:17:43 | INFO | epoch=5 step=7432/8897 global_step=43020 loss=0.080849 gld=0.055311 lld=0.032697 ggd=0.025210 lr=1.000000e-05
2026-05-25 13:17:51 | INFO | epoch=5 step=7452/8897 global_step=43040 loss=0.093546 gld=0.060254 lld=0.044873 ggd=0.032844 lr=1.000000e-05
2026-05-25 13:17:59 | INFO | epoch=5 step=7472/8897 global_step=43060 loss=0.094451 gld=0.066140 lld=0.038833 ggd=0.027923 lr=1.000000e-05
2026-05-25 13:18:06 | INFO | epoch=5 step=7492/8897 global_step=43080 loss=0.094695 gld=0.063229 lld=0.041614 ggd=0.031050 lr=1.000000e-05
2026-05-25 13:18:13 | INFO | epoch=5 step=7512/8897 global_step=43100 loss=0.072950 gld=0.047045 lld=0.040243 ggd=0.025503 lr=1.000000e-05
2026-05-25 13:18:21 | INFO | epoch=5 step=7532/8897 global_step=43120 loss=0.078523 gld=0.050138 lld=0.039122 ggd=0.027994 lr=1.000000e-05
2026-05-25 13:18:28 | INFO | epoch=5 step=7552/8897 global_step=43140 loss=0.097065 gld=0.065890 lld=0.037756 ggd=0.030798 lr=1.000000e-05
2026-05-25 13:18:36 | INFO | epoch=5 step=7572/8897 global_step=43160 loss=0.106425 gld=0.070951 lld=0.038952 ggd=0.035084 lr=1.000000e-05
2026-05-25 13:18:44 | INFO | epoch=5 step=7592/8897 global_step=43180 loss=0.084060 gld=0.059337 lld=0.039832 ggd=0.024324 lr=1.000000e-05
2026-05-25 13:18:51 | INFO | epoch=5 step=7612/8897 global_step=43200 loss=0.079843 gld=0.052207 lld=0.038446 ggd=0.027252 lr=1.000000e-05
2026-05-25 13:18:58 | INFO | epoch=5 step=7632/8897 global_step=43220 loss=0.095753 gld=0.063084 lld=0.040316 ggd=0.032265 lr=1.000000e-05
2026-05-25 13:19:06 | INFO | epoch=5 step=7652/8897 global_step=43240 loss=0.091559 gld=0.059192 lld=0.036800 ggd=0.031999 lr=1.000000e-05
2026-05-25 13:19:14 | INFO | epoch=5 step=7672/8897 global_step=43260 loss=0.101902 gld=0.065153 lld=0.039943 ggd=0.036350 lr=1.000000e-05
2026-05-25 13:19:21 | INFO | epoch=5 step=7692/8897 global_step=43280 loss=0.091010 gld=0.061709 lld=0.043311 ggd=0.028867 lr=1.000000e-05
2026-05-25 13:19:29 | INFO | epoch=5 step=7712/8897 global_step=43300 loss=0.097103 gld=0.064295 lld=0.041193 ggd=0.032396 lr=1.000000e-05
2026-05-25 13:19:36 | INFO | epoch=5 step=7732/8897 global_step=43320 loss=0.077512 gld=0.049362 lld=0.037985 ggd=0.027770 lr=1.000000e-05
2026-05-25 13:19:44 | INFO | epoch=5 step=7752/8897 global_step=43340 loss=0.101304 gld=0.067599 lld=0.042759 ggd=0.033277 lr=1.000000e-05
2026-05-25 13:19:51 | INFO | epoch=5 step=7772/8897 global_step=43360 loss=0.108568 gld=0.069551 lld=0.043731 ggd=0.038580 lr=1.000000e-05
2026-05-25 13:19:59 | INFO | epoch=5 step=7792/8897 global_step=43380 loss=0.116813 gld=0.076847 lld=0.037525 ggd=0.039590 lr=1.000000e-05
2026-05-25 13:20:06 | INFO | epoch=5 step=7812/8897 global_step=43400 loss=0.071809 gld=0.045644 lld=0.036504 ggd=0.025800 lr=1.000000e-05
2026-05-25 13:20:14 | INFO | epoch=5 step=7832/8897 global_step=43420 loss=0.114646 gld=0.073497 lld=0.041566 ggd=0.040733 lr=1.000000e-05
2026-05-25 13:20:21 | INFO | epoch=5 step=7852/8897 global_step=43440 loss=0.084167 gld=0.056619 lld=0.040197 ggd=0.027147 lr=1.000000e-05
2026-05-25 13:20:29 | INFO | epoch=5 step=7872/8897 global_step=43460 loss=0.065069 gld=0.044459 lld=0.034185 ggd=0.020268 lr=1.000000e-05
2026-05-25 13:20:37 | INFO | epoch=5 step=7892/8897 global_step=43480 loss=0.079436 gld=0.052929 lld=0.039735 ggd=0.026110 lr=1.000000e-05
2026-05-25 13:20:44 | INFO | epoch=5 step=7912/8897 global_step=43500 loss=0.081873 gld=0.055542 lld=0.038298 ggd=0.025947 lr=1.000000e-05
2026-05-25 13:20:51 | INFO | epoch=5 step=7932/8897 global_step=43520 loss=0.082764 gld=0.057016 lld=0.036084 ggd=0.025388 lr=1.000000e-05
2026-05-25 13:20:59 | INFO | epoch=5 step=7952/8897 global_step=43540 loss=0.092642 gld=0.065573 lld=0.038507 ggd=0.026684 lr=1.000000e-05
2026-05-25 13:21:07 | INFO | epoch=5 step=7972/8897 global_step=43560 loss=0.082813 gld=0.055122 lld=0.035231 ggd=0.027339 lr=1.000000e-05
2026-05-25 13:21:14 | INFO | epoch=5 step=7992/8897 global_step=43580 loss=0.089314 gld=0.061350 lld=0.038571 ggd=0.027578 lr=1.000000e-05
2026-05-25 13:21:22 | INFO | epoch=5 step=8012/8897 global_step=43600 loss=0.097374 gld=0.063871 lld=0.042747 ggd=0.033076 lr=1.000000e-05
2026-05-25 13:21:29 | INFO | epoch=5 step=8032/8897 global_step=43620 loss=0.087171 gld=0.055822 lld=0.041368 ggd=0.030935 lr=1.000000e-05
2026-05-25 13:21:36 | INFO | epoch=5 step=8052/8897 global_step=43640 loss=0.073336 gld=0.048139 lld=0.037489 ggd=0.024822 lr=1.000000e-05
2026-05-25 13:21:44 | INFO | epoch=5 step=8072/8897 global_step=43660 loss=0.100155 gld=0.068724 lld=0.041533 ggd=0.031016 lr=1.000000e-05
2026-05-25 13:21:52 | INFO | epoch=5 step=8092/8897 global_step=43680 loss=0.082318 gld=0.054663 lld=0.039232 ggd=0.027263 lr=1.000000e-05
2026-05-25 13:21:59 | INFO | epoch=5 step=8112/8897 global_step=43700 loss=0.097580 gld=0.065212 lld=0.039891 ggd=0.031969 lr=1.000000e-05
2026-05-25 13:22:06 | INFO | epoch=5 step=8132/8897 global_step=43720 loss=0.084745 gld=0.058374 lld=0.036351 ggd=0.026007 lr=1.000000e-05
2026-05-25 13:22:14 | INFO | epoch=5 step=8152/8897 global_step=43740 loss=0.102218 gld=0.066229 lld=0.043039 ggd=0.035559 lr=1.000000e-05
2026-05-25 13:22:22 | INFO | epoch=5 step=8172/8897 global_step=43760 loss=0.105970 gld=0.068261 lld=0.044713 ggd=0.037261 lr=1.000000e-05
2026-05-25 13:22:29 | INFO | epoch=5 step=8192/8897 global_step=43780 loss=0.082279 gld=0.052774 lld=0.038739 ggd=0.029117 lr=1.000000e-05
2026-05-25 13:22:37 | INFO | epoch=5 step=8212/8897 global_step=43800 loss=0.097167 gld=0.063413 lld=0.042875 ggd=0.033326 lr=1.000000e-05
2026-05-25 13:22:45 | INFO | epoch=5 step=8232/8897 global_step=43820 loss=0.107827 gld=0.074380 lld=0.041706 ggd=0.033030 lr=1.000000e-05
2026-05-25 13:22:52 | INFO | epoch=5 step=8252/8897 global_step=43840 loss=0.067446 gld=0.043002 lld=0.037820 ggd=0.024065 lr=1.000000e-05
2026-05-25 13:22:59 | INFO | epoch=5 step=8272/8897 global_step=43860 loss=0.089152 gld=0.056096 lld=0.036602 ggd=0.032690 lr=1.000000e-05
2026-05-25 13:23:07 | INFO | epoch=5 step=8292/8897 global_step=43880 loss=0.108001 gld=0.072284 lld=0.040980 ggd=0.035307 lr=1.000000e-05
2026-05-25 13:23:15 | INFO | epoch=5 step=8312/8897 global_step=43900 loss=0.085924 gld=0.057363 lld=0.036679 ggd=0.028194 lr=1.000000e-05
2026-05-25 13:23:22 | INFO | epoch=5 step=8332/8897 global_step=43920 loss=0.087395 gld=0.056506 lld=0.040012 ggd=0.030489 lr=1.000000e-05
2026-05-25 13:23:30 | INFO | epoch=5 step=8352/8897 global_step=43940 loss=0.091793 gld=0.057486 lld=0.039670 ggd=0.033911 lr=1.000000e-05
2026-05-25 13:23:37 | INFO | epoch=5 step=8372/8897 global_step=43960 loss=0.102487 gld=0.068655 lld=0.038377 ggd=0.033448 lr=1.000000e-05
2026-05-25 13:23:45 | INFO | epoch=5 step=8392/8897 global_step=43980 loss=0.109890 gld=0.071660 lld=0.041386 ggd=0.037816 lr=1.000000e-05
2026-05-25 13:23:52 | INFO | epoch=5 step=8412/8897 global_step=44000 loss=0.122962 gld=0.082491 lld=0.039901 ggd=0.040072 lr=1.000000e-05
2026-05-25 13:24:00 | INFO | epoch=5 step=8432/8897 global_step=44020 loss=0.072835 gld=0.048378 lld=0.039752 ggd=0.024060 lr=1.000000e-05
2026-05-25 13:24:08 | INFO | epoch=5 step=8452/8897 global_step=44040 loss=0.109221 gld=0.072441 lld=0.038602 ggd=0.036394 lr=1.000000e-05
2026-05-25 13:24:15 | INFO | epoch=5 step=8472/8897 global_step=44060 loss=0.101287 gld=0.065605 lld=0.040417 ggd=0.035277 lr=1.000000e-05
2026-05-25 13:24:23 | INFO | epoch=5 step=8492/8897 global_step=44080 loss=0.100178 gld=0.067141 lld=0.039640 ggd=0.032641 lr=1.000000e-05
2026-05-25 13:24:30 | INFO | epoch=5 step=8512/8897 global_step=44100 loss=0.096212 gld=0.064176 lld=0.041200 ggd=0.031625 lr=1.000000e-05
2026-05-25 13:24:37 | INFO | epoch=5 step=8532/8897 global_step=44120 loss=0.088279 gld=0.058265 lld=0.038840 ggd=0.029626 lr=1.000000e-05
2026-05-25 13:24:45 | INFO | epoch=5 step=8552/8897 global_step=44140 loss=0.081854 gld=0.055206 lld=0.039080 ggd=0.026257 lr=1.000000e-05
2026-05-25 13:24:53 | INFO | epoch=5 step=8572/8897 global_step=44160 loss=0.074610 gld=0.047871 lld=0.038083 ggd=0.026358 lr=1.000000e-05
2026-05-25 13:25:01 | INFO | epoch=5 step=8592/8897 global_step=44180 loss=0.090057 gld=0.061353 lld=0.040759 ggd=0.028296 lr=1.000000e-05
2026-05-25 13:25:08 | INFO | epoch=5 step=8612/8897 global_step=44200 loss=0.092086 gld=0.058952 lld=0.039521 ggd=0.032738 lr=1.000000e-05
2026-05-25 13:25:16 | INFO | epoch=5 step=8632/8897 global_step=44220 loss=0.074375 gld=0.049614 lld=0.037027 ggd=0.024391 lr=1.000000e-05
2026-05-25 13:25:23 | INFO | epoch=5 step=8652/8897 global_step=44240 loss=0.088311 gld=0.057271 lld=0.039192 ggd=0.030648 lr=1.000000e-05
2026-05-25 13:25:31 | INFO | epoch=5 step=8672/8897 global_step=44260 loss=0.065683 gld=0.044734 lld=0.037351 ggd=0.020576 lr=1.000000e-05
2026-05-25 13:25:38 | INFO | epoch=5 step=8692/8897 global_step=44280 loss=0.084929 gld=0.057622 lld=0.041306 ggd=0.026894 lr=1.000000e-05
2026-05-25 13:25:46 | INFO | epoch=5 step=8712/8897 global_step=44300 loss=0.089550 gld=0.059664 lld=0.040207 ggd=0.029484 lr=1.000000e-05
2026-05-25 13:25:54 | INFO | epoch=5 step=8732/8897 global_step=44320 loss=0.082506 gld=0.056483 lld=0.038749 ggd=0.025635 lr=1.000000e-05
2026-05-25 13:26:01 | INFO | epoch=5 step=8752/8897 global_step=44340 loss=0.099955 gld=0.064526 lld=0.043285 ggd=0.034996 lr=1.000000e-05
2026-05-25 13:26:08 | INFO | epoch=5 step=8772/8897 global_step=44360 loss=0.082735 gld=0.052756 lld=0.038511 ggd=0.029594 lr=1.000000e-05
2026-05-25 13:26:16 | INFO | epoch=5 step=8792/8897 global_step=44380 loss=0.101301 gld=0.067165 lld=0.040825 ggd=0.033728 lr=1.000000e-05
2026-05-25 13:26:23 | INFO | epoch=5 step=8812/8897 global_step=44400 loss=0.094430 gld=0.064143 lld=0.043059 ggd=0.029856 lr=1.000000e-05
2026-05-25 13:26:31 | INFO | epoch=5 step=8832/8897 global_step=44420 loss=0.084187 gld=0.058263 lld=0.042917 ggd=0.025495 lr=1.000000e-05
2026-05-25 13:26:39 | INFO | epoch=5 step=8852/8897 global_step=44440 loss=0.086811 gld=0.058049 lld=0.037068 ggd=0.028392 lr=1.000000e-05
2026-05-25 13:26:46 | INFO | epoch=5 step=8872/8897 global_step=44460 loss=0.107273 gld=0.067790 lld=0.042034 ggd=0.039062 lr=1.000000e-05
2026-05-25 13:26:54 | INFO | epoch=5 step=8892/8897 global_step=44480 loss=0.091087 gld=0.060218 lld=0.037737 ggd=0.030492 lr=1.000000e-05
2026-05-25 13:26:56 | INFO | [Epoch 5] avg_loss=0.092312 avg_gld=0.061316 avg_lld=0.038701 avg_ggd=0.030609
2026-05-25 13:26:57 | INFO | Saved checkpoint: outputs/pretrain/atas_epoch_5.pt
2026-05-25 13:27:02 | INFO | epoch=6 step=15/8897 global_step=44500 loss=0.089054 gld=0.058258 lld=0.038677 ggd=0.030409 lr=1.000000e-05
2026-05-25 13:27:10 | INFO | epoch=6 step=35/8897 global_step=44520 loss=0.093719 gld=0.061834 lld=0.038356 ggd=0.031502 lr=1.000000e-05
2026-05-25 13:27:18 | INFO | epoch=6 step=55/8897 global_step=44540 loss=0.078842 gld=0.051935 lld=0.037698 ggd=0.026530 lr=1.000000e-05
2026-05-25 13:27:25 | INFO | epoch=6 step=75/8897 global_step=44560 loss=0.084057 gld=0.055145 lld=0.041407 ggd=0.028497 lr=1.000000e-05
2026-05-25 13:27:33 | INFO | epoch=6 step=95/8897 global_step=44580 loss=0.073593 gld=0.046048 lld=0.036493 ggd=0.027180 lr=1.000000e-05
2026-05-25 13:27:40 | INFO | epoch=6 step=115/8897 global_step=44600 loss=0.087832 gld=0.055513 lld=0.042517 ggd=0.031894 lr=1.000000e-05
2026-05-25 13:27:48 | INFO | epoch=6 step=135/8897 global_step=44620 loss=0.096846 gld=0.061153 lld=0.043016 ggd=0.035263 lr=1.000000e-05
2026-05-25 13:27:55 | INFO | epoch=6 step=155/8897 global_step=44640 loss=0.096136 gld=0.068136 lld=0.041423 ggd=0.027586 lr=1.000000e-05
2026-05-25 13:28:03 | INFO | epoch=6 step=175/8897 global_step=44660 loss=0.095326 gld=0.063094 lld=0.041409 ggd=0.031818 lr=1.000000e-05
2026-05-25 13:28:11 | INFO | epoch=6 step=195/8897 global_step=44680 loss=0.077709 gld=0.051478 lld=0.039175 ggd=0.025840 lr=1.000000e-05
2026-05-25 13:28:18 | INFO | epoch=6 step=215/8897 global_step=44700 loss=0.063193 gld=0.040332 lld=0.040704 ggd=0.022454 lr=1.000000e-05
2026-05-25 13:28:25 | INFO | epoch=6 step=235/8897 global_step=44720 loss=0.081724 gld=0.054035 lld=0.039613 ggd=0.027292 lr=1.000000e-05
2026-05-25 13:28:33 | INFO | epoch=6 step=255/8897 global_step=44740 loss=0.081907 gld=0.052321 lld=0.039378 ggd=0.029192 lr=1.000000e-05
2026-05-25 13:28:41 | INFO | epoch=6 step=275/8897 global_step=44760 loss=0.093107 gld=0.058485 lld=0.039096 ggd=0.034231 lr=1.000000e-05
2026-05-25 13:28:48 | INFO | epoch=6 step=295/8897 global_step=44780 loss=0.084239 gld=0.054382 lld=0.041171 ggd=0.029445 lr=1.000000e-05
2026-05-25 13:28:56 | INFO | epoch=6 step=315/8897 global_step=44800 loss=0.108247 gld=0.069278 lld=0.040687 ggd=0.038562 lr=1.000000e-05
2026-05-25 13:29:04 | INFO | epoch=6 step=335/8897 global_step=44820 loss=0.086693 gld=0.059603 lld=0.040229 ggd=0.026688 lr=1.000000e-05
2026-05-25 13:29:11 | INFO | epoch=6 step=355/8897 global_step=44840 loss=0.078314 gld=0.049989 lld=0.038458 ggd=0.027941 lr=1.000000e-05
2026-05-25 13:29:18 | INFO | epoch=6 step=375/8897 global_step=44860 loss=0.101053 gld=0.063107 lld=0.042163 ggd=0.037525 lr=1.000000e-05
2026-05-25 13:29:26 | INFO | epoch=6 step=395/8897 global_step=44880 loss=0.090845 gld=0.059185 lld=0.039845 ggd=0.031262 lr=1.000000e-05
2026-05-25 13:29:34 | INFO | epoch=6 step=415/8897 global_step=44900 loss=0.101769 gld=0.065798 lld=0.042163 ggd=0.035550 lr=1.000000e-05
2026-05-25 13:29:41 | INFO | epoch=6 step=435/8897 global_step=44920 loss=0.087900 gld=0.057974 lld=0.043938 ggd=0.029486 lr=1.000000e-05
2026-05-25 13:29:49 | INFO | epoch=6 step=455/8897 global_step=44940 loss=0.079829 gld=0.052058 lld=0.035907 ggd=0.027412 lr=1.000000e-05
2026-05-25 13:29:56 | INFO | epoch=6 step=475/8897 global_step=44960 loss=0.073173 gld=0.046987 lld=0.038524 ggd=0.025800 lr=1.000000e-05
2026-05-25 13:30:04 | INFO | epoch=6 step=495/8897 global_step=44980 loss=0.104196 gld=0.071420 lld=0.045680 ggd=0.032320 lr=1.000000e-05
2026-05-25 13:30:11 | INFO | epoch=6 step=515/8897 global_step=45000 loss=0.078872 gld=0.053645 lld=0.038878 ggd=0.024839 lr=1.000000e-05
2026-05-25 13:30:19 | INFO | epoch=6 step=535/8897 global_step=45020 loss=0.106239 gld=0.069581 lld=0.043950 ggd=0.036218 lr=1.000000e-05
2026-05-25 13:30:27 | INFO | epoch=6 step=555/8897 global_step=45040 loss=0.100671 gld=0.067648 lld=0.036712 ggd=0.032656 lr=1.000000e-05
2026-05-25 13:30:34 | INFO | epoch=6 step=575/8897 global_step=45060 loss=0.091129 gld=0.060728 lld=0.041658 ggd=0.029985 lr=1.000000e-05
2026-05-25 13:30:41 | INFO | epoch=6 step=595/8897 global_step=45080 loss=0.123193 gld=0.081984 lld=0.047754 ggd=0.040732 lr=1.000000e-05
2026-05-25 13:30:49 | INFO | epoch=6 step=615/8897 global_step=45100 loss=0.085438 gld=0.058210 lld=0.039392 ggd=0.026834 lr=1.000000e-05
2026-05-25 13:30:57 | INFO | epoch=6 step=635/8897 global_step=45120 loss=0.073819 gld=0.047426 lld=0.038129 ggd=0.026011 lr=1.000000e-05
2026-05-25 13:31:04 | INFO | epoch=6 step=655/8897 global_step=45140 loss=0.091061 gld=0.057085 lld=0.042152 ggd=0.033555 lr=1.000000e-05
2026-05-25 13:31:12 | INFO | epoch=6 step=675/8897 global_step=45160 loss=0.098244 gld=0.064021 lld=0.039734 ggd=0.033826 lr=1.000000e-05
2026-05-25 13:31:19 | INFO | epoch=6 step=695/8897 global_step=45180 loss=0.089575 gld=0.062479 lld=0.041859 ggd=0.026678 lr=1.000000e-05
2026-05-25 13:31:26 | INFO | epoch=6 step=715/8897 global_step=45200 loss=0.086135 gld=0.059225 lld=0.041922 ggd=0.026490 lr=1.000000e-05
2026-05-25 13:31:34 | INFO | epoch=6 step=735/8897 global_step=45220 loss=0.090850 gld=0.066908 lld=0.034634 ggd=0.023596 lr=1.000000e-05
2026-05-25 13:31:42 | INFO | epoch=6 step=755/8897 global_step=45240 loss=0.101555 gld=0.068205 lld=0.040110 ggd=0.032950 lr=1.000000e-05
2026-05-25 13:31:49 | INFO | epoch=6 step=775/8897 global_step=45260 loss=0.088493 gld=0.061699 lld=0.040802 ggd=0.026386 lr=1.000000e-05
2026-05-25 13:31:57 | INFO | epoch=6 step=795/8897 global_step=45280 loss=0.085225 gld=0.058639 lld=0.040334 ggd=0.026183 lr=1.000000e-05
2026-05-25 13:32:04 | INFO | epoch=6 step=815/8897 global_step=45300 loss=0.087028 gld=0.055537 lld=0.040315 ggd=0.031087 lr=1.000000e-05
2026-05-25 13:32:12 | INFO | epoch=6 step=835/8897 global_step=45320 loss=0.102441 gld=0.064386 lld=0.041926 ggd=0.037636 lr=1.000000e-05
2026-05-25 13:32:20 | INFO | epoch=6 step=855/8897 global_step=45340 loss=0.113503 gld=0.073743 lld=0.044380 ggd=0.039317 lr=1.000000e-05
2026-05-25 13:32:27 | INFO | epoch=6 step=875/8897 global_step=45360 loss=0.071083 gld=0.045853 lld=0.039983 ggd=0.024830 lr=1.000000e-05
2026-05-25 13:32:35 | INFO | epoch=6 step=895/8897 global_step=45380 loss=0.100715 gld=0.067634 lld=0.041011 ggd=0.032670 lr=1.000000e-05
2026-05-25 13:32:42 | INFO | epoch=6 step=915/8897 global_step=45400 loss=0.090934 gld=0.061865 lld=0.036530 ggd=0.028703 lr=1.000000e-05
2026-05-25 13:32:49 | INFO | epoch=6 step=935/8897 global_step=45420 loss=0.083058 gld=0.055715 lld=0.040829 ggd=0.026936 lr=1.000000e-05
2026-05-25 13:32:57 | INFO | epoch=6 step=955/8897 global_step=45440 loss=0.090639 gld=0.060017 lld=0.040651 ggd=0.030216 lr=1.000000e-05
2026-05-25 13:33:05 | INFO | epoch=6 step=975/8897 global_step=45460 loss=0.082614 gld=0.055134 lld=0.038096 ggd=0.027099 lr=1.000000e-05
2026-05-25 13:33:12 | INFO | epoch=6 step=995/8897 global_step=45480 loss=0.080774 gld=0.054352 lld=0.041644 ggd=0.026005 lr=1.000000e-05
2026-05-25 13:33:19 | INFO | epoch=6 step=1015/8897 global_step=45500 loss=0.079574 gld=0.050415 lld=0.039159 ggd=0.028768 lr=1.000000e-05
2026-05-25 13:33:27 | INFO | epoch=6 step=1035/8897 global_step=45520 loss=0.093382 gld=0.060680 lld=0.038961 ggd=0.032313 lr=1.000000e-05
2026-05-25 13:33:35 | INFO | epoch=6 step=1055/8897 global_step=45540 loss=0.116402 gld=0.076070 lld=0.042864 ggd=0.039904 lr=1.000000e-05
2026-05-25 13:33:42 | INFO | epoch=6 step=1075/8897 global_step=45560 loss=0.132110 gld=0.087227 lld=0.051013 ggd=0.044372 lr=1.000000e-05
2026-05-25 13:33:49 | INFO | epoch=6 step=1095/8897 global_step=45580 loss=0.075568 gld=0.049056 lld=0.038567 ggd=0.026126 lr=1.000000e-05
2026-05-25 13:33:57 | INFO | epoch=6 step=1115/8897 global_step=45600 loss=0.106537 gld=0.070500 lld=0.039468 ggd=0.035642 lr=1.000000e-05
2026-05-25 13:34:05 | INFO | epoch=6 step=1135/8897 global_step=45620 loss=0.104380 gld=0.066863 lld=0.042089 ggd=0.037097 lr=1.000000e-05
2026-05-25 13:34:12 | INFO | epoch=6 step=1155/8897 global_step=45640 loss=0.078094 gld=0.051002 lld=0.041477 ggd=0.026677 lr=1.000000e-05
2026-05-25 13:34:20 | INFO | epoch=6 step=1175/8897 global_step=45660 loss=0.081575 gld=0.056110 lld=0.038486 ggd=0.025080 lr=1.000000e-05
2026-05-25 13:34:28 | INFO | epoch=6 step=1195/8897 global_step=45680 loss=0.078962 gld=0.052001 lld=0.042088 ggd=0.026540 lr=1.000000e-05
2026-05-25 13:34:35 | INFO | epoch=6 step=1215/8897 global_step=45700 loss=0.106079 gld=0.067573 lld=0.042330 ggd=0.038082 lr=1.000000e-05
2026-05-25 13:34:42 | INFO | epoch=6 step=1235/8897 global_step=45720 loss=0.072034 gld=0.050249 lld=0.036452 ggd=0.021420 lr=1.000000e-05
2026-05-25 13:34:50 | INFO | epoch=6 step=1255/8897 global_step=45740 loss=0.079742 gld=0.053488 lld=0.041288 ggd=0.025840 lr=1.000000e-05
2026-05-25 13:34:57 | INFO | epoch=6 step=1275/8897 global_step=45760 loss=0.073864 gld=0.051215 lld=0.041275 ggd=0.022237 lr=1.000000e-05
2026-05-25 13:35:05 | INFO | epoch=6 step=1295/8897 global_step=45780 loss=0.080016 gld=0.053703 lld=0.039186 ggd=0.025921 lr=1.000000e-05
2026-05-25 13:35:12 | INFO | epoch=6 step=1315/8897 global_step=45800 loss=0.112728 gld=0.073670 lld=0.041548 ggd=0.038643 lr=1.000000e-05
2026-05-25 13:35:20 | INFO | epoch=6 step=1335/8897 global_step=45820 loss=0.114929 gld=0.071479 lld=0.042023 ggd=0.043030 lr=1.000000e-05
2026-05-25 13:35:27 | INFO | epoch=6 step=1355/8897 global_step=45840 loss=0.077317 gld=0.048756 lld=0.039461 ggd=0.028167 lr=1.000000e-05
2026-05-25 13:35:35 | INFO | epoch=6 step=1375/8897 global_step=45860 loss=0.102673 gld=0.066312 lld=0.041076 ggd=0.035950 lr=1.000000e-05
2026-05-25 13:35:43 | INFO | epoch=6 step=1395/8897 global_step=45880 loss=0.091103 gld=0.061331 lld=0.041077 ggd=0.029361 lr=1.000000e-05
2026-05-25 13:35:51 | INFO | epoch=6 step=1415/8897 global_step=45900 loss=0.089514 gld=0.060302 lld=0.041513 ggd=0.028797 lr=1.000000e-05
2026-05-25 13:35:58 | INFO | epoch=6 step=1435/8897 global_step=45920 loss=0.105372 gld=0.072632 lld=0.041911 ggd=0.032322 lr=1.000000e-05
2026-05-25 13:36:05 | INFO | epoch=6 step=1455/8897 global_step=45940 loss=0.104981 gld=0.072031 lld=0.041174 ggd=0.032539 lr=1.000000e-05
2026-05-25 13:36:13 | INFO | epoch=6 step=1475/8897 global_step=45960 loss=0.080400 gld=0.053264 lld=0.040833 ggd=0.026728 lr=1.000000e-05
2026-05-25 13:36:20 | INFO | epoch=6 step=1495/8897 global_step=45980 loss=0.109880 gld=0.070326 lld=0.038758 ggd=0.039166 lr=1.000000e-05
2026-05-25 13:36:28 | INFO | epoch=6 step=1515/8897 global_step=46000 loss=0.096332 gld=0.062289 lld=0.039208 ggd=0.033651 lr=1.000000e-05
2026-05-25 13:36:36 | INFO | epoch=6 step=1535/8897 global_step=46020 loss=0.077197 gld=0.050692 lld=0.039797 ggd=0.026107 lr=1.000000e-05
2026-05-25 13:36:43 | INFO | epoch=6 step=1555/8897 global_step=46040 loss=0.130280 gld=0.086543 lld=0.041947 ggd=0.043317 lr=1.000000e-05
2026-05-25 13:36:51 | INFO | epoch=6 step=1575/8897 global_step=46060 loss=0.093873 gld=0.058974 lld=0.041764 ggd=0.034481 lr=1.000000e-05
2026-05-25 13:36:58 | INFO | epoch=6 step=1595/8897 global_step=46080 loss=0.076228 gld=0.049217 lld=0.037957 ggd=0.026632 lr=1.000000e-05
2026-05-25 13:37:06 | INFO | epoch=6 step=1615/8897 global_step=46100 loss=0.098040 gld=0.063644 lld=0.039358 ggd=0.034002 lr=1.000000e-05
2026-05-25 13:37:14 | INFO | epoch=6 step=1635/8897 global_step=46120 loss=0.074257 gld=0.048566 lld=0.038992 ggd=0.025301 lr=1.000000e-05
2026-05-25 13:37:21 | INFO | epoch=6 step=1655/8897 global_step=46140 loss=0.090663 gld=0.059810 lld=0.039759 ggd=0.030455 lr=1.000000e-05
2026-05-25 13:37:28 | INFO | epoch=6 step=1675/8897 global_step=46160 loss=0.090751 gld=0.059128 lld=0.037716 ggd=0.031246 lr=1.000000e-05
2026-05-25 13:37:36 | INFO | epoch=6 step=1695/8897 global_step=46180 loss=0.083423 gld=0.054945 lld=0.037837 ggd=0.028099 lr=1.000000e-05
2026-05-25 13:37:43 | INFO | epoch=6 step=1715/8897 global_step=46200 loss=0.072954 gld=0.046737 lld=0.042070 ggd=0.025797 lr=1.000000e-05
2026-05-25 13:37:51 | INFO | epoch=6 step=1735/8897 global_step=46220 loss=0.104488 gld=0.066033 lld=0.043473 ggd=0.038021 lr=1.000000e-05
2026-05-25 13:37:59 | INFO | epoch=6 step=1755/8897 global_step=46240 loss=0.105217 gld=0.073027 lld=0.039977 ggd=0.031791 lr=1.000000e-05
2026-05-25 13:38:06 | INFO | epoch=6 step=1775/8897 global_step=46260 loss=0.081550 gld=0.050917 lld=0.042979 ggd=0.030203 lr=1.000000e-05
2026-05-25 13:38:14 | INFO | epoch=6 step=1795/8897 global_step=46280 loss=0.098448 gld=0.066483 lld=0.040121 ggd=0.031564 lr=1.000000e-05
2026-05-25 13:38:21 | INFO | epoch=6 step=1815/8897 global_step=46300 loss=0.072923 gld=0.048082 lld=0.040916 ggd=0.024433 lr=1.000000e-05
2026-05-25 13:38:29 | INFO | epoch=6 step=1835/8897 global_step=46320 loss=0.094628 gld=0.061145 lld=0.040573 ggd=0.033077 lr=1.000000e-05
2026-05-25 13:38:36 | INFO | epoch=6 step=1855/8897 global_step=46340 loss=0.100558 gld=0.070882 lld=0.039563 ggd=0.029280 lr=1.000000e-05
2026-05-25 13:38:44 | INFO | epoch=6 step=1875/8897 global_step=46360 loss=0.079417 gld=0.052091 lld=0.039600 ggd=0.026930 lr=1.000000e-05
2026-05-25 13:38:51 | INFO | epoch=6 step=1895/8897 global_step=46380 loss=0.089868 gld=0.058341 lld=0.039047 ggd=0.031137 lr=1.000000e-05
2026-05-25 13:38:59 | INFO | epoch=6 step=1915/8897 global_step=46400 loss=0.090470 gld=0.059912 lld=0.040304 ggd=0.030154 lr=1.000000e-05
2026-05-25 13:39:06 | INFO | epoch=6 step=1935/8897 global_step=46420 loss=0.090548 gld=0.062950 lld=0.037683 ggd=0.027222 lr=1.000000e-05
2026-05-25 13:39:14 | INFO | epoch=6 step=1955/8897 global_step=46440 loss=0.088847 gld=0.058222 lld=0.038964 ggd=0.030235 lr=1.000000e-05
2026-05-25 13:39:22 | INFO | epoch=6 step=1975/8897 global_step=46460 loss=0.074833 gld=0.048241 lld=0.037451 ggd=0.026218 lr=1.000000e-05
2026-05-25 13:39:29 | INFO | epoch=6 step=1995/8897 global_step=46480 loss=0.076681 gld=0.051843 lld=0.041173 ggd=0.024426 lr=1.000000e-05
2026-05-25 13:39:36 | INFO | epoch=6 step=2015/8897 global_step=46500 loss=0.102328 gld=0.069353 lld=0.041285 ggd=0.032562 lr=1.000000e-05
2026-05-25 13:39:44 | INFO | epoch=6 step=2035/8897 global_step=46520 loss=0.091497 gld=0.059262 lld=0.039622 ggd=0.031839 lr=1.000000e-05
2026-05-25 13:39:52 | INFO | epoch=6 step=2055/8897 global_step=46540 loss=0.119720 gld=0.076358 lld=0.044009 ggd=0.042921 lr=1.000000e-05
2026-05-25 13:39:59 | INFO | epoch=6 step=2075/8897 global_step=46560 loss=0.110742 gld=0.073907 lld=0.043304 ggd=0.036402 lr=1.000000e-05
2026-05-25 13:40:07 | INFO | epoch=6 step=2095/8897 global_step=46580 loss=0.098116 gld=0.067350 lld=0.041271 ggd=0.030353 lr=1.000000e-05
2026-05-25 13:40:15 | INFO | epoch=6 step=2115/8897 global_step=46600 loss=0.089865 gld=0.059366 lld=0.043186 ggd=0.030067 lr=1.000000e-05
2026-05-25 13:40:22 | INFO | epoch=6 step=2135/8897 global_step=46620 loss=0.072959 gld=0.050561 lld=0.038740 ggd=0.022010 lr=1.000000e-05
2026-05-25 13:40:29 | INFO | epoch=6 step=2155/8897 global_step=46640 loss=0.087262 gld=0.055302 lld=0.040983 ggd=0.031550 lr=1.000000e-05
2026-05-25 13:40:37 | INFO | epoch=6 step=2175/8897 global_step=46660 loss=0.081332 gld=0.053916 lld=0.041264 ggd=0.027004 lr=1.000000e-05
2026-05-25 13:40:45 | INFO | epoch=6 step=2195/8897 global_step=46680 loss=0.103999 gld=0.067843 lld=0.045255 ggd=0.035703 lr=1.000000e-05
2026-05-25 13:40:52 | INFO | epoch=6 step=2215/8897 global_step=46700 loss=0.102905 gld=0.069145 lld=0.039411 ggd=0.033366 lr=1.000000e-05
2026-05-25 13:40:59 | INFO | epoch=6 step=2235/8897 global_step=46720 loss=0.077021 gld=0.050326 lld=0.038790 ggd=0.026307 lr=1.000000e-05
2026-05-25 13:41:07 | INFO | epoch=6 step=2255/8897 global_step=46740 loss=0.067394 gld=0.044190 lld=0.040901 ggd=0.022795 lr=1.000000e-05
2026-05-25 13:41:14 | INFO | epoch=6 step=2275/8897 global_step=46760 loss=0.077759 gld=0.049961 lld=0.041115 ggd=0.027386 lr=1.000000e-05
2026-05-25 13:41:22 | INFO | epoch=6 step=2295/8897 global_step=46780 loss=0.108487 gld=0.071213 lld=0.042887 ggd=0.036845 lr=1.000000e-05
2026-05-25 13:41:30 | INFO | epoch=6 step=2315/8897 global_step=46800 loss=0.071964 gld=0.048353 lld=0.039710 ggd=0.023214 lr=1.000000e-05
2026-05-25 13:41:38 | INFO | epoch=6 step=2335/8897 global_step=46820 loss=0.123320 gld=0.081395 lld=0.044525 ggd=0.041480 lr=1.000000e-05
2026-05-25 13:41:45 | INFO | epoch=6 step=2355/8897 global_step=46840 loss=0.081501 gld=0.052819 lld=0.037918 ggd=0.028303 lr=1.000000e-05
2026-05-25 13:41:52 | INFO | epoch=6 step=2375/8897 global_step=46860 loss=0.080118 gld=0.050093 lld=0.038743 ggd=0.029638 lr=1.000000e-05
2026-05-25 13:42:00 | INFO | epoch=6 step=2395/8897 global_step=46880 loss=0.078955 gld=0.051986 lld=0.038735 ggd=0.026581 lr=1.000000e-05
2026-05-25 13:42:07 | INFO | epoch=6 step=2415/8897 global_step=46900 loss=0.080970 gld=0.053928 lld=0.041786 ggd=0.026624 lr=1.000000e-05
2026-05-25 13:42:15 | INFO | epoch=6 step=2435/8897 global_step=46920 loss=0.108507 gld=0.071020 lld=0.043666 ggd=0.037050 lr=1.000000e-05
2026-05-25 13:42:23 | INFO | epoch=6 step=2455/8897 global_step=46940 loss=0.089840 gld=0.058532 lld=0.038463 ggd=0.030924 lr=1.000000e-05
2026-05-25 13:42:30 | INFO | epoch=6 step=2475/8897 global_step=46960 loss=0.119446 gld=0.081155 lld=0.044487 ggd=0.037847 lr=1.000000e-05
2026-05-25 13:42:37 | INFO | epoch=6 step=2495/8897 global_step=46980 loss=0.098357 gld=0.065794 lld=0.043072 ggd=0.032132 lr=1.000000e-05
2026-05-25 13:42:45 | INFO | epoch=6 step=2515/8897 global_step=47000 loss=0.081609 gld=0.053169 lld=0.040250 ggd=0.028037 lr=1.000000e-05
2026-05-25 13:42:53 | INFO | epoch=6 step=2535/8897 global_step=47020 loss=0.085493 gld=0.056857 lld=0.044587 ggd=0.028190 lr=1.000000e-05
2026-05-25 13:43:00 | INFO | epoch=6 step=2555/8897 global_step=47040 loss=0.095329 gld=0.061953 lld=0.043107 ggd=0.032945 lr=1.000000e-05
2026-05-25 13:43:08 | INFO | epoch=6 step=2575/8897 global_step=47060 loss=0.084785 gld=0.055925 lld=0.043415 ggd=0.028426 lr=1.000000e-05
2026-05-25 13:43:15 | INFO | epoch=6 step=2595/8897 global_step=47080 loss=0.077788 gld=0.049186 lld=0.041507 ggd=0.028188 lr=1.000000e-05
2026-05-25 13:43:23 | INFO | epoch=6 step=2615/8897 global_step=47100 loss=0.080697 gld=0.053282 lld=0.041810 ggd=0.026997 lr=1.000000e-05
2026-05-25 13:43:30 | INFO | epoch=6 step=2635/8897 global_step=47120 loss=0.081972 gld=0.050575 lld=0.042146 ggd=0.030976 lr=1.000000e-05
2026-05-25 13:43:38 | INFO | epoch=6 step=2655/8897 global_step=47140 loss=0.087405 gld=0.056478 lld=0.039576 ggd=0.030532 lr=1.000000e-05
2026-05-25 13:43:46 | INFO | epoch=6 step=2675/8897 global_step=47160 loss=0.084476 gld=0.053812 lld=0.043088 ggd=0.030233 lr=1.000000e-05
2026-05-25 13:43:53 | INFO | epoch=6 step=2695/8897 global_step=47180 loss=0.095821 gld=0.061704 lld=0.039539 ggd=0.033722 lr=1.000000e-05
2026-05-25 13:44:00 | INFO | epoch=6 step=2715/8897 global_step=47200 loss=0.084380 gld=0.054946 lld=0.041593 ggd=0.029018 lr=1.000000e-05
2026-05-25 13:44:08 | INFO | epoch=6 step=2735/8897 global_step=47220 loss=0.094943 gld=0.058999 lld=0.037906 ggd=0.035565 lr=1.000000e-05
2026-05-25 13:44:16 | INFO | epoch=6 step=2755/8897 global_step=47240 loss=0.080669 gld=0.051687 lld=0.042349 ggd=0.028558 lr=1.000000e-05
2026-05-25 13:44:23 | INFO | epoch=6 step=2775/8897 global_step=47260 loss=0.079655 gld=0.049857 lld=0.045215 ggd=0.029346 lr=1.000000e-05
2026-05-25 13:44:30 | INFO | epoch=6 step=2795/8897 global_step=47280 loss=0.076584 gld=0.050695 lld=0.039098 ggd=0.025498 lr=1.000000e-05
2026-05-25 13:44:38 | INFO | epoch=6 step=2815/8897 global_step=47300 loss=0.078072 gld=0.050654 lld=0.039957 ggd=0.027018 lr=1.000000e-05
2026-05-25 13:44:45 | INFO | epoch=6 step=2835/8897 global_step=47320 loss=0.124734 gld=0.079208 lld=0.039104 ggd=0.045135 lr=1.000000e-05
2026-05-25 13:44:53 | INFO | epoch=6 step=2855/8897 global_step=47340 loss=0.107503 gld=0.068431 lld=0.044559 ggd=0.038626 lr=1.000000e-05
2026-05-25 13:45:01 | INFO | epoch=6 step=2875/8897 global_step=47360 loss=0.103874 gld=0.069678 lld=0.045206 ggd=0.033744 lr=1.000000e-05
2026-05-25 13:45:08 | INFO | epoch=6 step=2895/8897 global_step=47380 loss=0.081092 gld=0.055122 lld=0.037763 ggd=0.025592 lr=1.000000e-05
2026-05-25 13:45:16 | INFO | epoch=6 step=2915/8897 global_step=47400 loss=0.084737 gld=0.054410 lld=0.039970 ggd=0.029927 lr=1.000000e-05
2026-05-25 13:45:23 | INFO | epoch=6 step=2935/8897 global_step=47420 loss=0.077468 gld=0.051417 lld=0.044591 ggd=0.025605 lr=1.000000e-05
2026-05-25 13:45:31 | INFO | epoch=6 step=2955/8897 global_step=47440 loss=0.081297 gld=0.052681 lld=0.040884 ggd=0.028208 lr=1.000000e-05
2026-05-25 13:45:38 | INFO | epoch=6 step=2975/8897 global_step=47460 loss=0.087205 gld=0.056230 lld=0.041441 ggd=0.030560 lr=1.000000e-05
2026-05-25 13:45:46 | INFO | epoch=6 step=2995/8897 global_step=47480 loss=0.083294 gld=0.054462 lld=0.040885 ggd=0.028423 lr=1.000000e-05
2026-05-25 13:45:54 | INFO | epoch=6 step=3015/8897 global_step=47500 loss=0.082141 gld=0.055271 lld=0.041559 ggd=0.026455 lr=1.000000e-05
2026-05-25 13:46:01 | INFO | epoch=6 step=3035/8897 global_step=47520 loss=0.103455 gld=0.070963 lld=0.044132 ggd=0.032051 lr=1.000000e-05
2026-05-25 13:46:08 | INFO | epoch=6 step=3055/8897 global_step=47540 loss=0.088091 gld=0.059141 lld=0.041788 ggd=0.028532 lr=1.000000e-05
2026-05-25 13:46:16 | INFO | epoch=6 step=3075/8897 global_step=47560 loss=0.099441 gld=0.066922 lld=0.039417 ggd=0.032125 lr=1.000000e-05
2026-05-25 13:46:24 | INFO | epoch=6 step=3095/8897 global_step=47580 loss=0.079861 gld=0.052983 lld=0.039859 ggd=0.026480 lr=1.000000e-05
2026-05-25 13:46:31 | INFO | epoch=6 step=3115/8897 global_step=47600 loss=0.091746 gld=0.061506 lld=0.041571 ggd=0.029824 lr=1.000000e-05
2026-05-25 13:46:39 | INFO | epoch=6 step=3135/8897 global_step=47620 loss=0.061555 gld=0.039032 lld=0.037533 ggd=0.022149 lr=1.000000e-05
2026-05-25 13:46:46 | INFO | epoch=6 step=3155/8897 global_step=47640 loss=0.085455 gld=0.055227 lld=0.044245 ggd=0.029786 lr=1.000000e-05
2026-05-25 13:46:54 | INFO | epoch=6 step=3175/8897 global_step=47660 loss=0.074160 gld=0.048319 lld=0.043794 ggd=0.025403 lr=1.000000e-05
2026-05-25 13:47:01 | INFO | epoch=6 step=3195/8897 global_step=47680 loss=0.083866 gld=0.058829 lld=0.039424 ggd=0.024643 lr=1.000000e-05
2026-05-25 13:47:09 | INFO | epoch=6 step=3215/8897 global_step=47700 loss=0.088532 gld=0.056503 lld=0.042755 ggd=0.031602 lr=1.000000e-05
2026-05-25 13:47:17 | INFO | epoch=6 step=3235/8897 global_step=47720 loss=0.091063 gld=0.058943 lld=0.042250 ggd=0.031698 lr=1.000000e-05
2026-05-25 13:47:24 | INFO | epoch=6 step=3255/8897 global_step=47740 loss=0.105999 gld=0.068861 lld=0.043167 ggd=0.036707 lr=1.000000e-05
2026-05-25 13:47:31 | INFO | epoch=6 step=3275/8897 global_step=47760 loss=0.126233 gld=0.082145 lld=0.042784 ggd=0.043660 lr=1.000000e-05
2026-05-25 13:47:39 | INFO | epoch=6 step=3295/8897 global_step=47780 loss=0.079406 gld=0.054454 lld=0.040550 ggd=0.024547 lr=1.000000e-05
2026-05-25 13:47:47 | INFO | epoch=6 step=3315/8897 global_step=47800 loss=0.087813 gld=0.056519 lld=0.040597 ggd=0.030888 lr=1.000000e-05
2026-05-25 13:47:54 | INFO | epoch=6 step=3335/8897 global_step=47820 loss=0.086794 gld=0.056215 lld=0.042305 ggd=0.030156 lr=1.000000e-05
2026-05-25 13:48:02 | INFO | epoch=6 step=3355/8897 global_step=47840 loss=0.073026 gld=0.047499 lld=0.036706 ggd=0.025160 lr=1.000000e-05
2026-05-25 13:48:09 | INFO | epoch=6 step=3375/8897 global_step=47860 loss=0.090011 gld=0.058846 lld=0.042082 ggd=0.030744 lr=1.000000e-05
2026-05-25 13:48:16 | INFO | epoch=6 step=3395/8897 global_step=47880 loss=0.074487 gld=0.049194 lld=0.039709 ggd=0.024895 lr=1.000000e-05
2026-05-25 13:48:24 | INFO | epoch=6 step=3415/8897 global_step=47900 loss=0.065402 gld=0.043372 lld=0.037498 ggd=0.021655 lr=1.000000e-05
2026-05-25 13:48:32 | INFO | epoch=6 step=3435/8897 global_step=47920 loss=0.096657 gld=0.063110 lld=0.041507 ggd=0.033132 lr=1.000000e-05
2026-05-25 13:48:40 | INFO | epoch=6 step=3455/8897 global_step=47940 loss=0.091800 gld=0.059059 lld=0.041002 ggd=0.032331 lr=1.000000e-05
2026-05-25 13:48:47 | INFO | epoch=6 step=3475/8897 global_step=47960 loss=0.087800 gld=0.057240 lld=0.039397 ggd=0.030166 lr=1.000000e-05
2026-05-25 13:48:54 | INFO | epoch=6 step=3495/8897 global_step=47980 loss=0.090130 gld=0.056860 lld=0.044123 ggd=0.032829 lr=1.000000e-05
2026-05-25 13:49:02 | INFO | epoch=6 step=3515/8897 global_step=48000 loss=0.107007 gld=0.068611 lld=0.039778 ggd=0.037999 lr=1.000000e-05
2026-05-25 13:49:09 | INFO | epoch=6 step=3535/8897 global_step=48020 loss=0.065764 gld=0.043958 lld=0.037787 ggd=0.021428 lr=1.000000e-05
2026-05-25 13:49:17 | INFO | epoch=6 step=3555/8897 global_step=48040 loss=0.078534 gld=0.051844 lld=0.041589 ggd=0.026274 lr=1.000000e-05
2026-05-25 13:49:25 | INFO | epoch=6 step=3575/8897 global_step=48060 loss=0.083940 gld=0.055149 lld=0.042527 ggd=0.028367 lr=1.000000e-05
2026-05-25 13:49:32 | INFO | epoch=6 step=3595/8897 global_step=48080 loss=0.078792 gld=0.053490 lld=0.040023 ggd=0.024903 lr=1.000000e-05
2026-05-25 13:49:40 | INFO | epoch=6 step=3615/8897 global_step=48100 loss=0.077973 gld=0.050823 lld=0.041502 ggd=0.026736 lr=1.000000e-05
2026-05-25 13:49:47 | INFO | epoch=6 step=3635/8897 global_step=48120 loss=0.102948 gld=0.064668 lld=0.040798 ggd=0.037873 lr=1.000000e-05
2026-05-25 13:49:55 | INFO | epoch=6 step=3655/8897 global_step=48140 loss=0.080546 gld=0.052491 lld=0.040694 ggd=0.027649 lr=1.000000e-05
2026-05-25 13:50:02 | INFO | epoch=6 step=3675/8897 global_step=48160 loss=0.086731 gld=0.056035 lld=0.042043 ggd=0.030276 lr=1.000000e-05
2026-05-25 13:50:10 | INFO | epoch=6 step=3695/8897 global_step=48180 loss=0.086818 gld=0.054664 lld=0.040409 ggd=0.031750 lr=1.000000e-05
2026-05-25 13:50:18 | INFO | epoch=6 step=3715/8897 global_step=48200 loss=0.110880 gld=0.075965 lld=0.042752 ggd=0.034488 lr=1.000000e-05
2026-05-25 13:50:25 | INFO | epoch=6 step=3735/8897 global_step=48220 loss=0.093260 gld=0.060037 lld=0.042432 ggd=0.032799 lr=1.000000e-05
2026-05-25 13:50:33 | INFO | epoch=6 step=3755/8897 global_step=48240 loss=0.075751 gld=0.051463 lld=0.043020 ggd=0.023858 lr=1.000000e-05
2026-05-25 13:50:40 | INFO | epoch=6 step=3775/8897 global_step=48260 loss=0.082845 gld=0.053837 lld=0.044005 ggd=0.028568 lr=1.000000e-05
2026-05-25 13:50:48 | INFO | epoch=6 step=3795/8897 global_step=48280 loss=0.088736 gld=0.058200 lld=0.040854 ggd=0.030128 lr=1.000000e-05
2026-05-25 13:50:56 | INFO | epoch=6 step=3815/8897 global_step=48300 loss=0.076095 gld=0.048543 lld=0.044223 ggd=0.027110 lr=1.000000e-05
2026-05-25 13:51:03 | INFO | epoch=6 step=3835/8897 global_step=48320 loss=0.071679 gld=0.047022 lld=0.039110 ggd=0.024266 lr=1.000000e-05
2026-05-25 13:51:10 | INFO | epoch=6 step=3855/8897 global_step=48340 loss=0.091584 gld=0.060163 lld=0.043659 ggd=0.030984 lr=1.000000e-05
2026-05-25 13:51:18 | INFO | epoch=6 step=3875/8897 global_step=48360 loss=0.088466 gld=0.057931 lld=0.045287 ggd=0.030083 lr=1.000000e-05
2026-05-25 13:51:25 | INFO | epoch=6 step=3895/8897 global_step=48380 loss=0.097998 gld=0.068216 lld=0.042946 ggd=0.029353 lr=1.000000e-05
2026-05-25 13:51:33 | INFO | epoch=6 step=3915/8897 global_step=48400 loss=0.078164 gld=0.051615 lld=0.041482 ggd=0.026134 lr=1.000000e-05
2026-05-25 13:51:41 | INFO | epoch=6 step=3935/8897 global_step=48420 loss=0.076175 gld=0.051439 lld=0.042090 ggd=0.024316 lr=1.000000e-05
2026-05-25 13:51:48 | INFO | epoch=6 step=3955/8897 global_step=48440 loss=0.094810 gld=0.065937 lld=0.044541 ggd=0.028427 lr=1.000000e-05
2026-05-25 13:51:56 | INFO | epoch=6 step=3975/8897 global_step=48460 loss=0.091947 gld=0.059239 lld=0.045265 ggd=0.032256 lr=1.000000e-05
2026-05-25 13:52:03 | INFO | epoch=6 step=3995/8897 global_step=48480 loss=0.104162 gld=0.066507 lld=0.041623 ggd=0.037239 lr=1.000000e-05
2026-05-25 13:52:11 | INFO | epoch=6 step=4015/8897 global_step=48500 loss=0.088294 gld=0.055622 lld=0.042459 ggd=0.032247 lr=1.000000e-05
2026-05-25 13:52:18 | INFO | epoch=6 step=4035/8897 global_step=48520 loss=0.092846 gld=0.058552 lld=0.040997 ggd=0.033884 lr=1.000000e-05
2026-05-25 13:52:26 | INFO | epoch=6 step=4055/8897 global_step=48540 loss=0.096482 gld=0.061754 lld=0.042812 ggd=0.034300 lr=1.000000e-05
2026-05-25 13:52:34 | INFO | epoch=6 step=4075/8897 global_step=48560 loss=0.108225 gld=0.067643 lld=0.043630 ggd=0.040146 lr=1.000000e-05
2026-05-25 13:52:41 | INFO | epoch=6 step=4095/8897 global_step=48580 loss=0.090411 gld=0.063367 lld=0.038961 ggd=0.026654 lr=1.000000e-05
2026-05-25 13:52:48 | INFO | epoch=6 step=4115/8897 global_step=48600 loss=0.087485 gld=0.058443 lld=0.043838 ggd=0.028603 lr=1.000000e-05
2026-05-25 13:52:56 | INFO | epoch=6 step=4135/8897 global_step=48620 loss=0.090453 gld=0.061453 lld=0.040149 ggd=0.028598 lr=1.000000e-05
2026-05-25 13:53:02 | INFO | epoch=6 step=4155/8897 global_step=48640 loss=0.093631 gld=0.058052 lld=0.043326 ggd=0.035145 lr=1.000000e-05
2026-05-25 13:53:09 | INFO | epoch=6 step=4175/8897 global_step=48660 loss=0.080364 gld=0.053115 lld=0.039762 ggd=0.026851 lr=1.000000e-05
2026-05-25 13:53:17 | INFO | epoch=6 step=4195/8897 global_step=48680 loss=0.105991 gld=0.067243 lld=0.044255 ggd=0.038306 lr=1.000000e-05
2026-05-25 13:53:25 | INFO | epoch=6 step=4215/8897 global_step=48700 loss=0.069943 gld=0.045701 lld=0.040777 ggd=0.023834 lr=1.000000e-05
2026-05-25 13:53:32 | INFO | epoch=6 step=4235/8897 global_step=48720 loss=0.078071 gld=0.052901 lld=0.037688 ggd=0.024793 lr=1.000000e-05
2026-05-25 13:53:39 | INFO | epoch=6 step=4255/8897 global_step=48740 loss=0.099296 gld=0.064757 lld=0.040159 ggd=0.034138 lr=1.000000e-05
2026-05-25 13:53:47 | INFO | epoch=6 step=4275/8897 global_step=48760 loss=0.082385 gld=0.055816 lld=0.038760 ggd=0.026181 lr=1.000000e-05
2026-05-25 13:53:54 | INFO | epoch=6 step=4295/8897 global_step=48780 loss=0.100021 gld=0.063438 lld=0.042312 ggd=0.036160 lr=1.000000e-05
2026-05-25 13:54:02 | INFO | epoch=6 step=4315/8897 global_step=48800 loss=0.095077 gld=0.065190 lld=0.043082 ggd=0.029457 lr=1.000000e-05
2026-05-25 13:54:10 | INFO | epoch=6 step=4335/8897 global_step=48820 loss=0.089021 gld=0.059611 lld=0.040767 ggd=0.029002 lr=1.000000e-05
2026-05-25 13:54:17 | INFO | epoch=6 step=4355/8897 global_step=48840 loss=0.078088 gld=0.050833 lld=0.044139 ggd=0.026813 lr=1.000000e-05
2026-05-25 13:54:24 | INFO | epoch=6 step=4375/8897 global_step=48860 loss=0.085100 gld=0.052157 lld=0.041431 ggd=0.032529 lr=1.000000e-05
2026-05-25 13:54:32 | INFO | epoch=6 step=4395/8897 global_step=48880 loss=0.093733 gld=0.058743 lld=0.042394 ggd=0.034566 lr=1.000000e-05
2026-05-25 13:54:40 | INFO | epoch=6 step=4415/8897 global_step=48900 loss=0.090315 gld=0.059775 lld=0.042095 ggd=0.030119 lr=1.000000e-05
2026-05-25 13:54:47 | INFO | epoch=6 step=4435/8897 global_step=48920 loss=0.072209 gld=0.047263 lld=0.039230 ggd=0.024553 lr=1.000000e-05
2026-05-25 13:54:55 | INFO | epoch=6 step=4455/8897 global_step=48940 loss=0.093736 gld=0.060598 lld=0.044974 ggd=0.032688 lr=1.000000e-05
2026-05-25 13:55:02 | INFO | epoch=6 step=4475/8897 global_step=48960 loss=0.115464 gld=0.075537 lld=0.045071 ggd=0.039476 lr=1.000000e-05
2026-05-25 13:55:10 | INFO | epoch=6 step=4495/8897 global_step=48980 loss=0.072174 gld=0.048673 lld=0.037480 ggd=0.023126 lr=1.000000e-05
2026-05-25 13:55:17 | INFO | epoch=6 step=4515/8897 global_step=49000 loss=0.098997 gld=0.064651 lld=0.041647 ggd=0.033929 lr=1.000000e-05
2026-05-25 13:55:25 | INFO | epoch=6 step=4535/8897 global_step=49020 loss=0.063974 gld=0.042612 lld=0.043317 ggd=0.020929 lr=1.000000e-05
2026-05-25 13:55:33 | INFO | epoch=6 step=4555/8897 global_step=49040 loss=0.096014 gld=0.062510 lld=0.040236 ggd=0.033102 lr=1.000000e-05
2026-05-25 13:55:40 | INFO | epoch=6 step=4575/8897 global_step=49060 loss=0.098319 gld=0.066059 lld=0.043400 ggd=0.031825 lr=1.000000e-05
2026-05-25 13:55:47 | INFO | epoch=6 step=4595/8897 global_step=49080 loss=0.086539 gld=0.055441 lld=0.044865 ggd=0.030650 lr=1.000000e-05
2026-05-25 13:55:55 | INFO | epoch=6 step=4615/8897 global_step=49100 loss=0.093514 gld=0.060762 lld=0.042432 ggd=0.032328 lr=1.000000e-05
2026-05-25 13:56:02 | INFO | epoch=6 step=4635/8897 global_step=49120 loss=0.105030 gld=0.074585 lld=0.043365 ggd=0.030011 lr=1.000000e-05
2026-05-25 13:56:10 | INFO | epoch=6 step=4655/8897 global_step=49140 loss=0.127658 gld=0.082588 lld=0.041680 ggd=0.044653 lr=1.000000e-05
2026-05-25 13:56:17 | INFO | epoch=6 step=4675/8897 global_step=49160 loss=0.098923 gld=0.068443 lld=0.040814 ggd=0.030071 lr=1.000000e-05
2026-05-25 13:56:25 | INFO | epoch=6 step=4695/8897 global_step=49180 loss=0.094540 gld=0.062320 lld=0.041827 ggd=0.031801 lr=1.000000e-05
2026-05-25 13:56:32 | INFO | epoch=6 step=4715/8897 global_step=49200 loss=0.107833 gld=0.068499 lld=0.042040 ggd=0.038913 lr=1.000000e-05
2026-05-25 13:56:40 | INFO | epoch=6 step=4735/8897 global_step=49220 loss=0.091218 gld=0.059372 lld=0.045196 ggd=0.031395 lr=1.000000e-05
2026-05-25 13:56:48 | INFO | epoch=6 step=4755/8897 global_step=49240 loss=0.079909 gld=0.051159 lld=0.039794 ggd=0.028352 lr=1.000000e-05
2026-05-25 13:56:55 | INFO | epoch=6 step=4775/8897 global_step=49260 loss=0.088361 gld=0.059546 lld=0.043446 ggd=0.028381 lr=1.000000e-05
2026-05-25 13:57:02 | INFO | epoch=6 step=4795/8897 global_step=49280 loss=0.091180 gld=0.057412 lld=0.043135 ggd=0.033336 lr=1.000000e-05
2026-05-25 13:57:10 | INFO | epoch=6 step=4815/8897 global_step=49300 loss=0.077211 gld=0.049400 lld=0.042093 ggd=0.027390 lr=1.000000e-05
2026-05-25 13:57:18 | INFO | epoch=6 step=4835/8897 global_step=49320 loss=0.082689 gld=0.055901 lld=0.043085 ggd=0.026357 lr=1.000000e-05
2026-05-25 13:57:25 | INFO | epoch=6 step=4855/8897 global_step=49340 loss=0.125612 gld=0.079938 lld=0.046035 ggd=0.045213 lr=1.000000e-05
2026-05-25 13:57:33 | INFO | epoch=6 step=4875/8897 global_step=49360 loss=0.078244 gld=0.049811 lld=0.045529 ggd=0.027977 lr=1.000000e-05
2026-05-25 13:57:40 | INFO | epoch=6 step=4895/8897 global_step=49380 loss=0.087779 gld=0.057886 lld=0.043957 ggd=0.029454 lr=1.000000e-05
2026-05-25 13:57:48 | INFO | epoch=6 step=4915/8897 global_step=49400 loss=0.096013 gld=0.064639 lld=0.043565 ggd=0.030938 lr=1.000000e-05
2026-05-25 13:57:55 | INFO | epoch=6 step=4935/8897 global_step=49420 loss=0.070034 gld=0.046644 lld=0.039797 ggd=0.022992 lr=1.000000e-05
2026-05-25 13:58:03 | INFO | epoch=6 step=4955/8897 global_step=49440 loss=0.079966 gld=0.052097 lld=0.039975 ggd=0.027469 lr=1.000000e-05
2026-05-25 13:58:11 | INFO | epoch=6 step=4975/8897 global_step=49460 loss=0.086983 gld=0.055220 lld=0.043287 ggd=0.031331 lr=1.000000e-05
2026-05-25 13:58:18 | INFO | epoch=6 step=4995/8897 global_step=49480 loss=0.093368 gld=0.061580 lld=0.038112 ggd=0.031407 lr=1.000000e-05
2026-05-25 13:58:26 | INFO | epoch=6 step=5015/8897 global_step=49500 loss=0.084408 gld=0.053959 lld=0.044779 ggd=0.030001 lr=1.000000e-05
2026-05-25 13:58:33 | INFO | epoch=6 step=5035/8897 global_step=49520 loss=0.097808 gld=0.064609 lld=0.041507 ggd=0.032785 lr=1.000000e-05
2026-05-25 13:58:40 | INFO | epoch=6 step=5055/8897 global_step=49540 loss=0.084029 gld=0.052968 lld=0.041522 ggd=0.030646 lr=1.000000e-05
2026-05-25 13:58:48 | INFO | epoch=6 step=5075/8897 global_step=49560 loss=0.114292 gld=0.073823 lld=0.044703 ggd=0.040022 lr=1.000000e-05
2026-05-25 13:58:56 | INFO | epoch=6 step=5095/8897 global_step=49580 loss=0.087519 gld=0.058110 lld=0.044272 ggd=0.028966 lr=1.000000e-05
2026-05-25 13:59:03 | INFO | epoch=6 step=5115/8897 global_step=49600 loss=0.103428 gld=0.070388 lld=0.039882 ggd=0.032641 lr=1.000000e-05
2026-05-25 13:59:11 | INFO | epoch=6 step=5135/8897 global_step=49620 loss=0.117283 gld=0.078061 lld=0.042613 ggd=0.038795 lr=1.000000e-05
2026-05-25 13:59:18 | INFO | epoch=6 step=5155/8897 global_step=49640 loss=0.098370 gld=0.066050 lld=0.042392 ggd=0.031897 lr=1.000000e-05
2026-05-25 13:59:26 | INFO | epoch=6 step=5175/8897 global_step=49660 loss=0.077035 gld=0.049961 lld=0.037754 ggd=0.026696 lr=1.000000e-05
2026-05-25 13:59:34 | INFO | epoch=6 step=5195/8897 global_step=49680 loss=0.075343 gld=0.047975 lld=0.041568 ggd=0.026952 lr=1.000000e-05
2026-05-25 13:59:41 | INFO | epoch=6 step=5215/8897 global_step=49700 loss=0.115722 gld=0.074976 lld=0.045603 ggd=0.040290 lr=1.000000e-05
2026-05-25 13:59:48 | INFO | epoch=6 step=5235/8897 global_step=49720 loss=0.144195 gld=0.100531 lld=0.043260 ggd=0.043231 lr=1.000000e-05
2026-05-25 13:59:56 | INFO | epoch=6 step=5255/8897 global_step=49740 loss=0.106538 gld=0.068214 lld=0.038010 ggd=0.037944 lr=1.000000e-05
2026-05-25 14:00:03 | INFO | epoch=6 step=5275/8897 global_step=49760 loss=0.077712 gld=0.050533 lld=0.041864 ggd=0.026760 lr=1.000000e-05
2026-05-25 14:00:11 | INFO | epoch=6 step=5295/8897 global_step=49780 loss=0.068873 gld=0.044024 lld=0.040960 ggd=0.024439 lr=1.000000e-05
2026-05-25 14:00:19 | INFO | epoch=6 step=5315/8897 global_step=49800 loss=0.085623 gld=0.056667 lld=0.044096 ggd=0.028514 lr=1.000000e-05
2026-05-25 14:00:26 | INFO | epoch=6 step=5335/8897 global_step=49820 loss=0.084193 gld=0.054568 lld=0.042751 ggd=0.029198 lr=1.000000e-05
2026-05-25 14:00:33 | INFO | epoch=6 step=5355/8897 global_step=49840 loss=0.097636 gld=0.065127 lld=0.040854 ggd=0.032101 lr=1.000000e-05
2026-05-25 14:00:41 | INFO | epoch=6 step=5375/8897 global_step=49860 loss=0.079244 gld=0.052348 lld=0.041692 ggd=0.026478 lr=1.000000e-05
2026-05-25 14:00:49 | INFO | epoch=6 step=5395/8897 global_step=49880 loss=0.103232 gld=0.064681 lld=0.041537 ggd=0.038136 lr=1.000000e-05
2026-05-25 14:00:56 | INFO | epoch=6 step=5415/8897 global_step=49900 loss=0.083630 gld=0.055047 lld=0.045133 ggd=0.028132 lr=1.000000e-05
2026-05-25 14:01:04 | INFO | epoch=6 step=5435/8897 global_step=49920 loss=0.090223 gld=0.060652 lld=0.041932 ggd=0.029152 lr=1.000000e-05
2026-05-25 14:01:12 | INFO | epoch=6 step=5455/8897 global_step=49940 loss=0.087101 gld=0.061069 lld=0.043044 ggd=0.025602 lr=1.000000e-05
2026-05-25 14:01:19 | INFO | epoch=6 step=5475/8897 global_step=49960 loss=0.113691 gld=0.073168 lld=0.044254 ggd=0.040081 lr=1.000000e-05
2026-05-25 14:01:26 | INFO | epoch=6 step=5495/8897 global_step=49980 loss=0.110208 gld=0.072575 lld=0.040757 ggd=0.037225 lr=1.000000e-05
2026-05-25 14:01:34 | INFO | epoch=6 step=5515/8897 global_step=50000 loss=0.104125 gld=0.071454 lld=0.046406 ggd=0.032207 lr=1.000000e-05
2026-05-25 14:01:42 | INFO | epoch=6 step=5535/8897 global_step=50020 loss=0.095106 gld=0.065600 lld=0.038576 ggd=0.029121 lr=1.000000e-05
2026-05-25 14:01:49 | INFO | epoch=6 step=5555/8897 global_step=50040 loss=0.085432 gld=0.058275 lld=0.042591 ggd=0.026731 lr=1.000000e-05
2026-05-25 14:01:57 | INFO | epoch=6 step=5575/8897 global_step=50060 loss=0.090581 gld=0.060625 lld=0.045601 ggd=0.029500 lr=1.000000e-05
2026-05-25 14:02:04 | INFO | epoch=6 step=5595/8897 global_step=50080 loss=0.091261 gld=0.059229 lld=0.041038 ggd=0.031622 lr=1.000000e-05
2026-05-25 14:02:11 | INFO | epoch=6 step=5615/8897 global_step=50100 loss=0.100634 gld=0.065720 lld=0.044726 ggd=0.034467 lr=1.000000e-05
2026-05-25 14:02:19 | INFO | epoch=6 step=5635/8897 global_step=50120 loss=0.079281 gld=0.051073 lld=0.042042 ggd=0.027787 lr=1.000000e-05
2026-05-25 14:02:27 | INFO | epoch=6 step=5655/8897 global_step=50140 loss=0.078368 gld=0.051219 lld=0.040365 ggd=0.026746 lr=1.000000e-05
2026-05-25 14:02:34 | INFO | epoch=6 step=5675/8897 global_step=50160 loss=0.067018 gld=0.046455 lld=0.039815 ggd=0.020165 lr=1.000000e-05
2026-05-25 14:02:42 | INFO | epoch=6 step=5695/8897 global_step=50180 loss=0.075036 gld=0.050586 lld=0.044347 ggd=0.024007 lr=1.000000e-05
2026-05-25 14:02:49 | INFO | epoch=6 step=5715/8897 global_step=50200 loss=0.081236 gld=0.053537 lld=0.044385 ggd=0.027255 lr=1.000000e-05
2026-05-25 14:02:57 | INFO | epoch=6 step=5735/8897 global_step=50220 loss=0.089417 gld=0.056864 lld=0.045501 ggd=0.032098 lr=1.000000e-05
2026-05-25 14:03:04 | INFO | epoch=6 step=5755/8897 global_step=50240 loss=0.084755 gld=0.053260 lld=0.046834 ggd=0.031026 lr=1.000000e-05
2026-05-25 14:03:12 | INFO | epoch=6 step=5775/8897 global_step=50260 loss=0.075452 gld=0.051501 lld=0.044215 ggd=0.023508 lr=1.000000e-05
2026-05-25 14:03:20 | INFO | epoch=6 step=5795/8897 global_step=50280 loss=0.098796 gld=0.073373 lld=0.048378 ggd=0.024939 lr=1.000000e-05
2026-05-25 14:03:27 | INFO | epoch=6 step=5815/8897 global_step=50300 loss=0.091928 gld=0.059974 lld=0.043654 ggd=0.031517 lr=1.000000e-05
2026-05-25 14:03:35 | INFO | epoch=6 step=5835/8897 global_step=50320 loss=0.102395 gld=0.063777 lld=0.042247 ggd=0.038196 lr=1.000000e-05
2026-05-25 14:03:42 | INFO | epoch=6 step=5855/8897 global_step=50340 loss=0.095232 gld=0.061140 lld=0.043606 ggd=0.033655 lr=1.000000e-05
2026-05-25 14:03:50 | INFO | epoch=6 step=5875/8897 global_step=50360 loss=0.070449 gld=0.046830 lld=0.043297 ggd=0.023186 lr=1.000000e-05
2026-05-25 14:03:58 | INFO | epoch=6 step=5895/8897 global_step=50380 loss=0.072072 gld=0.045496 lld=0.040478 ggd=0.026172 lr=1.000000e-05
2026-05-25 14:04:05 | INFO | epoch=6 step=5915/8897 global_step=50400 loss=0.071776 gld=0.046574 lld=0.042641 ggd=0.024775 lr=1.000000e-05
2026-05-25 14:04:12 | INFO | epoch=6 step=5935/8897 global_step=50420 loss=0.105681 gld=0.067058 lld=0.043165 ggd=0.038191 lr=1.000000e-05
2026-05-25 14:04:20 | INFO | epoch=6 step=5955/8897 global_step=50440 loss=0.077853 gld=0.051070 lld=0.043457 ggd=0.026349 lr=1.000000e-05
2026-05-25 14:04:27 | INFO | epoch=6 step=5975/8897 global_step=50460 loss=0.097239 gld=0.061317 lld=0.043541 ggd=0.035486 lr=1.000000e-05
2026-05-25 14:04:35 | INFO | epoch=6 step=5995/8897 global_step=50480 loss=0.113358 gld=0.073858 lld=0.041791 ggd=0.039082 lr=1.000000e-05
2026-05-25 14:04:43 | INFO | epoch=6 step=6015/8897 global_step=50500 loss=0.091167 gld=0.064440 lld=0.043026 ggd=0.026297 lr=1.000000e-05
2026-05-25 14:04:50 | INFO | epoch=6 step=6035/8897 global_step=50520 loss=0.092889 gld=0.058669 lld=0.041154 ggd=0.033808 lr=1.000000e-05
2026-05-25 14:04:58 | INFO | epoch=6 step=6055/8897 global_step=50540 loss=0.080553 gld=0.051931 lld=0.043753 ggd=0.028185 lr=1.000000e-05
2026-05-25 14:05:05 | INFO | epoch=6 step=6075/8897 global_step=50560 loss=0.091637 gld=0.057895 lld=0.040786 ggd=0.033335 lr=1.000000e-05
2026-05-25 14:05:13 | INFO | epoch=6 step=6095/8897 global_step=50580 loss=0.106605 gld=0.066257 lld=0.044845 ggd=0.039899 lr=1.000000e-05
2026-05-25 14:05:20 | INFO | epoch=6 step=6115/8897 global_step=50600 loss=0.088690 gld=0.059666 lld=0.039898 ggd=0.028625 lr=1.000000e-05
2026-05-25 14:05:28 | INFO | epoch=6 step=6135/8897 global_step=50620 loss=0.084489 gld=0.055044 lld=0.044770 ggd=0.028997 lr=1.000000e-05
2026-05-25 14:05:35 | INFO | epoch=6 step=6155/8897 global_step=50640 loss=0.076412 gld=0.050540 lld=0.041077 ggd=0.025462 lr=1.000000e-05
2026-05-25 14:05:43 | INFO | epoch=6 step=6175/8897 global_step=50660 loss=0.070841 gld=0.045857 lld=0.043643 ggd=0.024547 lr=1.000000e-05
2026-05-25 14:05:50 | INFO | epoch=6 step=6195/8897 global_step=50680 loss=0.084779 gld=0.061004 lld=0.040644 ggd=0.023368 lr=1.000000e-05
2026-05-25 14:05:58 | INFO | epoch=6 step=6215/8897 global_step=50700 loss=0.082579 gld=0.055034 lld=0.041320 ggd=0.027131 lr=1.000000e-05
2026-05-25 14:06:05 | INFO | epoch=6 step=6235/8897 global_step=50720 loss=0.088602 gld=0.056683 lld=0.041673 ggd=0.031503 lr=1.000000e-05
2026-05-25 14:06:13 | INFO | epoch=6 step=6255/8897 global_step=50740 loss=0.097422 gld=0.062625 lld=0.041887 ggd=0.034378 lr=1.000000e-05
2026-05-25 14:06:20 | INFO | epoch=6 step=6275/8897 global_step=50760 loss=0.078934 gld=0.049919 lld=0.039131 ggd=0.028623 lr=1.000000e-05
2026-05-25 14:06:28 | INFO | epoch=6 step=6295/8897 global_step=50780 loss=0.084133 gld=0.053742 lld=0.041703 ggd=0.029974 lr=1.000000e-05
2026-05-25 14:06:36 | INFO | epoch=6 step=6315/8897 global_step=50800 loss=0.083781 gld=0.053450 lld=0.042076 ggd=0.029911 lr=1.000000e-05
2026-05-25 14:06:43 | INFO | epoch=6 step=6335/8897 global_step=50820 loss=0.074596 gld=0.051999 lld=0.037013 ggd=0.022226 lr=1.000000e-05
2026-05-25 14:06:50 | INFO | epoch=6 step=6355/8897 global_step=50840 loss=0.088578 gld=0.058323 lld=0.038968 ggd=0.029865 lr=1.000000e-05
2026-05-25 14:06:58 | INFO | epoch=6 step=6375/8897 global_step=50860 loss=0.082885 gld=0.053638 lld=0.041016 ggd=0.028837 lr=1.000000e-05
2026-05-25 14:07:05 | INFO | epoch=6 step=6395/8897 global_step=50880 loss=0.102528 gld=0.066036 lld=0.039560 ggd=0.036096 lr=1.000000e-05
2026-05-25 14:07:13 | INFO | epoch=6 step=6415/8897 global_step=50900 loss=0.086800 gld=0.053994 lld=0.044816 ggd=0.032358 lr=1.000000e-05
2026-05-25 14:07:21 | INFO | epoch=6 step=6435/8897 global_step=50920 loss=0.117093 gld=0.073335 lld=0.042927 ggd=0.043328 lr=1.000000e-05
2026-05-25 14:07:28 | INFO | epoch=6 step=6455/8897 global_step=50940 loss=0.106677 gld=0.066019 lld=0.043406 ggd=0.040224 lr=1.000000e-05
2026-05-25 14:07:36 | INFO | epoch=6 step=6475/8897 global_step=50960 loss=0.084076 gld=0.054223 lld=0.044528 ggd=0.029407 lr=1.000000e-05
2026-05-25 14:07:43 | INFO | epoch=6 step=6495/8897 global_step=50980 loss=0.101318 gld=0.062771 lld=0.043115 ggd=0.038116 lr=1.000000e-05
2026-05-25 14:07:51 | INFO | epoch=6 step=6515/8897 global_step=51000 loss=0.143586 gld=0.097145 lld=0.044834 ggd=0.045993 lr=1.000000e-05
2026-05-25 14:07:58 | INFO | epoch=6 step=6535/8897 global_step=51020 loss=0.086150 gld=0.055623 lld=0.046055 ggd=0.030067 lr=1.000000e-05
2026-05-25 14:08:06 | INFO | epoch=6 step=6555/8897 global_step=51040 loss=0.080289 gld=0.053707 lld=0.039839 ggd=0.026183 lr=1.000000e-05
2026-05-25 14:08:14 | INFO | epoch=6 step=6575/8897 global_step=51060 loss=0.115136 gld=0.073492 lld=0.043385 ggd=0.041210 lr=1.000000e-05
2026-05-25 14:08:21 | INFO | epoch=6 step=6595/8897 global_step=51080 loss=0.092952 gld=0.057232 lld=0.045431 ggd=0.035265 lr=1.000000e-05
2026-05-25 14:08:29 | INFO | epoch=6 step=6615/8897 global_step=51100 loss=0.090144 gld=0.058672 lld=0.042647 ggd=0.031045 lr=1.000000e-05
2026-05-25 14:08:36 | INFO | epoch=6 step=6635/8897 global_step=51120 loss=0.086803 gld=0.057045 lld=0.045672 ggd=0.029301 lr=1.000000e-05
2026-05-25 14:08:44 | INFO | epoch=6 step=6655/8897 global_step=51140 loss=0.092159 gld=0.058464 lld=0.038140 ggd=0.033313 lr=1.000000e-05
2026-05-25 14:08:52 | INFO | epoch=6 step=6675/8897 global_step=51160 loss=0.097415 gld=0.061704 lld=0.042775 ggd=0.035283 lr=1.000000e-05
2026-05-25 14:08:59 | INFO | epoch=6 step=6695/8897 global_step=51180 loss=0.095293 gld=0.059229 lld=0.041985 ggd=0.035644 lr=1.000000e-05
2026-05-25 14:09:06 | INFO | epoch=6 step=6715/8897 global_step=51200 loss=0.091906 gld=0.060295 lld=0.039297 ggd=0.031218 lr=1.000000e-05
2026-05-25 14:09:14 | INFO | epoch=6 step=6735/8897 global_step=51220 loss=0.088685 gld=0.055563 lld=0.040323 ggd=0.032719 lr=1.000000e-05
2026-05-25 14:09:21 | INFO | epoch=6 step=6755/8897 global_step=51240 loss=0.104022 gld=0.066357 lld=0.043085 ggd=0.037234 lr=1.000000e-05
2026-05-25 14:09:29 | INFO | epoch=6 step=6775/8897 global_step=51260 loss=0.081387 gld=0.052241 lld=0.040420 ggd=0.028742 lr=1.000000e-05
2026-05-25 14:09:37 | INFO | epoch=6 step=6795/8897 global_step=51280 loss=0.098621 gld=0.063785 lld=0.044562 ggd=0.034391 lr=1.000000e-05
2026-05-25 14:09:44 | INFO | epoch=6 step=6815/8897 global_step=51300 loss=0.093366 gld=0.057849 lld=0.045437 ggd=0.035062 lr=1.000000e-05
2026-05-25 14:09:51 | INFO | epoch=6 step=6835/8897 global_step=51320 loss=0.073420 gld=0.048069 lld=0.043090 ggd=0.024920 lr=1.000000e-05
2026-05-25 14:09:59 | INFO | epoch=6 step=6855/8897 global_step=51340 loss=0.112217 gld=0.073424 lld=0.046164 ggd=0.038331 lr=1.000000e-05
2026-05-25 14:10:07 | INFO | epoch=6 step=6875/8897 global_step=51360 loss=0.087243 gld=0.055918 lld=0.041607 ggd=0.030909 lr=1.000000e-05
2026-05-25 14:10:14 | INFO | epoch=6 step=6895/8897 global_step=51380 loss=0.102269 gld=0.067524 lld=0.044288 ggd=0.034303 lr=1.000000e-05
2026-05-25 14:10:21 | INFO | epoch=6 step=6915/8897 global_step=51400 loss=0.091010 gld=0.064905 lld=0.043917 ggd=0.025666 lr=1.000000e-05
2026-05-25 14:10:29 | INFO | epoch=6 step=6935/8897 global_step=51420 loss=0.078259 gld=0.051364 lld=0.042575 ggd=0.026469 lr=1.000000e-05
2026-05-25 14:10:37 | INFO | epoch=6 step=6955/8897 global_step=51440 loss=0.089864 gld=0.059858 lld=0.045861 ggd=0.029547 lr=1.000000e-05
2026-05-25 14:10:44 | INFO | epoch=6 step=6975/8897 global_step=51460 loss=0.149952 gld=0.091554 lld=0.043442 ggd=0.057964 lr=1.000000e-05
2026-05-25 14:10:52 | INFO | epoch=6 step=6995/8897 global_step=51480 loss=0.100880 gld=0.066580 lld=0.045061 ggd=0.033849 lr=1.000000e-05
2026-05-25 14:10:59 | INFO | epoch=6 step=7015/8897 global_step=51500 loss=0.092095 gld=0.060025 lld=0.039592 ggd=0.031674 lr=1.000000e-05
2026-05-25 14:11:07 | INFO | epoch=6 step=7035/8897 global_step=51520 loss=0.118150 gld=0.076565 lld=0.045461 ggd=0.041131 lr=1.000000e-05
2026-05-25 14:11:14 | INFO | epoch=6 step=7055/8897 global_step=51540 loss=0.078741 gld=0.052840 lld=0.044532 ggd=0.025456 lr=1.000000e-05
2026-05-25 14:11:22 | INFO | epoch=6 step=7075/8897 global_step=51560 loss=0.077278 gld=0.051263 lld=0.042742 ggd=0.025587 lr=1.000000e-05
2026-05-25 14:11:30 | INFO | epoch=6 step=7095/8897 global_step=51580 loss=0.072889 gld=0.048910 lld=0.042889 ggd=0.023550 lr=1.000000e-05
2026-05-25 14:11:37 | INFO | epoch=6 step=7115/8897 global_step=51600 loss=0.066246 gld=0.045240 lld=0.037646 ggd=0.020629 lr=1.000000e-05
2026-05-25 14:11:44 | INFO | epoch=6 step=7135/8897 global_step=51620 loss=0.068766 gld=0.044974 lld=0.042593 ggd=0.023366 lr=1.000000e-05
2026-05-25 14:11:52 | INFO | epoch=6 step=7155/8897 global_step=51640 loss=0.088344 gld=0.056376 lld=0.044186 ggd=0.031526 lr=1.000000e-05
2026-05-25 14:11:59 | INFO | epoch=6 step=7175/8897 global_step=51660 loss=0.070769 gld=0.045280 lld=0.041891 ggd=0.025070 lr=1.000000e-05
2026-05-25 14:12:07 | INFO | epoch=6 step=7195/8897 global_step=51680 loss=0.085589 gld=0.055303 lld=0.043707 ggd=0.029849 lr=1.000000e-05
2026-05-25 14:12:15 | INFO | epoch=6 step=7215/8897 global_step=51700 loss=0.093318 gld=0.060015 lld=0.043904 ggd=0.032864 lr=1.000000e-05
2026-05-25 14:12:22 | INFO | epoch=6 step=7235/8897 global_step=51720 loss=0.077642 gld=0.050523 lld=0.042123 ggd=0.026698 lr=1.000000e-05
2026-05-25 14:12:30 | INFO | epoch=6 step=7255/8897 global_step=51740 loss=0.091523 gld=0.058590 lld=0.043181 ggd=0.032501 lr=1.000000e-05
2026-05-25 14:12:37 | INFO | epoch=6 step=7275/8897 global_step=51760 loss=0.098312 gld=0.063576 lld=0.044058 ggd=0.034295 lr=1.000000e-05
2026-05-25 14:12:45 | INFO | epoch=6 step=7295/8897 global_step=51780 loss=0.097035 gld=0.062166 lld=0.046646 ggd=0.034403 lr=1.000000e-05
2026-05-25 14:12:52 | INFO | epoch=6 step=7315/8897 global_step=51800 loss=0.117351 gld=0.076359 lld=0.042443 ggd=0.040567 lr=1.000000e-05
2026-05-25 14:13:00 | INFO | epoch=6 step=7335/8897 global_step=51820 loss=0.130082 gld=0.086532 lld=0.045795 ggd=0.043092 lr=1.000000e-05
2026-05-25 14:13:08 | INFO | epoch=6 step=7355/8897 global_step=51840 loss=0.080199 gld=0.052345 lld=0.042904 ggd=0.027426 lr=1.000000e-05
2026-05-25 14:13:15 | INFO | epoch=6 step=7375/8897 global_step=51860 loss=0.094115 gld=0.061321 lld=0.040485 ggd=0.032389 lr=1.000000e-05
2026-05-25 14:13:23 | INFO | epoch=6 step=7395/8897 global_step=51880 loss=0.069565 gld=0.047212 lld=0.039209 ggd=0.021961 lr=1.000000e-05
2026-05-25 14:13:30 | INFO | epoch=6 step=7415/8897 global_step=51900 loss=0.101172 gld=0.065854 lld=0.044240 ggd=0.034875 lr=1.000000e-05
2026-05-25 14:13:38 | INFO | epoch=6 step=7435/8897 global_step=51920 loss=0.081649 gld=0.053404 lld=0.040456 ggd=0.027840 lr=1.000000e-05
2026-05-25 14:13:45 | INFO | epoch=6 step=7455/8897 global_step=51940 loss=0.067682 gld=0.043826 lld=0.044318 ggd=0.023412 lr=1.000000e-05
2026-05-25 14:13:53 | INFO | epoch=6 step=7475/8897 global_step=51960 loss=0.073978 gld=0.046161 lld=0.039202 ggd=0.027426 lr=1.000000e-05
2026-05-25 14:14:00 | INFO | epoch=6 step=7495/8897 global_step=51980 loss=0.098960 gld=0.063346 lld=0.044991 ggd=0.035163 lr=1.000000e-05
2026-05-25 14:14:08 | INFO | epoch=6 step=7515/8897 global_step=52000 loss=0.078526 gld=0.050069 lld=0.040256 ggd=0.028054 lr=1.000000e-05
2026-05-25 14:14:15 | INFO | epoch=6 step=7535/8897 global_step=52020 loss=0.108706 gld=0.071608 lld=0.042784 ggd=0.036670 lr=1.000000e-05
2026-05-25 14:14:23 | INFO | epoch=6 step=7555/8897 global_step=52040 loss=0.090060 gld=0.058233 lld=0.043828 ggd=0.031389 lr=1.000000e-05
2026-05-25 14:14:31 | INFO | epoch=6 step=7575/8897 global_step=52060 loss=0.097923 gld=0.065199 lld=0.046672 ggd=0.032257 lr=1.000000e-05
2026-05-25 14:14:38 | INFO | epoch=6 step=7595/8897 global_step=52080 loss=0.115175 gld=0.072811 lld=0.048013 ggd=0.041884 lr=1.000000e-05
2026-05-25 14:14:45 | INFO | epoch=6 step=7615/8897 global_step=52100 loss=0.081592 gld=0.051804 lld=0.045803 ggd=0.029329 lr=1.000000e-05
2026-05-25 14:14:53 | INFO | epoch=6 step=7635/8897 global_step=52120 loss=0.096986 gld=0.065905 lld=0.041442 ggd=0.030667 lr=1.000000e-05
2026-05-25 14:15:01 | INFO | epoch=6 step=7655/8897 global_step=52140 loss=0.072586 gld=0.048981 lld=0.040527 ggd=0.023200 lr=1.000000e-05
2026-05-25 14:15:08 | INFO | epoch=6 step=7675/8897 global_step=52160 loss=0.094122 gld=0.063343 lld=0.044101 ggd=0.030338 lr=1.000000e-05
2026-05-25 14:15:16 | INFO | epoch=6 step=7695/8897 global_step=52180 loss=0.089708 gld=0.060547 lld=0.041566 ggd=0.028746 lr=1.000000e-05
2026-05-25 14:15:23 | INFO | epoch=6 step=7715/8897 global_step=52200 loss=0.087519 gld=0.058586 lld=0.043048 ggd=0.028503 lr=1.000000e-05
2026-05-25 14:15:31 | INFO | epoch=6 step=7735/8897 global_step=52220 loss=0.083826 gld=0.052340 lld=0.042670 ggd=0.031060 lr=1.000000e-05
2026-05-25 14:15:38 | INFO | epoch=6 step=7755/8897 global_step=52240 loss=0.083036 gld=0.054999 lld=0.042145 ggd=0.027616 lr=1.000000e-05
2026-05-25 14:15:46 | INFO | epoch=6 step=7775/8897 global_step=52260 loss=0.105994 gld=0.070155 lld=0.043196 ggd=0.035407 lr=1.000000e-05
2026-05-25 14:15:53 | INFO | epoch=6 step=7795/8897 global_step=52280 loss=0.107150 gld=0.069683 lld=0.047407 ggd=0.036992 lr=1.000000e-05
2026-05-25 14:16:01 | INFO | epoch=6 step=7815/8897 global_step=52300 loss=0.088056 gld=0.057175 lld=0.046989 ggd=0.030410 lr=1.000000e-05
2026-05-25 14:16:08 | INFO | epoch=6 step=7835/8897 global_step=52320 loss=0.090868 gld=0.059758 lld=0.041026 ggd=0.030700 lr=1.000000e-05
2026-05-25 14:16:16 | INFO | epoch=6 step=7855/8897 global_step=52340 loss=0.107191 gld=0.070509 lld=0.044191 ggd=0.036241 lr=1.000000e-05
2026-05-25 14:16:23 | INFO | epoch=6 step=7875/8897 global_step=52360 loss=0.078039 gld=0.049786 lld=0.043713 ggd=0.027816 lr=1.000000e-05
2026-05-25 14:16:31 | INFO | epoch=6 step=7895/8897 global_step=52380 loss=0.075709 gld=0.048778 lld=0.041957 ggd=0.026511 lr=1.000000e-05
2026-05-25 14:16:39 | INFO | epoch=6 step=7915/8897 global_step=52400 loss=0.089100 gld=0.061438 lld=0.041347 ggd=0.027248 lr=1.000000e-05
2026-05-25 14:16:46 | INFO | epoch=6 step=7935/8897 global_step=52420 loss=0.082924 gld=0.057017 lld=0.044699 ggd=0.025460 lr=1.000000e-05
2026-05-25 14:16:53 | INFO | epoch=6 step=7955/8897 global_step=52440 loss=0.081059 gld=0.053205 lld=0.043244 ggd=0.027422 lr=1.000000e-05
2026-05-25 14:17:01 | INFO | epoch=6 step=7975/8897 global_step=52460 loss=0.088750 gld=0.058074 lld=0.047392 ggd=0.030202 lr=1.000000e-05
2026-05-25 14:17:09 | INFO | epoch=6 step=7995/8897 global_step=52480 loss=0.102550 gld=0.069050 lld=0.045798 ggd=0.033042 lr=1.000000e-05
2026-05-25 14:17:16 | INFO | epoch=6 step=8015/8897 global_step=52500 loss=0.102958 gld=0.065938 lld=0.040723 ggd=0.036613 lr=1.000000e-05
2026-05-25 14:17:24 | INFO | epoch=6 step=8035/8897 global_step=52520 loss=0.090546 gld=0.059000 lld=0.040802 ggd=0.031137 lr=1.000000e-05
2026-05-25 14:17:31 | INFO | epoch=6 step=8055/8897 global_step=52540 loss=0.087326 gld=0.056501 lld=0.043659 ggd=0.030389 lr=1.000000e-05
2026-05-25 14:17:39 | INFO | epoch=6 step=8075/8897 global_step=52560 loss=0.087515 gld=0.053797 lld=0.044035 ggd=0.033278 lr=1.000000e-05
2026-05-25 14:17:46 | INFO | epoch=6 step=8095/8897 global_step=52580 loss=0.108699 gld=0.073299 lld=0.047333 ggd=0.034927 lr=1.000000e-05
2026-05-25 14:17:54 | INFO | epoch=6 step=8115/8897 global_step=52600 loss=0.083670 gld=0.057041 lld=0.044536 ggd=0.026184 lr=1.000000e-05
2026-05-25 14:18:02 | INFO | epoch=6 step=8135/8897 global_step=52620 loss=0.095973 gld=0.062958 lld=0.045031 ggd=0.032565 lr=1.000000e-05
2026-05-25 14:18:09 | INFO | epoch=6 step=8155/8897 global_step=52640 loss=0.071205 gld=0.044764 lld=0.041873 ggd=0.026023 lr=1.000000e-05
2026-05-25 14:18:16 | INFO | epoch=6 step=8175/8897 global_step=52660 loss=0.078990 gld=0.053334 lld=0.043572 ggd=0.025220 lr=1.000000e-05
2026-05-25 14:18:24 | INFO | epoch=6 step=8195/8897 global_step=52680 loss=0.092949 gld=0.058498 lld=0.047246 ggd=0.033979 lr=1.000000e-05
2026-05-25 14:18:32 | INFO | epoch=6 step=8215/8897 global_step=52700 loss=0.085490 gld=0.056467 lld=0.044191 ggd=0.028582 lr=1.000000e-05
2026-05-25 14:18:39 | INFO | epoch=6 step=8235/8897 global_step=52720 loss=0.090060 gld=0.061683 lld=0.044619 ggd=0.027931 lr=1.000000e-05
2026-05-25 14:18:47 | INFO | epoch=6 step=8255/8897 global_step=52740 loss=0.077515 gld=0.049622 lld=0.042750 ggd=0.027465 lr=1.000000e-05
2026-05-25 14:18:55 | INFO | epoch=6 step=8275/8897 global_step=52760 loss=0.086466 gld=0.057218 lld=0.044789 ggd=0.028801 lr=1.000000e-05
2026-05-25 14:19:02 | INFO | epoch=6 step=8295/8897 global_step=52780 loss=0.086755 gld=0.057525 lld=0.042896 ggd=0.028801 lr=1.000000e-05
2026-05-25 14:19:09 | INFO | epoch=6 step=8315/8897 global_step=52800 loss=0.099888 gld=0.066246 lld=0.046619 ggd=0.033176 lr=1.000000e-05
2026-05-25 14:19:17 | INFO | epoch=6 step=8335/8897 global_step=52820 loss=0.089678 gld=0.057011 lld=0.046948 ggd=0.032197 lr=1.000000e-05
2026-05-25 14:19:25 | INFO | epoch=6 step=8355/8897 global_step=52840 loss=0.091631 gld=0.060959 lld=0.044705 ggd=0.030225 lr=1.000000e-05
2026-05-25 14:19:32 | INFO | epoch=6 step=8375/8897 global_step=52860 loss=0.094067 gld=0.064718 lld=0.043299 ggd=0.028916 lr=1.000000e-05
2026-05-25 14:19:40 | INFO | epoch=6 step=8395/8897 global_step=52880 loss=0.067732 gld=0.042577 lld=0.039492 ggd=0.024760 lr=1.000000e-05
2026-05-25 14:19:47 | INFO | epoch=6 step=8415/8897 global_step=52900 loss=0.103120 gld=0.069437 lld=0.044867 ggd=0.033234 lr=1.000000e-05
2026-05-25 14:19:55 | INFO | epoch=6 step=8435/8897 global_step=52920 loss=0.075060 gld=0.049088 lld=0.043541 ggd=0.025536 lr=1.000000e-05
2026-05-25 14:20:03 | INFO | epoch=6 step=8455/8897 global_step=52940 loss=0.077732 gld=0.050315 lld=0.039430 ggd=0.027023 lr=1.000000e-05
2026-05-25 14:20:10 | INFO | epoch=6 step=8475/8897 global_step=52960 loss=0.089845 gld=0.058077 lld=0.042280 ggd=0.031345 lr=1.000000e-05
2026-05-25 14:20:18 | INFO | epoch=6 step=8495/8897 global_step=52980 loss=0.103174 gld=0.067593 lld=0.043947 ggd=0.035142 lr=1.000000e-05
2026-05-25 14:20:25 | INFO | epoch=6 step=8515/8897 global_step=53000 loss=0.071496 gld=0.045805 lld=0.042663 ggd=0.025265 lr=1.000000e-05
2026-05-25 14:20:33 | INFO | epoch=6 step=8535/8897 global_step=53020 loss=0.105772 gld=0.069581 lld=0.044920 ggd=0.035741 lr=1.000000e-05
2026-05-25 14:20:41 | INFO | epoch=6 step=8555/8897 global_step=53040 loss=0.085668 gld=0.056419 lld=0.044424 ggd=0.028805 lr=1.000000e-05
2026-05-25 14:20:48 | INFO | epoch=6 step=8575/8897 global_step=53060 loss=0.103460 gld=0.068044 lld=0.044797 ggd=0.034968 lr=1.000000e-05
2026-05-25 14:20:55 | INFO | epoch=6 step=8595/8897 global_step=53080 loss=0.071462 gld=0.045885 lld=0.042418 ggd=0.025153 lr=1.000000e-05
2026-05-25 14:21:03 | INFO | epoch=6 step=8615/8897 global_step=53100 loss=0.081793 gld=0.053796 lld=0.045802 ggd=0.027540 lr=1.000000e-05
2026-05-25 14:21:11 | INFO | epoch=6 step=8635/8897 global_step=53120 loss=0.088495 gld=0.057074 lld=0.044696 ggd=0.030974 lr=1.000000e-05
2026-05-25 14:21:18 | INFO | epoch=6 step=8655/8897 global_step=53140 loss=0.096007 gld=0.065251 lld=0.044368 ggd=0.030311 lr=1.000000e-05
2026-05-25 14:21:26 | INFO | epoch=6 step=8675/8897 global_step=53160 loss=0.081537 gld=0.053577 lld=0.044652 ggd=0.027513 lr=1.000000e-05
2026-05-25 14:21:33 | INFO | epoch=6 step=8695/8897 global_step=53180 loss=0.106543 gld=0.073700 lld=0.045830 ggd=0.032384 lr=1.000000e-05
2026-05-25 14:21:41 | INFO | epoch=6 step=8715/8897 global_step=53200 loss=0.103988 gld=0.067309 lld=0.044748 ggd=0.036232 lr=1.000000e-05
2026-05-25 14:21:48 | INFO | epoch=6 step=8735/8897 global_step=53220 loss=0.084587 gld=0.054203 lld=0.046974 ggd=0.029915 lr=1.000000e-05
2026-05-25 14:21:56 | INFO | epoch=6 step=8755/8897 global_step=53240 loss=0.075239 gld=0.049730 lld=0.044002 ggd=0.025070 lr=1.000000e-05
2026-05-25 14:22:04 | INFO | epoch=6 step=8775/8897 global_step=53260 loss=0.094715 gld=0.058659 lld=0.041633 ggd=0.035640 lr=1.000000e-05
2026-05-25 14:22:11 | INFO | epoch=6 step=8795/8897 global_step=53280 loss=0.075258 gld=0.049346 lld=0.044953 ggd=0.025463 lr=1.000000e-05
2026-05-25 14:22:18 | INFO | epoch=6 step=8815/8897 global_step=53300 loss=0.085251 gld=0.054696 lld=0.044270 ggd=0.030112 lr=1.000000e-05
2026-05-25 14:22:26 | INFO | epoch=6 step=8835/8897 global_step=53320 loss=0.070345 gld=0.044566 lld=0.043378 ggd=0.025345 lr=1.000000e-05
2026-05-25 14:22:34 | INFO | epoch=6 step=8855/8897 global_step=53340 loss=0.079378 gld=0.051673 lld=0.043789 ggd=0.027267 lr=1.000000e-05
2026-05-25 14:22:41 | INFO | epoch=6 step=8875/8897 global_step=53360 loss=0.086232 gld=0.057818 lld=0.043985 ggd=0.027975 lr=1.000000e-05
2026-05-25 14:22:49 | INFO | epoch=6 step=8895/8897 global_step=53380 loss=0.108755 gld=0.074991 lld=0.046480 ggd=0.033299 lr=1.000000e-05
2026-05-25 14:22:50 | INFO | [Epoch 6] avg_loss=0.090678 avg_gld=0.059423 avg_lld=0.041981 avg_ggd=0.030836
2026-05-25 14:22:51 | INFO | Saved checkpoint: outputs/pretrain/atas_epoch_6.pt
2026-05-25 14:22:59 | INFO | Finished. Final checkpoint: outputs/pretrain/atas_epoch_6.pt
